modelo;id_work_center;tiempo;piezas
103S;11;0.0057;1
103S;2;0.0624;4
103S;3;0.1018;4
103S;1;0.0173;1
103S;4;0.0222;1
103S;5;0.0305;1
103S;6;0.041;4
103S;10;0.0587;1
105;11;0.0138;12
105;3;0.0558;3
105;1;0.0973;7
105;4;0.0363;7
105;6;0.0139;3
105;8;0.0842;1
106;11;0.0138;12
106;3;0.0582;3
106;1;0.0973;7
106;4;0.0363;7
106;6;0.0139;3
106;8;0.0842;1
111;2;0.06;1
111;3;0.064;3
111;1;0.029;1
111;4;0.022;1
111;5;0.095;1
111;6;0.02;3
111;10;0.019;1
112;12;0.036;1
112;6;0.02;1
114;11;0.093;4
114;3;0.064;3
114;1;0.058;1
114;4;0.048;1
114;5;0.098;1
114;6;0.2;3
114;10;0.027;1
114;14;0.043;2
116;3;0.123;2
116;1;0.15;17
116;4;0.17;17
116;6;0.01;2
116;14;0.043;4
116;9;0.1464;1
118;11;0.093;4
118;3;0.053;3
118;1;0.046;1
118;4;0.043;1
118;5;0.045;1
118;6;0.02;3
118;10;0.027;1
118;14;0.043;2
120S;11;0.0158;2
120S;2;0.0568;6
120S;3;0.0928;4
120S;1;0.041;2
120S;4;0.0318;2
120S;5;0.0305;2
120S;6;0.041;7
120S;10;0.0528;1
122;7;0.012;2
122;12;0.036;1
122;6;0.02;1
123S;11;0.0097;1
123S;2;0.0568;4
123S;3;0.0928;4
123S;1;0.0173;1
123S;4;0.0222;1
123S;5;0.0305;1
123S;6;0.041;4
123S;10;0.0587;1
129;11;0.04;4
129;1;0.0452;5
129;4;0.0665;5
129;5;0.0305;5
129;10;0.0528;1
129;14;0.043;2
135;1;0.198;12
135;4;0.1722;12
135;6;0.0115;8
135;14;0.0193;4
135;9;0.441;1
141;11;0.0097;1
141;3;0.0928;4
141;1;0.0173;1
141;4;0.0222;1
141;5;0.0305;1
141;6;0.041;4
141;10;0.0587;1
145;11;0.016;1
145;3;0.02;1
145;1;0.071;5
145;4;0.092;5
145;5;0.173;5
145;6;0.01;2
145;10;0.026;1
145;14;0.043;4
149S;11;0.0158;2
149S;2;0.0568;4
149S;3;0.0928;5
149S;1;0.047;3
149S;4;0.0318;3
149S;5;0.0305;3
149S;6;0.041;5
149S;10;0.0528;1
150;1;0.029;1
150;4;0.022;1
150;10;0.019;1
150;14;0.043;2
151;1;0.059;2
151;4;0.032;2
151;10;0.019;1
151;14;0.043;2
153;11;0.011;1
153;2;0.06;2
153;3;0.0928;4
153;1;0.029;1
153;4;0.022;1
153;5;0.095;1
153;6;0.0096;4
153;10;0.069;1
165;11;0.04;1
165;3;0.086;4
165;1;0.031;5
165;4;0.113;5
165;5;0.133;5
165;6;0.02;5
165;10;0.057;1
165;14;0.043;2
168;2;0.08;3
168;3;0.134;6
168;1;0.055;5
168;4;0.066;5
168;6;0.0288;6
168;14;0.043;2
168;9;0.142;1
175;11;0.032;2
175;1;0.132;6
175;4;0.127;6
175;6;0.01;2
175;14;0.043;2
175;9;0.464;1
183;11;0.0008;4
183;1;0.086;4
183;4;0.031;4
183;5;0.173;3
183;6;0.019;3
183;10;0.057;1
183;14;0.043;2
184;11;0.0008;4
184;1;0.066;4
184;4;0.031;4
184;5;0.053;3
184;6;0.019;3
184;10;0.057;1
184;14;0.043;2
185;11;0.02;5
185;3;0.01;3
185;1;0.036;1
185;4;0.04;1
185;6;0.048;3
185;14;0.043;2
185;9;0.038;1
187;11;0.02;2
187;3;0.01;2
187;1;0.036;2
187;4;0.04;2
187;6;0.048;2
187;14;0.043;2
187;9;0.038;1
199;11;0;4
199;3;0.005;2
199;1;0.018;1
199;4;0.017;1
199;5;0.101;1
199;6;0.0048;2
199;10;0.019;1
199;14;0.043;2
210S;11;0.02;2
210S;3;0.0928;5
210S;1;0.029;3
210S;4;0.032;3
210S;5;0.165;3
210S;6;0.02;5
210S;10;0.109;1
210S;14;0.043;2
217;11;0.011;4
217;3;0.062;4
217;1;0.029;1
217;4;0.022;1
217;5;0.19;1
217;6;0.0096;4
217;10;0.069;1
221;11;0.018;1
221;3;0.119;1
221;1;0.117;6
221;4;0.173;6
221;6;0.01;2
221;14;0.043;2
221;9;0.026;1
223;11;0.018;1
223;3;0.02;1
223;1;0.119;6
223;4;0.117;6
223;6;0.01;2
223;14;0.043;2
223;9;0.26;1
229;1;0.211;9
229;4;0.2714;9
229;14;0.043;2
229;9;0.63;1
233;1;0.0862;4
233;4;0.0602;4
233;5;0.053;4
233;6;0.041;12
233;10;0.0577;1
233;14;0.022;2
234;11;0.04;4
234;1;0.086;4
234;4;0.031;4
234;5;0.173;4
234;10;0.057;1
234;14;0.043;2
235;1;0.0448;7
235;4;0.168;7
235;14;0.043;2
235;9;0.037;1
237;11;0.0057;2
237;1;0.0285;1
237;4;0.0157;1
237;5;0.0255;1
237;10;0.0587;1
237;14;0.022;2
239;11;0.042;1
239;2;0.06;1
239;3;0.064;3
239;1;0.029;1
239;4;0.022;1
239;5;0.095;1
239;6;0.02;3
239;10;0.019;1
239;14;0.043;2
272;2;0.03;2
272;3;0.0084;2
272;6;0.005;2
273;11;0.0084;1
273;6;0.005;2
279;11;0.0084;1
279;2;0.03;1
279;6;0.005;2
285;11;0.01;3
285;3;0.005;2
285;1;0.018;1
285;4;0.017;1
285;6;0.0048;3
285;14;0.043;2
285;9;0.019;1
297;3;0.02;1
297;6;0.005;2
298;3;0.03;1
298;6;0.005;2
303;11;0.0205;14
303;3;0.05;4
303;1;0.1045;8
303;4;0.0483;8
303;6;0.0139;5
303;8;0.1234;1
304;11;0.0277;12
304;3;0.085;8
304;1;0.135;9
304;4;0.0678;9
304;6;0.0444;8
304;8;0.2013;1
305;11;0.0205;15
305;3;0.05;4
305;1;0.1103;9
305;4;0.0558;9
305;6;0.0194;5
305;8;0.1234;1
310;11;0.0138;17
310;3;0.0428;3
310;1;0.0376;3
310;4;0.0208;3
310;6;0.0222;4
310;8;0.1612;1
324;11;0.0084;1
324;2;0.05;1
324;6;0.005;2
327;11;0.0047;1
327;2;0.05;1
327;6;0.005;1
329;11;0.0047;1
329;2;0.05;1
329;6;0.005;2
379;12;0.105;1
379;6;0.04;1
399;11;0.0047;1
399;2;0.05;1
399;6;0.005;1
497;3;0.03;1
497;6;0.005;2
516;11;0.02;1
516;12;0.0205;1
516;6;0.014;1
517;2;0.14;8
517;3;0.28;4
517;1;0.03;1
517;4;0.007;1
517;5;0.051;1
517;6;0.02;4
517;10;0.03;1
517;14;0.043;2
518;2;0.19;8
518;3;0.333;4
518;1;0.03;1
518;4;0.007;1
518;5;0.051;1
518;6;0.02;4
518;10;0.03;1
518;14;0.043;2
526;11;0.039;1
526;1;0.036;1
526;4;0.029;1
526;5;0.073;1
526;10;0.057;1
526;14;0.043;2
527;11;0.039;1
527;1;0.056;1
527;4;0.029;1
527;5;0.073;1
527;10;0.057;1
527;14;0.043;2
528;11;0.039;1
528;1;0.036;1
528;4;0.029;1
528;5;0.073;1
528;10;0.057;1
528;14;0.043;2
543;2;0.3;10
543;3;0.384;2
543;1;0.06;1
543;4;0.007;1
543;5;0.051;1
543;6;0.0096;10
543;10;0.06;1
543;14;0.043;2
544;3;0.192;1
544;1;0.03;1
544;4;0.007;1
544;5;0.051;1
544;6;0.0096;1
544;10;0.03;1
546;2;0.15;5
546;3;0.192;1
546;1;0.03;1
546;4;0.007;1
546;5;0.051;1
546;6;0.0096;5
546;10;0.03;1
546;14;0.043;2
547;3;0.192;1
547;1;0.03;1
547;4;0.007;1
547;5;0.051;1
547;6;0.0096;1
547;10;0.03;1
547;14;0.043;2
550;11;0.006;2
550;2;0.04;5
550;3;0.026;4
550;1;0.136;5
550;4;0.085;4
550;6;0.041;6
550;14;0.0193;2
550;9;0.2522;1
556;11;0.006;2
556;2;0.04;5
556;3;0.026;4
556;1;0.136;5
556;4;0.085;4
556;6;0.041;6
556;14;0.0193;2
556;9;0.2522;1
600;2;0.0275;2
600;3;0.1041;3
600;1;0.0198;2
600;4;0.0463;2
600;5;0.0268;2
600;6;0.041;3
600;10;0.0225;1
600;14;0.022;2
601;2;0.0915;2
601;3;0.1041;3
601;1;0.0425;2
601;4;0.0458;2
601;5;0.095;2
601;6;0.0571;3
601;10;0.0208;1
601;14;0.043;2
602;2;0.0413;3
602;3;0.1561;6
602;1;0.0425;3
602;4;0.0497;3
602;5;0.0305;3
602;6;0.0734;6
602;10;0.1153;1
602;14;0.043;2
604;11;0.04;12
604;3;0.035;1
604;1;0.069;7
604;4;0.081;7
604;6;0.014;1
604;9;0.1944;1
606;1;0.069;6
606;4;0.081;6
606;14;0.043;2
606;9;0.183;1
608;2;0.0968;2
608;3;0.06;3
608;1;0.1282;8
608;4;0.1479;8
608;6;0.0033;3
608;14;0.022;2
608;9;0.4073;1
610;11;0.02;12
610;3;0.14;3
610;1;0.057;7
610;4;0.061;7
610;6;0.014;3
610;8;0.077;1
615;10;0.116;1
617;10;0.01;1
617;14;0.083;2
618;6;0.02;2
618;10;0.019;1
618;14;0.043;2
623;2;0.11;5
623;3;0.06;7
623;1;0.14;2
623;4;0.095;2
623;5;0.092;2
623;6;0.014;5
623;10;0.069;1
623;14;0.043;2
625;2;0.2;4
625;3;0.261;7
625;1;0.282;4
625;4;0.078;4
625;5;0.568;4
625;6;0.02;7
625;10;0.103;1
625;14;0.043;2
626;2;0.2;4
626;3;0.16;7
626;1;0.298;4
626;4;0.092;4
626;5;0.568;4
626;6;0.02;7
626;10;0.103;1
626;14;0.043;2
627;2;0.2;2
627;3;0.174;3
627;1;0.046;2
627;4;0.043;2
627;5;0.031;2
627;6;0.02;3
627;10;0.102;1
627;14;0.043;2
630;2;0.0277;2
630;3;0.174;6
630;1;0.066;3
630;4;0.0837;3
630;5;0.0305;3
630;6;0.049;10
630;10;0.0225;1
630;14;0.026;2
631;2;0.06;2
631;3;0.136;5
631;1;0.037;1
631;4;0.027;1
631;5;0.051;1
631;6;0.0192;7
631;10;0.069;1
631;14;0.043;2
637;6;0.02;2
637;10;0.019;1
637;14;0.043;2
638;10;0.008;1
642;11;0.01;25
642;3;0.078;4
642;1;0.069;8
642;4;0.081;8
642;6;0.014;3
642;8;0.183;1
643;11;0.0138;12
643;3;0.0428;3
643;1;0.0945;7
643;4;0.031;6
643;7;0.0833;1
643;6;0.014;3
643;8;0.0842;1
644;2;0.06;1
644;3;0.064;3
644;1;0.029;1
644;4;0.022;1
644;5;0.025;1
644;6;0.002;3
644;10;0.019;1
644;14;0.0043;2
645;2;0.06;1
645;3;0.064;3
645;1;0.029;1
645;4;0.022;1
645;5;0.095;1
645;6;0.02;3
645;10;0.019;1
645;14;0.043;2
650;1;0.158;10
650;4;0.172;10
650;14;0.043;2
650;9;0.749;1
652;11;0.064;2
652;1;0.067;6
652;4;0.075;6
652;6;0.01;2
652;14;0.043;2
652;9;0.157;1
656;2;0.22;2
656;3;0.1249;5
656;1;0.568;2
656;4;0.191;2
656;5;0.278;2
656;6;0.103;5
656;10;0.116;1
656;14;0.043;2
657;2;0.22;2
657;3;0.1249;5
657;1;0.568;2
657;4;0.208;2
657;5;0.278;2
657;6;0.103;5
657;10;0.116;1
657;14;0.043;2
666;11;0;1
666;2;0.09;4
666;3;0.058;4
666;1;0.029;1
666;4;0.022;1
666;5;0.015;1
666;6;0.02;4
666;10;0.019;1
666;14;0.043;2
678;11;0.0205;4
678;3;0.05;4
678;1;0.0929;8
678;4;0.0425;8
678;6;0.0194;5
678;8;0.1234;1
680;6;0.002;2
680;10;0.019;1
680;14;0.043;2
692;7;0.05;1
702;11;0;1
702;2;0.24;8
702;3;0.1079;5
702;1;0.03;1
702;4;0.007;1
702;5;0.051;1
702;6;0.0096;5
702;10;0.03;1
702;14;0.043;2
719;11;0.0158;1
719;2;0.113;12
719;3;0.1079;5
719;1;0.0315;1
719;4;0.0097;1
719;5;0.0255;1
719;6;0.041;5
719;10;0.0528;1
719;14;0.022;2
750;2;0.06;4
750;3;0.054;4
750;1;0.029;1
750;4;0.022;1
750;5;0.095;1
750;6;0.02;6
750;10;0.019;1
750;14;0.043;2
794;1;0.084;4
794;4;0.089;4
794;5;0.173;4
794;6;0.0096;10
794;10;0.027;1
794;14;0.043;2
795;1;0.094;4
795;4;0.099;4
795;5;0.173;4
795;6;0.0096;10
795;10;0.027;1
795;14;0.043;2
797;1;0.057;4
797;4;0.022;4
797;5;0.055;4
797;6;0.02;4
797;10;0.089;1
797;14;0.043;2
798;11;0.002;1
798;3;0;4
798;1;0.084;4
798;4;0.089;4
798;5;0.173;4
798;6;0.096;12
798;10;0.027;1
798;14;0.043;2
803;11;0.0097;1
803;2;0.0412;6
803;3;0.0608;4
803;1;0.0173;1
803;4;0.0222;1
803;5;0.0305;1
803;6;0.041;5
803;10;0.0587;1
803;14;0.05;2
804;11;0.018;6
804;2;0.1096;10
804;3;0.0911;7
804;1;0.0551;2
804;4;0.0499;2
804;5;0.0305;2
804;6;0.0816;8
804;10;0.0528;1
804;14;0.043;2
805;11;0.1;2
805;2;0.24;10
805;3;0.23;7
805;1;0.032;3
805;4;0.165;3
805;5;0.165;3
805;6;0.13;8
805;10;0.109;1
805;14;0.043;2
806;11;0.011;2
806;2;0.06;6
806;3;0.063;4
806;1;0.058;2
806;4;0.044;2
806;5;0.19;2
806;6;0.02;6
806;10;0.019;1
806;14;0.043;2
808;11;0.128;6
808;2;0.4;10
808;3;0.0954;7
808;1;0.089;4
808;4;0.086;4
808;5;0.05;4
808;6;0.038;11
808;10;0.069;1
808;14;0.043;2
809;11;0.011;2
809;2;0.06;6
809;3;0.063;4
809;1;0.058;2
809;4;0.044;2
809;5;0.19;2
809;6;0.02;6
809;10;0.019;1
809;14;0.043;2
810;2;0.4;11
810;3;0.136;11
810;1;0.046;2
810;4;0.043;2
810;5;0.191;2
810;6;0.02;11
810;10;0.102;1
811;11;0.002;9
811;3;0.021;2
811;1;0.055;7
811;4;0.06;7
811;6;0.014;2
811;8;0.075;1
813;11;0.0077;2
813;2;0.08;6
813;3;0.0608;4
813;1;0.0298;1
813;4;0.0252;1
813;5;0.0488;1
813;6;0.0816;5
813;10;0.0242;1
813;14;0.043;2
834;7;0.05;1
846;1;0.031;4
846;4;0.173;4
846;5;0.58;4
846;10;0.57;1
846;14;0.043;4
900;11;0.005;4
900;1;0.0161;1
900;4;0.0005;1
900;6;0.0017;4
900;9;0.1529;1
901;11;0.005;4
901;1;0.0161;1
901;4;0.0005;1
901;6;0.0017;1
901;14;0.0193;2
901;9;0.1529;1
910;7;0.120228571;1
911;7;0.024;2
912;7;0.2404;2
913;7;0.2404;2
914;7;0.2404;2
917;7;0.2404;2
918;7;0.2404;2
920;7;0.1202;1
921;7;0.1202;1
929;7;0.1202;1
1000;11;0.0178;1
1000;2;0.0915;8
1000;3;0.0478;4
1000;1;0.0556;2
1000;4;0.0317;2
1000;5;0.0265;2
1000;6;0.041;5
1000;10;0.0577;1
1000;14;0.022;2
1001;11;0.093;1
1001;2;0.11;2
1001;3;0.0608;4
1001;1;0.057;2
1001;4;0.022;2
1001;5;0.095;2
1001;6;0.02;5
1001;10;0.102;1
1001;14;0.043;2
1003;11;0.0478;1
1003;2;0.0915;2
1003;3;0.0603;4
1003;1;0.0389;2
1003;4;0.0429;2
1003;5;0.0268;2
1003;6;0.0816;5
1003;10;0.102;1
1003;14;0.043;2
1005;2;0.15;5
1005;3;0.0608;3
1005;1;0.043;1
1005;4;0.028;1
1005;5;0.095;2
1005;6;0.0144;3
1005;10;0.026;1
1005;14;0.043;2
1006;11;0.093;1
1006;2;0.15;2
1006;3;0.0608;3
1006;1;0.043;1
1006;4;0.028;1
1006;5;0.095;1
1006;6;0.0144;5
1006;10;0.026;1
1006;14;0.043;2
1009;11;0.013;1
1009;2;0.08;2
1009;3;0.58;2
1009;1;0.057;1
1009;4;0.022;1
1009;5;0.095;1
1009;6;0.02;3
1009;10;0.102;1
1009;14;0.043;2
1010;11;0.002;2
1010;2;0.44;8
1010;3;0.11;4
1010;1;0.046;1
1010;4;0.043;1
1010;5;0.191;1
1010;6;0.02;5
1010;10;0.102;1
1010;14;0.043;2
1011;11;0.002;2
1011;2;0.79;14
1011;3;0.12;4
1011;1;0.24;2
1011;4;0.032;2
1011;5;0.03;1
1011;6;0.019;5
1011;10;0.0096;1
1011;14;0.043;2
1012;11;0.002;2
1012;2;0.4;5
1012;3;0.108;4
1012;1;0.24;1
1012;4;0.022;1
1012;5;0.03;1
1012;6;0.019;5
1012;10;0.0096;1
1012;14;0.043;2
1013;11;0.02;2
1013;2;0.37;5
1013;3;0.108;3
1013;1;0.24;1
1013;4;0.022;1
1013;5;0.03;1
1013;6;0.019;3
1013;10;0.0096;1
1013;14;0.043;2
1014;11;0.004;2
1014;2;0.4;9
1014;3;0.216;3
1014;1;0.48;2
1014;4;0.044;2
1014;5;0.06;2
1014;6;0.019;7
1014;10;0.02;1
1014;14;0.043;2
1015;11;0.002;2
1015;2;0.2;5
1015;3;0.108;3
1015;1;0.24;1
1015;4;0.022;1
1015;5;0.03;1
1015;6;0.019;5
1015;10;0.0096;1
1015;14;0.043;2
1020;11;0.006;4
1020;2;0.0088;2
1020;3;0.0386;4
1020;1;0.158;10
1020;4;0.1722;10
1020;6;0.041;4
1020;14;0.022;4
1020;9;0.441;1
1023;2;0.066;2
1023;3;0.09;4
1023;1;0.204;10
1023;4;0.207;10
1023;6;0.01;2
1023;14;0.043;4
1023;9;0.922;1
1024;2;0.06;2
1024;3;0.09;4
1024;1;0.2;10
1024;4;0.201;10
1024;6;0.01;2
1024;14;0.043;2
1024;9;0.922;1
1027;2;0.066;2
1027;3;0.09;4
1027;1;0.224;8
1027;4;0.237;8
1027;6;0.01;2
1027;14;0.043;2
1027;9;0.922;1
1030;11;0.006;18
1030;2;0.0278;2
1030;3;0.0533;7
1030;1;0.1862;10
1030;4;0.1899;10
1030;6;0.041;7
1030;14;0.022;4
1030;8;0.0628;1
1030;9;0.2491;1
1031;11;0.04;18
1031;2;0.066;2
1031;3;0.11;7
1031;1;0.136;10
1031;4;0.17;10
1031;6;0.01;7
1031;14;0.043;4
1031;8;0.55;1
1031;9;0.922;1
1033;11;0.04;18
1033;2;0.019;2
1033;3;0.11;7
1033;1;0.136;10
1033;4;0.6;10
1033;6;0.0096;7
1033;14;0.043;4
1033;8;0;1
1033;9;0.922;1
1034;11;0.04;18
1034;2;0.066;2
1034;3;0.11;7
1034;1;0.136;11
1034;4;0.17;11
1034;6;0.01;7
1034;14;0.043;4
1034;8;0.55;1
1034;9;0.922;1
1035;11;0.04;18
1035;2;0.019;2
1035;3;0.11;7
1035;1;0.136;10
1035;4;0.6;10
1035;6;0.0096;7
1035;14;0.043;4
1035;8;0;1
1035;9;0.922;1
1040;11;0.006;18
1040;2;0.0278;2
1040;3;0.0176;7
1040;1;0.1862;10
1040;4;0.1899;10
1040;6;0.041;7
1040;14;0.0193;2
1040;8;0.1612;1
1040;9;0.2491;1
1043;11;0.04;18
1043;2;0.019;2
1043;3;0.11;7
1043;1;0.136;10
1043;4;0.6;10
1043;6;0.0096;7
1043;14;0.043;4
1043;8;0;1
1043;9;0.922;1
1044;11;0.04;18
1044;2;0.019;2
1044;3;0.11;7
1044;1;0.136;10
1044;4;0.6;10
1044;6;0.0096;7
1044;14;0.043;4
1044;8;0.55;1
1044;9;0.922;1
1045;11;0.006;18
1045;2;0.0278;2
1045;3;0.0533;7
1045;1;0.1862;10
1045;4;0.1899;10
1045;6;0.041;25
1045;14;0.022;4
1045;8;0.1612;1
1045;9;0.2491;1
1050;11;0.156;4
1050;2;0.06;2
1050;3;0.049;4
1050;1;0.211;9
1050;4;0.217;9
1050;6;0.0096;4
1050;14;0.043;4
1050;9;0.914;1
1051;11;0.156;4
1051;2;0.03;2
1051;3;0.039;4
1051;1;0.1;11
1051;4;0.092;11
1051;6;0.0096;4
1051;14;0.043;4
1051;9;0.814;1
1052;11;0.006;4
1052;2;0.0278;2
1052;3;0.0386;4
1052;1;0.2113;12
1052;4;0.22;12
1052;6;0.041;4
1052;14;0.022;4
1052;9;0.3584;1
1054;11;0.156;4
1054;2;0.066;2
1054;3;0.09;4
1054;1;0.204;12
1054;4;0.207;12
1054;6;0.01;4
1054;14;0.043;4
1054;9;0.922;1
1055;11;0.156;4
1055;2;0.0278;2
1055;3;0.0533;4
1055;1;0.0362;12
1055;4;0.1899;12
1055;6;0.0115;4
1055;14;0.022;4
1055;9;0.3785;1
1061;11;0.186;4
1061;2;0.3;13
1061;3;0.2;7
1061;1;0.074;2
1061;4;0.024;2
1061;5;0.15;2
1061;6;0.04;11
1061;10;0.204;1
1061;14;0.043;2
1062;11;0.186;4
1062;2;0.11;13
1062;3;0.216;7
1062;1;0.114;2
1062;4;0.044;2
1062;5;0.19;2
1062;6;0.04;11
1062;10;0.204;1
1062;14;0.043;2
1071;11;0.036;18
1071;2;0.06;2
1071;3;0.049;8
1071;1;0.075;7
1071;4;0.062;7
1071;6;0.01;6
1071;8;0.077;1
1072;11;0.0205;18
1072;3;0.05;6
1072;1;0.1006;8
1072;4;0.042;8
1072;6;0.019;5
1072;8;0.1234;1
1073;11;0.02;18
1073;3;0.058;4
1073;1;0.065;7
1073;4;0.051;7
1073;6;0.019;5
1073;8;0.112;1
1090;11;0.005;3
1090;3;0.067;1
1090;6;0.005;1
1090;10;0.012;1
1090;14;0.033;2
1091;11;0.005;2
1091;3;0.121;1
1091;10;0.019;1
1091;14;0.043;2
1092;10;0.116;1
1093;10;0.019;1
1093;14;0.043;2
1094;10;0.019;1
1094;14;0.043;2
1095;10;0.019;1
1095;14;0.043;2
1096;1;0.029;1
1096;4;0.022;1
1096;10;0.019;1
1096;14;0.043;2
1097;1;0.029;1
1097;4;0.022;1
1097;10;0.019;1
1097;14;0.043;2
1099;10;0.019;1
1099;14;0.043;2
1100;2;0.44;13
1100;3;0.11;7
1100;1;0.046;1
1100;4;0.043;1
1100;5;0.191;1
1100;6;0.02;5
1100;10;0.102;1
1100;14;0.043;2
1101;11;0.0037;2
1101;2;0.8247;23
1101;3;0.2033;11
1101;1;0.068;2
1101;4;0.0733;2
1101;5;0.0612;2
1101;6;0.02;13
1101;10;0.103;1
1101;14;0.043;2
1103;11;0.278;8
1103;2;0.22;41
1103;3;0.11;21
1103;1;0.282;4
1103;4;0.078;4
1103;5;0.568;4
1103;6;0.08;29
1103;10;0.103;1
1103;14;0.043;4
1124;10;0.019;1
1124;14;0.043;2
1140;11;0.093;2
1140;2;0.23;2
1140;3;0.57;7
1140;1;0.1;2
1140;4;0.115;2
1140;5;0.401;2
1140;6;0.076;9
1140;10;0.069;1
1140;14;0.043;2
1141;11;0.093;2
1141;2;0.33;18
1141;3;0.77;10
1141;1;0.1;3
1141;4;0.115;3
1141;5;0.401;3
1141;6;0.086;12
1141;10;0.069;1
1141;14;0.043;2
1157;11;0.08;17
1157;3;0.078;4
1157;1;0.084;12
1157;4;0.039;12
1157;6;0.014;4
1157;9;0.194;1
1159;11;0.04;16
1159;3;0.11;4
1159;1;0.136;14
1159;4;0.017;14
1159;6;0.0096;5
1159;14;0.043;2
1159;9;0.922;1
12060;11;0.0168;4
12060;2;0.057;1
12060;3;0;1
12060;1;0.0339;4
12060;7;0.008;2
12060;6;0.005;6
12075;11;0.032;4
12075;2;0.06;1
12075;3;0;1
12075;1;0.018;4
12075;7;0.008;2
12075;6;0.02;6
12090;11;0.032;4
12090;2;0.06;3
12090;3;0;1
12090;1;0.018;4
12090;7;0.008;2
12090;6;0.02;6
16060;11;0.092;4
16060;2;0.06;3
16060;3;0;1
16060;1;0.018;4
16060;7;0.008;2
16060;6;0.02;6
16075;11;0.0168;4
16075;2;0.0732;3
16075;3;0;1
16075;1;0.0392;4
16075;7;0.008;2
16075;6;0.005;6
16090;11;0.032;4
16090;2;0.06;3
16090;1;0.018;4
16090;6;0.02;6
21810;1;0.5;9
21810;4;0.418;9
21810;5;0.613;9
21810;6;0.02;36
21810;10;0.73;1
21810;14;0;2
21814;1;0.03;13
21814;4;0.118;13
21814;5;0.113;13
21814;6;0.02;48
21814;10;0.03;1
21814;14;0.043;6
120120;11;0.0225;4
120120;2;0.0732;1
120120;3;0;1
120120;1;0.0373;4
120120;7;0.008;2
120120;6;0.005;6
160120;11;0.0225;4
160120;2;0.0732;3
160120;3;0;1
160120;1;0.041;4
160120;7;0.008;2
160120;6;0.005;6
180120;11;0.032;4
180120;2;0.06;3
180120;3;0;1
180120;1;0.018;4
180120;7;0.008;2
180120;6;0.02;6
22120004;2;0.0042;1
22401001;2;0.038;1
22401009;2;0.0253;1
22401010;2;0.0253;1
22501011;11;0.0087;1
22501018;11;0.0031;1
22501020;11;0.0006;1
22501037;11;0.0009;1
22501038;11;0.0009;1
22901004;2;0.028;2
22901004;3;0.089;1
1000-1;11;0.093;1
1000-1;2;0.091;5
1000-1;3;0.108;3
1000-1;1;0.057;2
1000-1;4;0.022;2
1000-1;5;0.095;2
1000-1;6;0.02;4
1000-1;10;0.102;1
1000-1;14;0.043;2
1001-1;11;0.093;1
1001-1;2;0.15;8
1001-1;3;0.0508;3
1001-1;1;0.043;2
1001-1;4;0.028;2
1001-1;5;0.095;1
1001-1;6;0.0144;5
1001-1;10;0.026;1
1001-1;14;0.043;2
1002-1;11;0.093;1
1002-1;2;0.105;5
1002-1;3;0.0508;3
1002-1;1;0.057;2
1002-1;4;0.022;2
1002-1;5;0.095;2
1002-1;6;0.02;4
1002-1;10;0.1;1
1002-1;14;0.043;2
106XL;11;0.0207;9
106XL;3;0.0667;6
106XL;1;0.1044;8
106XL;4;0.0668;8
106XL;6;0.0333;7
106XL;8;0.2013;1
1102;11;0.278;2
1102;2;0.22;32
1102;3;0.11;16
1102;1;0.282;3
1102;4;0.078;3
1102;5;0.568;3
1102;6;0.02;18
1102;10;0.103;1
1102;14;0.043;2
1155-A;2;0.04;4
1155-A;3;0.12;1
1155-A;1;0.252;15
1155-A;4;0.307;15
1155-A;6;0.024;1
1155-A;14;0.043;2
1155-A;9;0.1524;1
1155-B;11;0.03;15
1155-B;3;0.11;3
1155-B;1;0.027;2
1155-B;4;0.023;2
1155-B;6;0.014;4
1155-B;8;0.147;1
115C;2;0;1
115C;3;0;4
115C;1;0.132;6
115C;4;0.062;6
115C;6;0;4
115C;14;0.043;2
115C;9;0.524;1
118XL;11;0.09;4
118XL;2;0.06;3
118XL;3;0.1372;4
118XL;1;0.066;4
118XL;4;0.043;3
118XL;5;0.12;3
118XL;6;0.2;5
118XL;10;0.57;1
118XL;14;0.043;4
133A;3;0.108;3
133A;1;0.043;2
133A;4;0.028;2
133A;5;0.095;2
133A;6;0.01;3
133A;10;0.03;1
133A;14;0.043;2
133B;11;0.0138;14
133B;3;0.0428;6
133B;1;0.1117;8
133B;4;0.0378;8
133B;6;0.014;6
133B;8;0.0842;1
134A;2;0.15;4
134A;3;0.08;3
134A;1;0.043;2
134A;4;0.028;2
134A;5;0.06;2
134A;6;0.01;3
134A;10;0.03;1
134A;14;0.043;2
134B;11;0.0138;12
134B;3;0.0428;3
134B;1;0.1117;8
134B;4;0.0378;8
134B;6;0.014;3
134B;8;0.0842;1
138A;2;0.15;8
138A;3;0.108;6
138A;1;0.043;3
138A;4;0.028;3
138A;5;0.095;3
138A;6;0.01;6
138A;10;0.03;1
138A;14;0.043;2
138B;11;0.0138;12
138B;3;0.0428;3
138B;1;0.1117;8
138B;4;0.0378;8
138B;6;0.014;3
138B;8;0.0842;1
399CC;11;0.0047;1
399CC;2;0.05;1
399CC;6;0.005;2
716A;11;0.02;4
716A;3;0.078;2
716A;1;0.075;2
716A;4;0.062;2
716A;5;0.163;2
716A;6;0.02;2
716A;10;0.027;1
716A;14;0.043;2
716B;11;0.002;4
716B;3;0.078;4
716B;1;0.075;8
716B;4;0.062;8
716B;6;0.02;5
716B;8;0.112;1
719EST;2;0.06;3
719EST;3;0.089;1
719GL;5;0.051;1
719GL;10;0.03;1
719GL;14;0.043;4
766A;11;0.024;4
766A;2;0.05;1
766A;3;0.108;4
766A;1;0.043;1
766A;4;0.028;1
766A;5;0.095;1
766A;6;0.01;4
766A;10;0.03;1
766A;14;0.043;2
766B;11;0.002;12
766B;3;0.24;3
766B;1;0.057;7
766B;4;0.061;7
766B;6;0.014;3
766B;8;0.077;1
767A;11;0.02;5
767A;2;0.17;7
767A;3;0.108;8
767A;1;0.043;2
767A;4;0.028;2
767A;5;0.095;1
767A;6;0.01;5
767A;10;0.03;1
767A;14;0.043;2
767B;11;0.002;12
767B;3;0.24;3
767B;1;0.057;7
767B;4;0.061;7
767B;6;0.014;3
767B;8;0.077;1
782A;11;0.024;4
782A;3;0.108;4
782A;1;0.043;1
782A;4;0.028;1
782A;5;0.095;1
782A;6;0.01;4
782A;10;0.03;1
782B;11;0.002;12
782B;3;0.24;3
782B;1;0.057;7
782B;4;0.061;7
782B;6;0.014;3
782B;8;0.077;1
783A;11;0.02;5
783A;3;0.108;5
783A;1;0.043;2
783A;4;0.028;2
783A;5;0.095;1
783A;6;0.01;5
783A;10;0.03;1
783A;14;0.043;2
783B;11;0.002;12
783B;3;0.24;3
783B;1;0.057;7
783B;4;0.061;7
783B;6;0.014;3
783B;8;0.077;1
CUBES120120;3;0;4
CUBES120120;1;0.039;1
CUBES120120;4;0.032;1
CUBES120120;5;0.095;1
CUBES120120;6;0;4
CUBES120120;10;0.019;1
CUBES120120;14;0.043;2
CUB12060;1;0.029;1
CUB12060;4;0.022;1
CUB12060;5;0.045;1
CUB12060;10;0.019;1
CUB12060;14;0.043;2
CUBES15060;3;0;4
CUBES15060;1;0.039;1
CUBES15060;4;0.032;1
CUBES15060;5;0.095;1
CUBES15060;6;0;4
CUBES15060;10;0.019;1
CUBES15060;14;0.043;2
CUBP6060;3;0;4
CUBP6060;1;0.029;1
CUBP6060;4;0.022;1
CUBP6060;5;0.095;1
CUBP6060;6;0;4
CUBP6060;10;0.019;1
CUBP6060;14;0.043;2
CUBES9060;3;0;4
CUBES9060;1;0.011;1
CUBES9060;4;0.022;1
CUBES9060;5;0.055;1
CUBES9060;6;0;4
CUBES9060;10;0.019;1
CUBES9060;14;0.043;2
CUBES9090;3;0;4
CUBES9090;1;0.029;1
CUBES9090;4;0.022;1
CUBES9090;5;0.095;1
CUBES9090;6;0;4
CUBES9090;10;0.019;1
CUBES9090;14;0.043;2
CUEL140;11;0.018;3
CUEL140;2;0.066;7
CUEL140;3;0.148;7
CUEL140;1;0.029;2
CUEL140;4;0.032;2
CUEL140;5;0.165;2
CUEL140;6;0.02;7
CUEL140;10;0.109;1
CUEL140;14;0.043;2
E516;11;0.02;1
E516;12;0.15;1
IWBSIA;3;0.057;1
IWBSIA;6;0.0048;1
IWBSIA;10;0.025;1
IWBSIA;14;0.043;2
IWMI;2;0.015;1
IWMI;3;0.0161;1
IWMI;6;0.002;1
IWMI;10;0.0019;1
IWPH;11;0.015;1
IWPH;3;0.035;1
IWPH;6;0.003;1
IWPH;10;0.019;1
IWPH;14;0.023;2
KBS;11;0;4
KBS;2;0;2
KBS;3;0;2
KBS;1;0.022;1
KBS;4;0.036;1
KBS;5;0.095;1
KBS;6;0;2
KBS;10;0.019;1
KBS;14;0.043;2
KLASS01;11;0.0255;8
KLASS01;2;0.07;1
KLASS01;3;0.079;3
KLASS01;1;0.0665;3
KLASS01;4;0.0746;3
KLASS01;5;0.053;3
KLASS01;6;0.049;3
KLASS01;10;0.0577;1
KLASS01;14;0.043;4
KLASS03;3;0.0056;1
KLASS03;1;0.158;12
KLASS03;4;0.1722;12
KLASS03;6;0.0115;1
KLASS03;14;0.0193;4
KLASS03;9;0.441;1
KLASS04;3;0.067;1
KLASS04;1;0.064;9
KLASS04;4;0.24;9
KLASS04;6;0.0048;1
KLASS04;14;0.043;2
KLASS04;9;0.037;1
MOB-14.1;11;0.0138;12
MOB-14.1;3;0.0428;3
MOB-14.1;1;0.0783;7
MOB-14.1;4;0.03;7
MOB-14.1;6;0.014;3
MOB-14.1;8;0.213;1
MOB-01;2;0.24;10
MOB-01;3;0.108;10
MOB-01;1;0.036;14
MOB-01;4;0.072;14
MOB-01;5;0.108;14
MOB-01;6;0.024;10
MOB-01;10;0.72;1
MOB-01;14;0.043;2
MOB-03;1;0.084;76
MOB-03;4;0.023;76
MOB-03;14;0.043;6
MOB-03;9;0.1524;1
MOB05.1-A;11;0.093;1
MOB05.1-A;2;0.11;8
MOB05.1-A;3;0.108;4
MOB05.1-A;1;0.057;2
MOB05.1-A;4;0.022;2
MOB05.1-A;5;0.095;2
MOB05.1-A;6;0.02;5
MOB05.1-A;10;0.102;1
MOB05.1-A;14;0.043;2
MOB05.1-B;11;0.04;15
MOB05.1-B;3;0.078;4
MOB05.1-B;1;0.204;12
MOB05.1-B;4;0.207;12
MOB05.1-B;6;0.014;4
MOB05.1-B;14;0.043;2
MOB05.1-B;9;0.1705;1
MOB06.1-A;11;0.093;1
MOB06.1-A;2;0.11;8
MOB06.1-A;3;0.108;4
MOB06.1-A;1;0.057;2
MOB06.1-A;4;0.022;2
MOB06.1-A;5;0.095;2
MOB06.1-A;6;0.02;5
MOB06.1-A;10;0.102;1
MOB06.1-A;14;0.043;2
MOB06.1-B;11;0.0182;1
MOB06.1-B;2;0.13;2
MOB06.1-B;3;0.13;2
MOB06.1-B;1;0.022;1
MOB06.1-B;4;0.0248;1
MOB06.1-B;5;0.02;1
MOB06.1-B;6;0.008;2
MOB06.1-B;10;0;1
MOB06.1-B;14;0.043;2
MOB06.1-C;11;0.002;18
MOB06.1-C;3;0.078;4
MOB06.1-C;1;0.075;7
MOB06.1-C;4;0.061;7
MOB06.1-C;6;0.002;1
MOB06.1-C;8;0.112;1
MOB06.2-A;11;0.093;1
MOB06.2-A;2;0.11;8
MOB06.2-A;3;0.108;4
MOB06.2-A;1;0.057;2
MOB06.2-A;4;0.022;2
MOB06.2-A;5;0.095;2
MOB06.2-A;6;0.02;5
MOB06.2-A;10;0.102;1
MOB06.2-A;14;0.043;2
MOB06.2-B;11;0.0182;1
MOB06.2-B;2;0.13;2
MOB06.2-B;3;0.13;2
MOB06.2-B;1;0.022;1
MOB06.2-B;4;0.0248;1
MOB06.2-B;5;0.02;1
MOB06.2-B;6;0.008;2
MOB06.2-B;10;0;1
MOB06.2-B;14;0.043;2
MOB06.2-C;3;0.078;4
MOB06.2-C;1;0.075;7
MOB06.2-C;4;0.062;7
MOB06.2-C;6;0.02;5
MOB06.2-C;8;0.112;1
MOB07.1-A;2;0.19;8
MOB07.1-A;3;0.108;4
MOB07.1-A;1;0.043;2
MOB07.1-A;4;0.028;2
MOB07.1-A;5;0.095;2
MOB07.1-A;6;0.0144;4
MOB07.1-A;10;0.026;1
MOB07.1-A;14;0.043;2
MOB07.1-B;11;0.04;14
MOB07.1-B;3;0.078;2
MOB07.1-B;1;0.204;12
MOB07.1-B;4;0.207;12
MOB07.1-B;6;0.01;2
MOB07.1-B;14;0.043;2
MOB07.1-B;9;0.1705;1
MOB07.1-C;11;0.04;15
MOB07.1-C;3;0.078;4
MOB07.1-C;1;0.204;14
MOB07.1-C;4;0.207;14
MOB07.1-C;6;0.014;4
MOB07.1-C;14;0.043;2
MOB07.1-C;9;0.1705;1
MOB07.3-A;2;0.19;8
MOB07.3-A;3;0.108;4
MOB07.3-A;1;0.043;2
MOB07.3-A;4;0.028;2
MOB07.3-A;5;0.095;2
MOB07.3-A;6;0.0144;4
MOB07.3-A;10;0.026;1
MOB07.3-A;14;0.043;2
MOB07.3-B;11;0.04;14
MOB07.3-B;3;0.078;2
MOB07.3-B;1;0.204;12
MOB07.3-B;4;0.207;12
MOB07.3-B;6;0.01;2
MOB07.3-B;14;0.043;2
MOB07.3-B;9;0.1705;1
MOB07.3-C;11;0.04;15
MOB07.3-C;3;0.078;4
MOB07.3-C;1;0.305;18
MOB07.3-C;4;0.31;18
MOB07.3-C;6;0.014;4
MOB07.3-C;14;0.043;2
MOB07.3-C;9;0.1705;1
MOB-08;11;0.278;2
MOB-08;2;0.22;20
MOB-08;3;0.878;4
MOB-08;1;0.282;9
MOB-08;4;0.078;9
MOB-08;5;0.568;10
MOB-08;6;0.02;4
MOB-08;10;0.103;1
MOB-08;14;0.043;2
MOB-09.2;11;0.002;2
MOB-09.2;2;0.44;13
MOB-09.2;3;0.046;7
MOB-09.2;1;0.043;1
MOB-09.2;4;0.191;1
MOB-09.2;5;0.095;1
MOB-09.2;6;0.02;9
MOB-09.2;10;0.102;1
MOB-09.2;14;0.043;2
MOB10-A;2;0.044;4
MOB10-A;3;0.12;1
MOB10-A;1;0.252;13
MOB10-A;4;0.307;13
MOB10-A;6;0.024;1
MOB10-A;14;0.043;2
MOB10-A;9;0.1524;1
MOB10-B;11;0.002;17
MOB10-B;3;0.12;3
MOB10-B;1;0.084;2
MOB10-B;4;0.023;2
MOB10-B;6;0.014;4
MOB10-B;8;0.194;1
MOB10-C;1;0.204;16
MOB10-C;4;0.207;16
MOB10-C;14;0.043;2
MOB10-C;9;0.1069;1
MOB-18;2;0.264;5
MOB-18;3;0.333;1
MOB-18;1;0.03;1
MOB-18;4;0.007;1
MOB-18;5;0.051;1
MOB-18;6;0.02;5
MOB-18;10;0.03;1
MOB-18;14;0.043;2
MOB-19;11;0.011;1
MOB-19;2;0.066;8
MOB-19;3;0.064;4
MOB-19;1;0.029;1
MOB-19;4;0.022;1
MOB-19;5;0.095;1
MOB-19;6;0.02;5
MOB-19;10;0.019;1
MOB-19;14;0.043;2
MOB-23;11;0.093;1
MOB-23;2;0.121;6
MOB-23;3;0.108;4
MOB-23;1;0.057;1
MOB-23;4;0.022;1
MOB-23;5;0.095;1
MOB-23;6;0.02;5
MOB-23;10;0.102;1
MOB-23;14;0.043;2
MUEB120;11;0.012;1
MUEB120;2;0.08;6
MUEB120;3;0.064;4
MUEB120;1;0.029;1
MUEB120;4;0.022;1
MUEB120;5;0.095;1
MUEB120;6;0.02;4
MUEB120;10;0.019;1
MUEB150;11;0.024;2
MUEB150;2;0.08;6
MUEB150;3;0.064;4
MUEB150;1;0.029;1
MUEB150;4;0.022;1
MUEB150;5;0.095;1
MUEB150;6;0.02;4
MUEB150;10;0.019;1
N924;2;0;2
N924;7;0.02404;2
N924;6;0.086;3
N924;14;0.043;1
P120120;11;0.032;4
P120120;2;0.06;3
P120120;3;0.02;2
P120120;1;0.018;4
P120120;7;0.008;1
P120120;6;0.02;6
P12060;11;0.032;4
P12060;2;0.06;3
P12060;3;0;2
P12060;1;0.018;4
P12060;7;0.008;2
P12060;6;0.02;6
P12090;11;0.032;4
P12090;2;0.06;3
P12090;3;0;2
P12090;1;0.018;4
P12090;7;0.008;2
P12090;6;0.02;6
P16060;11;0.032;4
P16060;2;0.06;3
P16060;3;0.02;2
P16060;1;0.018;4
P16060;7;0.008;2
P16060;6;0.02;6
P16075;11;0.032;4
P16075;2;0.06;3
P16075;3;0.02;2
P16075;1;0.018;4
P16075;7;0.008;2
P16075;6;0.02;6
P16090;11;0.032;4
P16090;2;0.06;3
P16090;3;0.02;2
P16090;1;0.018;4
P16090;6;0.02;6
STRC2472;2;0.55;4
STRC2472;3;0.108;4
STRC2472;1;0.052;1
STRC2472;4;0.02;1
STRC2472;5;0.09;1
STRC2472;6;0.02;4
STRC2472;10;0.102;1
STRC2472;14;0.043;2
STRCONTBLSSIT;2;0.72;10
STRCONTBLSSIT;3;0.0322;3
STRCONTBLSSIT;6;0.0205;5
STRCONTBLSSIT;10;0.102;1
STRCONTBLSSIT;14;0.043;2
STRD3060-RE;2;0.53;4
STRD3060-RE;3;0.108;4
STRD3060-RE;1;0.055;2
STRD3060-RE;4;0.019;2
STRD3060-RE;5;0.095;2
STRD3060-RE;6;0.02;4
STRD3060-RE;10;0.102;1
STRD3060-RE;14;0.043;2
STRD3072;2;0.55;4
STRD3072;3;0.108;4
STRD3072;1;0.057;2
STRD3072;4;0.022;2
STRD3072;5;0.095;2
STRD3072;6;0.02;4
STRD3072;10;0.102;1
STRD3072;14;0.043;2
STRHB72;3;0.134;2
STRHB72;1;0.064;9
STRHB72;4;0.24;9
STRHB72;6;0.0092;2
STRHB72;10;0.37;1
STRHB72;14;0.043;2
STRRTHA;3;0;4
STRRTHA;1;0.029;1
STRRTHA;4;0.022;1
STRRTHA;5;0.095;1
STRRTHA;6;0;4
STRRTHA;10;0.019;1
STRRTHA;14;0.043;2
Y-CANALETASENCILLA;11;0.278;1
Y-CANALETASENCILLA;3;0.003;1
Y-CANALETASENCILLA;6;0.038;1
Y-CANALETASENCILLA;10;0.069;1
Y-CANALETASENCILLA;14;0.043;2
STRCONT8;2;0.05;4
STRCONT8;3;0.0322;4
STRCONT8;1;0.057;1
STRCONT8;4;0.022;1
STRCONT8;5;0.095;1
STRCONT8;6;0.02;4
STRCONT8;10;0.102;1
STRCONT8;14;0.043;2
CUBREP120;3;0;4
CUBREP120;1;0.029;1
CUBREP120;4;0.022;1
CUBREP120;5;0.095;1
CUBREP120;6;0;4
CUBREP120;10;0.019;1
CUBREP120;14;0.043;2
1008;11;0.0021;1
1008;2;0.05;2
1008;3;0.055;2
1008;1;0.057;1
1008;4;0.022;1
1008;5;0.095;1
1008;6;0.02;3
1008;10;0.102;1
1008;14;0.043;2
STRCONTBELSIT;11;0.093;4
STRCONTBELSIT;2;0.105;7
STRCONTBELSIT;3;0.0322;7
STRCONTBELSIT;6;0.03;7
STRCONTBELSIT;10;0.1;1
STRCONTBELSIT;14;0.043;2
STRCONTBLSSTAND;11;0.043;2
STRCONTBLSSTAND;2;0.1;3
STRCONTBLSSTAND;3;0.0322;3
STRCONTBLSSTAND;6;0.03;3
STRCONTBLSSTAND;10;0.1;1
STRCONTBLSSTAND;14;0.043;2
STRCONTBELSTAND;11;0.093;4
STRCONTBELSTAND;2;0.145;7
STRCONTBELSTAND;3;0.0322;7
STRCONTBELSTAND;6;0.03;7
STRCONTBELSTAND;10;0.1;1
STRCONTBELSTAND;14;0.043;2
22501001;11;0.0014;1
22501105;11;0.014;1
22501003;11;0.0017;1
22501004;11;0.0017;1
603;11;0.0061;11
603;3;0.078;2
603;1;0.069;7
603;4;0.081;7
603;6;0.014;1
603;9;0.183;1
605;1;0.069;6
605;4;0.081;6
605;9;0.183;1
1156A;2;0.04;4
1156A;3;0.12;1
1156A;1;0.212;12
1156A;4;0.267;12
1156A;6;0.024;1
1156A;9;0.1324;1
1156B;11;0.03;15
1156B;3;0.11;3
1156B;1;0.027;2
1156B;4;0.023;2
1156B;6;0.014;4
1156B;8;0.147;1
328;11;0.0042;1
328;2;0.05;1
328;6;0.005;2
1064;11;0.093;1
1064;2;0.01;5
1064;3;0.1;3
1064;1;0.074;1
1064;4;0.012;1
1064;5;0.075;1
1064;6;0.02;4
1064;10;0.102;1
1064;14;0.043;2
1142;11;0.278;6
1142;2;0.22;23
1142;3;0.282;13
1142;1;0.078;4
1142;4;0.568;4
1142;5;0.38;4
1142;6;0.02;19
1142;10;0.103;1
1142;14;0.043;2
919INT;14;0;1
1098;10;0.019;1
1098;14;0.043;2
1158;1;0.081;8
1158;4;0.032;8
1158;9;0.194;1
1041;11;0.04;18
1041;2;0.019;2
1041;3;0.11;7
1041;1;0.136;10
1041;4;0.6;10
1041;6;0.0096;7
1041;14;0.043;2
1041;8;0;1
1041;9;0.922;1
278;2;0.0309;2
278;3;0.0084;2
278;6;0.005;2
IWUT;6;0.0048;1
1004;2;0.091;5
1004;3;0.108;3
1004;1;0.057;1
1004;4;0.022;1
1004;5;0.095;1
1004;6;0.02;3
1004;10;0.102;1
1004;14;0.043;2
CUBP7560;1;0.035;1
CUBP7560;4;0.029;1
CUBP7560;5;0.095;1
CUBP7560;6;0;4
CUBP7560;10;0.019;1
CUBP7560;14;0.043;2
667;2;0.0205;4
667;3;0.058;4
667;1;0.029;1
667;4;0.022;1
667;5;0.035;1
667;6;0.02;4
667;10;0.019;1
667;14;0.043;2
432;7;0.05;1
552;11;0.016;2
552;2;0.029;5
552;3;0.03;4
552;1;0.214;5
552;4;0.312;4
552;6;0.024;6
552;14;0.043;2
552;9;0.52;1
609;2;0.07;2
609;3;0.063;4
609;1;0.132;7
609;4;0.129;7
609;6;0.0101;4
609;14;0.043;2
609;9;0.561;1
389CC;11;0.0047;1
389CC;2;0.09;1
389CC;6;0.005;2
AP120120;11;0.032;4
AP120120;2;0.06;3
AP120120;3;0.02;2
AP120120;1;0.025;5
AP120120;7;0.008;1
AP120120;6;0.02;6
AP12075;11;0.064;4
AP12075;2;0.06;3
AP12075;3;0;2
AP12075;1;0.025;3
AP12075;7;0.008;1
AP12075;6;0.02;6
AP12090;11;0.032;4
AP12090;2;0.06;3
AP12090;3;0;2
AP12090;1;0.028;5
AP12090;7;0.008;2
AP12090;6;0.02;6
433;7;0.05;1
619;2;0.43;2
619;3;0.11;3
619;1;0.026;1
619;4;0.013;1
619;5;0.191;1
619;6;0.02;3
619;10;0.102;1
619;14;0.043;2
AP12060;11;0.032;4
AP12060;2;0.06;3
AP12060;3;0;2
AP12060;1;0.048;4
AP12060;7;0.008;2
AP12060;6;0.02;6
529;11;0.039;1
529;1;0.066;2
529;4;0.049;2
529;5;0.073;2
529;10;0.057;1
529;14;0.043;2
22501101;11;0.0111;1
DP12060;11;0.032;4
DP12060;2;0.06;3
DP12060;3;0;2
DP12060;1;0.018;2
DP12060;6;0.02;6
P12075;11;0.064;4
P12075;2;0.06;3
P12075;3;0;2
P12075;1;0.015;2
P12075;7;0.008;1
P12075;6;0.02;6
557;11;0.093;4
557;2;0.033;5
557;3;0.134;4
557;1;0.192;3
557;4;0.105;2
557;6;0.019;4
557;14;0.043;2
557;9;0.52;1
296;3;0.01;1
296;6;0.005;2
1010-1;11;0.002;2
1010-1;2;0.24;5
1010-1;3;0.091;3
1010-1;1;0.046;1
1010-1;4;0.043;1
1010-1;5;0.191;1
1010-1;6;0.02;4
1010-1;10;0.102;1
1010-1;14;0.043;2
735;2;0.04;2
735;3;0.03;3
735;1;0.136;4
735;4;0.085;4
735;6;0.0003;3
735;14;0.022;2
735;9;0.5688;1
681;6;0.002;2
681;10;0.019;1
681;14;0.043;2
MOB-09.3;11;0.04;7
MOB-09.3;2;0.54;18
MOB-09.3;3;0.056;10
MOB-09.3;1;0.073;3
MOB-09.3;4;0.191;3
MOB-09.3;5;0.095;3
MOB-09.3;6;0.03;17
MOB-09.3;10;0.382;1
MOB-09.3;14;0.043;4
P160120;11;0.032;4
P160120;2;0.07;3
P160120;3;0;2
P160120;1;0.019;4
P160120;7;0.009;2
P160120;6;0.02;6
624;2;0.286;5
624;3;0.952;7
624;1;0.25;2
624;4;0.568;2
624;5;0.6;2
624;6;0.02;7
624;10;0.069;1
624;14;0.043;2
22501107;11;0.033;1
22901005;2;0.028;2
22901005;3;0.12;1
1007;11;0.0021;1
1007;2;0.06;2
1007;3;0.055;2
1007;1;0.077;1
1007;4;0.042;1
1007;5;0.095;1
1007;6;0.02;3
1007;10;0.102;1
1007;14;0.043;2
MF202N;11;0.045;2
MF202N;3;0.055;1
MF202N;6;0.002;1
MF202N;14;0.043;2
22901003;2;0.018;2
22901003;3;0.039;1
389;11;0.0047;1
389;2;0.09;1
389;6;0.003;1
MOB-11;2;0.264;5
MOB-11;3;0.333;1
MOB-11;1;0.03;1
MOB-11;4;0.007;1
MOB-11;5;0.051;1
MOB-11;6;0.02;5
MOB-11;10;0.03;1
MOB-11;14;0.043;2
22501005;11;0.01;1
22501006;11;0.01;1
1065;11;0.093;1
1065;2;0.01;5
1065;3;0.1;3
1065;1;0.054;1
1065;4;0.01;1
1065;5;0.065;1
1065;6;0.02;4
1065;10;0.102;1
1065;14;0.043;2
238A;11;0.04;15
238A;1;0.031;3
238A;4;0.173;3
238A;14;0.043;2
238A;9;0.164;1
238B;11;0.02;13
238B;3;0.108;3
238B;1;0.05;7
238B;4;0.03;7
238B;6;0.014;4
238B;8;0.077;1
DP120120;11;0.032;4
DP120120;2;0.06;3
DP120120;3;0;2
DP120120;1;0.018;2
DP120120;6;0.02;6
DP160120;11;0.032;4
DP160120;2;0.06;3
DP160120;3;0;2
DP160120;1;0.018;2
DP160120;6;0.02;6
1074;11;0.066;40
1074;2;0.06;2
1074;3;0.049;12
1074;1;0.075;9
1074;4;0.062;9
1074;6;0.01;6
1074;8;0.597;1
551;11;0.036;3
551;2;0.033;3
551;3;0.0976;5
551;1;0.105;3
551;4;0.312;2
551;6;0.019;3
551;14;0.043;2
551;9;0.52;1
1070;11;0.002;18
1070;3;0.078;4
1070;1;0.075;8
1070;4;0.061;8
1070;6;0.019;5
1070;8;0.112;1
1108;2;0.225;13
1108;3;0.11;7
1108;1;0.1213;1
1108;4;0.078;1
1108;5;0.568;1
1108;6;0.02;7
1108;10;0.103;1
1108;14;0.043;2
251;7;0.05;1
444;7;0.05;1
628;2;0.06;2
628;3;0.116;3
628;1;0.067;2
628;4;0.047;2
628;5;0.091;2
628;6;0.0192;5
628;10;0.089;1
628;14;0.043;2
509;2;0.24;10
509;3;0.108;10
509;1;0.036;14
509;4;0.072;14
509;5;0.108;14
509;6;0.024;10
509;10;0.72;1
509;14;0.043;2
1022;2;0.066;2
1022;3;0.09;4
1022;1;0.204;10
1022;4;0.207;10
1022;6;0.01;2
1022;14;0.043;4
1022;9;0.922;1
2009;1;0.188;10
2009;4;0.174;10
2009;14;0.043;2
2009;9;0.799;1
ZU103;11;0.032;1
ZU103;2;0.16;2
ZU103;3;0.26;4
ZU103;1;0.029;1
ZU103;4;0.022;1
ZU103;5;0.095;1
ZU103;6;0.02;4
ZU103;10;0.059;1
ZU139;11;0.012;1
ZU139;2;0.06;2
ZU139;3;0.12;3
ZU139;1;0.029;1
ZU139;4;0.022;1
ZU139;5;0.055;1
ZU139;6;0.02;4
ZU139;10;0.05;1
ZU600;2;0.11;2
ZU600;3;0.1041;3
ZU600;1;0.057;2
ZU600;4;0.022;2
ZU600;5;0.095;2
ZU600;6;0.02;3
ZU600;10;0.102;1
ZU600;14;0.043;2
737;11;0.018;2
737;3;0.138;7
737;1;0.029;2
737;4;0.032;2
737;5;0.165;2
737;6;0.02;7
737;10;0.109;1
742;11;0.012;1
742;3;0.084;4
742;1;0.029;1
742;4;0.022;1
742;5;0.095;1
742;6;0.02;4
742;10;0.019;1
742;14;0.043;2
802;2;0.28;5
802;3;0.159;3
802;1;0.102;3
802;4;0.098;3
802;5;0.08;3
802;6;0.02;3
802;10;0.17;1
802;14;0.043;2
915;7;0.2404;2
915;14;0;1
691;7;0.05;1
22401011;2;0.0053;1
1021;2;0.06;2
1021;3;0.09;4
1021;1;0.2;10
1021;4;0.201;10
1021;6;0.01;2
1021;14;0.043;4
1021;9;0.922;1
2026;11;0.01;2
2026;2;0.06;1
2026;3;0.014;1
2026;6;0.0096;1
2026;14;0.043;2
2026;9;0.064;1
555;11;0.006;4
555;2;0.04;5
555;3;0.026;4
555;1;0.136;3
555;4;0.085;2
555;6;0.041;4
555;14;0.0193;2
555;9;0.2522;1
2002;1;0.128;8
2002;4;0.114;8
2002;14;0.043;2
2002;9;0.779;1
2042;1;0.023;1
2042;4;0.002;1
2042;14;0.023;2
2042;9;0.064;1
554;11;0.016;2
554;2;0.029;5
554;3;0.03;4
554;1;0.434;5
554;4;0.312;4
554;6;0.024;6
554;14;0.043;2
554;9;0.52;1
378;12;0.12;1
378;6;0.04;1
ZUD490;11;0.125;1
ZUD490;3;0.23;7
ZUD490;1;0.28;4
ZUD490;4;0.153;3
ZUD490;6;0.09;2
ZUD490;10;0.026;1
ZUD490;14;0.043;2
ZUD490;9;0.315;1
ZUC2903;11;0.016;2
ZUC2903;2;0.029;5
ZUC2903;3;0.03;4
ZUC2903;1;0.234;5
ZUC2903;4;0.312;4
ZUC2903;6;0.024;6
ZUC2903;14;0.043;2
ZUC2903;9;0.52;1
ZU757;11;0.0576;2
ZU757;3;0.1728;1
ZU757;1;0.234;9
ZU757;4;0.312;9
ZU757;6;0.024;1
ZU757;14;0.043;2
ZU757;9;0.3456;1
ZU3103;11;0.016;2
ZU3103;2;0.029;5
ZU3103;3;0.03;4
ZU3103;1;0.214;5
ZU3103;4;0.312;4
ZU3103;6;0.024;6
ZU3103;14;0.043;2
ZU3103;9;0.52;1
117;11;0.052;3
117;2;0.046;2
117;3;0.094;4
117;1;0.036;1
117;4;0.031;1
117;5;0.095;1
117;6;0.05;4
117;10;0.32;1
117;14;0.043;2
127SKT;11;0.032;2
127SKT;2;0.036;1
127SKT;3;0.074;2
127SKT;1;0.026;1
127SKT;4;0.021;1
127SKT;5;0.015;1
127SKT;6;0.005;3
127SKT;10;0.12;1
127SKT;14;0.023;2
22901002;2;0.013;2
22901002;3;0.049;1
22501007;11;0.001;1
616;10;0.01;1
616;14;0.083;2
553;11;0.036;3
553;2;0.033;3
553;3;0.0976;5
553;1;0.105;3
553;4;0.312;2
553;6;0.019;3
553;14;0.043;2
553;9;0.52;1
1032;11;0.04;18
1032;2;0.019;2
1032;3;0.11;7
1032;1;0.136;10
1032;4;0.6;10
1032;6;0.0096;7
1032;14;0.043;4
1032;8;0;1
1032;9;0.922;1
2004;1;0.139;8
2004;4;0.2406;8
2004;5;0.0854;8
2004;14;0.034;2
2004;9;0.5607;1
212;11;0.0387;1
212;2;0.037;2
212;6;0.0168;1
212;14;0.0101;2
212;9;0.037;1
1011-1;11;0.002;2
1011-1;2;0.35;9
1011-1;3;0.12;3
1011-1;1;0.24;2
1011-1;4;0.032;2
1011-1;5;0.03;1
1011-1;6;0.019;5
1011-1;10;0.0096;1
1011-1;14;0.043;2
1026;2;0.066;2
1026;3;0.09;4
1026;1;0.282;8
1026;4;0.301;8
1026;6;0.01;2
1026;14;0.043;2
1026;9;0.922;1
1012-1;11;0.002;2
1012-1;2;0.35;5
1012-1;3;0.108;3
1012-1;1;0.24;1
1012-1;4;0.022;1
1012-1;5;0.03;1
1012-1;6;0.019;5
1012-1;10;0.0096;1
1012-1;14;0.043;2
313;11;0.2;52
313;3;0.12;4
313;1;0.25;10
313;4;0.19;10
313;6;0.07;5
313;8;0.6;1
533;1;0.72;16
533;4;0.506;16
533;14;0.17;2
533;9;0.85;1
MOB-04.1;1;0.22;39
MOB-04.1;4;0.19;39
MOB-04.1;9;0.19;1
429;7;0.05;1
1002;11;0.0178;1
1002;2;0.0915;2
1002;3;0.0608;4
1002;1;0.0286;2
1002;4;0.0317;2
1002;5;0.0265;2
1002;6;0.041;5
1002;10;0.0577;1
1002;14;0.0193;2
IW12060;11;0.032;4
IW12060;2;0.06;3
IW12060;3;0;1
IW12060;1;0.018;4
IW12060;7;0.008;2
IW12060;6;0.02;6
IW160120;11;0.092;4
IW160120;2;0.06;3
IW160120;3;0;1
IW160120;1;0.018;4
IW160120;7;0.008;2
IW160120;6;0.02;6
IW16075;11;0.032;4
IW16075;2;0.06;3
IW16075;3;0;1
IW16075;1;0.018;4
IW16075;7;0.008;2
IW16075;6;0.02;6
1112;11;0.1;18
1112;3;0.04;2
1112;1;0.11;17
1112;4;0.04;17
1112;6;0.04;2
1112;8;0.26;1
919;7;0.120228571;1
PIW12075;11;0.064;4
PIW12075;2;0.06;3
PIW12075;3;0;2
PIW12075;1;0.015;2
PIW12075;7;0.008;1
PIW12075;6;0.02;6
236A;11;0.04;6
236A;1;0.031;3
236A;4;0.173;3
236A;14;0.043;2
236A;9;0.164;1
236B;11;0.02;13
236B;3;0.108;3
236B;1;0.05;7
236B;4;0.03;7
236B;6;0.014;4
236B;8;0.077;1
IW12090;11;0.032;4
IW12090;2;0.06;3
IW12090;3;0;1
IW12090;1;0.018;4
IW12090;7;0.008;2
IW12090;6;0.02;6
F4680;2;0.43;3
F4680;3;0.11;4
F4680;1;0.026;1
F4680;4;0.013;1
F4680;5;0.191;1
F4680;6;0.02;4
F4680;10;0.102;1
F2962;11;0.039;1
F2962;1;0.036;1
F2962;4;0.029;1
F2962;5;0.073;1
F2962;10;0.057;1
F2713;11;0.039;1
F2713;1;0.066;2
F2713;4;0.049;2
F2713;5;0.073;2
F2713;10;0.057;1
IW120120;11;0.032;4
IW120120;2;0.06;3
IW120120;3;0;1
IW120120;1;0.018;4
IW120120;7;0.008;2
IW120120;6;0.02;6
PIW12090;11;0.032;4
PIW12090;2;0.06;3
PIW12090;3;0;1
PIW12090;1;0.018;4
PIW12090;7;0.008;2
PIW12090;6;0.02;6
CUBP9060;1;0.035;1
CUBP9060;4;0.029;1
CUBP9060;5;0.095;1
CUBP9060;6;0;4
CUBP9060;10;0.019;1
CUBP9060;14;0.043;2
10509139;2;0.038;1
1028;2;0.066;2
1028;3;0.09;4
1028;1;0.224;8
1028;4;0.237;8
1028;6;0.01;2
1028;14;0.043;2
1028;9;0.922;1
1130;11;0.375;3
1130;2;0.429;34
1130;3;0.456;14
1130;1;0.106;3
1130;4;0.375;3
1130;5;0.375;3
1130;6;0.105;17
1130;10;0.24;1
1130;14;0.105;6
389A;11;0.0047;1
389A;2;0.09;1
389A;6;0.003;1
CUB15060;3;0;4
CUB15060;1;0.039;1
CUB15060;4;0.032;1
CUB15060;5;0.095;1
CUB15060;6;0;4
CUB15060;10;0.019;1
CUB15060;14;0.043;2
CUBP12060;1;0.029;1
CUBP12060;4;0.022;1
CUBP12060;5;0.045;1
CUBP12060;10;0.019;1
CUBP12060;14;0.043;2
134AA;1;0.029;1
134AA;4;0.022;1
134AA;5;0.045;1
134AA;10;0.019;1
134AA;14;0.043;2
PIW12060;11;0.032;4
PIW12060;2;0.06;3
PIW12060;3;0;2
PIW12060;1;0.018;4
PIW12060;7;0.008;2
PIW12060;6;0.02;6
CUB6060;3;0;4
CUB6060;1;0.029;1
CUB6060;4;0.022;1
CUB6060;5;0.095;1
CUB6060;6;0;4
CUB6060;10;0.019;1
CUB6060;14;0.043;2
IW16060;11;0.092;4
IW16060;2;0.06;3
IW16060;3;0;1
IW16060;1;0.018;4
IW16060;7;0.008;2
IW16060;6;0.02;6
PIW16060;11;0.032;4
PIW16060;2;0.06;3
PIW16060;3;0.02;2
PIW16060;1;0.018;4
PIW16060;7;0.008;2
PIW16060;6;0.02;6
PIW160120;11;0.032;4
PIW160120;2;0.07;3
PIW160120;3;0;2
PIW160120;1;0.019;4
PIW160120;7;0.009;2
PIW160120;6;0.02;6
CUB9060;1;0.011;1
CUB9060;4;0.022;1
CUB9060;5;0.055;1
CUB9060;6;0;4
CUB9060;10;0.019;1
CUB9060;14;0.043;2
2041;1;0.068;1
2041;4;0.063;1
2041;9;0.0454;1
SETT01;11;0.1457;1
SETT01;3;0.0697;1
SETT01;6;0.038;1
SETT01;14;0.066;2
SETT02;11;0.0994;1
SETT02;3;0.0475;1
SETT02;6;0.0258;1
SETT02;14;0.033;2
SETT03;11;0.2186;1
SETT03;3;0.1045;1
SETT03;6;0.057;1
SETT03;14;0.066;2
SETT04;11;0.308;1
SETT04;3;0.1339;1
SETT04;6;0.0804;1
SETT04;14;0.099;2
SETT05;11;0.0895;1
SETT05;3;0.0428;1
SETT05;6;0.0233;1
SETT05;14;0.099;2
SETT06;11;0.2484;1
SETT06;3;0.1188;1
SETT06;6;0.0648;1
SETT06;14;0.099;2
SETT20;11;0.0276;4
SETT20;3;0.0856;1
SETT20;1;0.12;7
SETT20;4;0.0944;7
SETT20;6;0.0224;2
SETT20;14;0.0122;2
SETT20;8;0.224;1
SETT22;11;0.0138;4
SETT22;3;0.0428;2
SETT22;1;0.0693;7
SETT22;4;0.0428;7
SETT22;6;0.0112;2
SETT22;14;0.0061;2
SETT22;8;0.147;1
2021;11;0.0468;4
2021;2;0.056;1
2021;3;0.0624;1
2021;1;0.0342;1
2021;4;0.0404;1
2021;6;0.0248;1
2021;14;0.0156;2
2021;9;0.0712;1
636;10;0.01;1
636;14;0.083;2
UEL140;11;0.018;3
UEL140;2;0.066;7
UEL140;3;0.148;7
UEL140;1;0.029;2
UEL140;4;0.032;2
UEL140;5;0.165;2
UEL140;6;0.02;7
UEL140;10;0.109;1
UEL140;14;0.043;2
IW16090;11;0.032;4
IW16090;2;0.06;3
IW16090;3;0;1
IW16090;1;0.018;4
IW16090;6;0.02;6
IW16090;7;0.008;2
F4855;11;0.002;2
F4855;2;0.44;8
F4855;3;0.11;4
F4855;1;0.046;1
F4855;4;0.043;1
F4855;5;0.191;1
F4855;6;0.02;5
F4855;10;0.102;1
F4856;11;0.093;1
F4856;2;0.11;8
F4856;3;0.108;4
F4856;1;0.057;2
F4856;4;0.022;2
F4856;5;0.095;1
F4856;6;0.02;5
F4856;10;0.102;1
149SA;1;0.029;1
149SA;4;0.022;1
149SA;5;0.022;1
149SA;10;0.019;1
149SA;14;0.043;2
MR202N;11;0.045;2
MR202N;3;0.055;1
MR202N;6;0.002;1
MR202N;14;0.043;2
MOB-04.2;1;0.24;41
MOB-04.2;4;0.21;41
MOB-04.2;9;0.779;1
F4853;11;0.019;1
F4853;3;0.015;1
F4853;6;0.009;1
F4853;10;0.011;1
545;2;0.72;6
545;3;0.18;16
545;1;0.6;11
545;4;0.48;11
545;5;0.6;11
545;6;0.3;16
545;10;0.54;1
545;14;0.18;2
330;11;0.0047;1
330;2;0.05;1
330;6;0.005;1
UEB120;11;0.012;1
UEB120;2;0.08;6
UEB120;3;0.064;4
UEB120;1;0.029;1
UEB120;4;0.022;1
UEB120;5;0.095;1
UEB120;6;0.02;4
UEB120;10;0.019;1
UMJ150;11;0.024;2
UMJ150;2;0.08;6
UMJ150;3;0.064;4
UMJ150;1;0.029;1
UMJ150;4;0.022;1
UMJ150;5;0.095;1
UMJ150;6;0.02;4
UMJ150;10;0.019;1
216;12;0.0205;1
PIW120120;11;0.032;4
PIW120120;2;0.06;3
PIW120120;3;0.02;1
PIW120120;1;0.018;4
PIW120120;7;0.008;1
PIW120120;6;0.02;9
PIW16075;11;0.032;4
PIW16075;2;0.06;3
PIW16075;3;0.02;1
PIW16075;1;0.018;4
PIW16075;7;0.008;2
PIW16075;6;0.02;6
CUBP15060;3;0;4
CUBP15060;1;0.039;1
CUBP15060;4;0.032;1
CUBP15060;5;0.095;1
CUBP15060;6;0;4
CUBP15060;10;0.019;1
CUBP15060;14;0.043;2
461;11;0.02;1
461;12;0.0205;1
461;6;0.014;1
F4869;11;0.093;4
F4869;3;0.064;3
F4869;1;0.046;1
F4869;4;0.043;1
F4869;5;0.045;1
F4869;6;0.02;3
F4869;10;0.027;1
227;11;0.0576;2
227;1;0.0907;7
227;4;0.1728;7
227;6;0.0173;2
227;14;0.0288;2
227;9;0.4608;1
F2856;11;0.002;12
F2856;2;0.15;8
F2856;3;0.0996;9
F2856;1;0.084;11
F2856;4;0.078;11
F2856;5;0.095;3
F2856;6;0.0372;9
F2856;10;0.03;1
F2856;8;0.077;1
IW12075;11;0.032;4
IW12075;2;0.06;3
IW12075;1;0.018;4
IW12075;7;0.008;2
IW12075;6;0.02;6
F4876;3;0.192;3
F4876;1;0.03;1
F4876;4;0.007;1
F4876;5;0.051;1
F4876;6;0.0096;1
F4876;10;0.03;1
BASE-911;1;0.12;10
F4890;11;0.0084;1
F4890;2;0.03;1
F4890;6;0.005;2
186;11;0.0468;1
186;2;0.0624;4
186;3;0.0437;3
186;1;0.0468;1
186;4;0.0368;1
186;5;0.0468;1
186;6;0.0156;3
186;10;0.0406;1
186;14;0.0094;2
325CC;11;0.0047;1
325CC;2;0.05;1
325CC;6;0.005;2
BASE-912;1;0.12;16
BASE-913;1;0.12;16
K16BW03;11;0.02;2
K16BW03;2;0.051;10
K16BW03;1;0.0213;2
K16BW03;6;0.05;6
607;2;0.0968;2
607;3;0.06;3
607;1;0.1003;7
607;4;0.1305;7
607;6;0.0033;3
607;14;0.022;2
607;9;0.4073;1
F4887;11;0.0412;3
F4887;3;0.0495;1
F4887;1;0.0941;3
F4887;4;0.0975;3
F4887;5;0.1816;3
F4887;6;0.1247;2
F4887;10;0.0647;1
153SA;1;0.029;1
153SA;4;0.022;1
153SA;5;0.022;1
153SA;10;0.019;1
153SA;14;0.043;2
18090;11;0.0336;4
18090;2;0.1344;3
18090;3;0.0336;1
18090;1;0.0538;4
18090;7;0.0336;2
18090;6;0.0269;5
F4894;11;0.0112;2
F4894;2;0.0899;4
F4894;3;0.2006;4
F4894;1;0.1809;2
F4894;4;0.2056;2
F4894;5;0.2106;2
F4894;6;0.0768;6
F4894;10;0.1021;1
F4895;11;0.0112;2
F4895;2;0.0899;4
F4895;3;0.2006;4
F4895;1;0.1809;2
F4895;4;0.2056;2
F4895;5;0.2106;2
F4895;6;0.0768;6
F4895;10;0.1021;1
PIW16090;11;0.032;5
PIW16090;2;0.06;3
PIW16090;3;0.0338;2
PIW16090;1;0.018;2
PIW16090;6;0.02;6
1109;2;0.2508;6
1109;3;0.264;4
1109;1;0.066;1
1109;4;0.1584;1
1109;5;0.1116;1
1109;6;0.066;4
1109;10;0.1188;1
1109;14;0.0792;2
22001011;2;0.022;10
22001011;12;0.021935;1
2020;2;0.0345;1
2020;3;0.0384;1
2020;1;0.0211;1
2020;4;0.0249;1
2020;6;0.0153;1
2020;9;0.0392;1
2006;1;0.139;8
2006;4;0.2413;8
2006;5;0.0787;8
2006;14;0.0405;2
2006;9;0.5607;1
2008;1;0.2109;10
2008;4;0.2045;10
2008;14;0.036;2
2008;9;0.6165;1
247;2;0.117;10
247;3;0.155;10
247;1;0.0784;1
247;4;0.0568;1
247;5;0.0236;1
247;6;0.0432;10
247;10;0.1047;1
247;14;0.034;1
F4910;1;0.0784;1
F4910;4;0.0568;1
F4910;5;0.0236;1
F4910;10;0.0419;1
558;11;0.1392;3
558;2;0.0974;8
558;3;0.1392;4
558;1;0.1392;6
558;4;0.2088;6
558;6;0.1392;3
558;14;0.0696;2
558;9;0.181;1
559;11;0.12;6
559;2;0.084;9
559;3;0.12;4
559;1;0.12;4
559;4;0.18;4
559;6;0.12;2
559;14;0.06;2
559;9;0.156;1
535B;11;0.12;6
535B;4;0.0614;1
535B;5;0.0325;1
535B;7;0.0418;1
535B;10;0.0186;1
535B;14;0.0737;1
535A;1;0.0614;1
535A;4;0.0325;1
535A;5;0.0418;1
535A;10;0.0737;1
535A;14;0.0186;2
808A;1;0.0614;1
808A;4;0.0325;1
808A;5;0.0418;1
808A;10;0.0737;1
808A;14;0.0186;2
807;11;0.1704;6
807;2;0.426;10
807;3;0.2045;7
807;1;0.315;4
807;4;0.0258;4
807;5;0.2556;4
807;6;0.0852;11
807;10;0.1704;1
807;14;0.0511;4
620;2;0.1584;2
620;3;0.0792;3
620;1;0.0634;1
620;4;0.0634;1
620;5;0.0624;1
620;6;0.0264;3
620;10;0.0528;1
620;14;0.0158;2
F4753;11;0.04135;16
F4753;2;0.124;3
F4753;3;0.124;6
F4753;1;0.124;6
F4753;4;0.0992;6
F4753;5;0.124;6
F4753;6;0.04135;6
F4753;9;0.10745;1
F4913;1;0.2344;13
F4913;4;0.4531;13
F4913;5;0.3125;13
F4913;10;0.2344;1
2040;1;0.035;1
2040;4;0.0375;1
2040;5;0.023;1
2040;14;0.017;2
2040;9;0.027;1
1120;11;0.016;4
1120;2;0.168;6
1120;1;0.084;1
1120;5;0.126;1
1120;6;0.0672;4
1120;14;0.042;2
F4896;2;0.0263;1
F4896;3;0.1645;1
F4896;1;0.198;22
F4896;4;0.8541;22
F4896;6;0.0135;1
F4896;9;1.3185;1
314;1;0.087;9
314;4;0.1335;9
314;9;0.1481;1
F4892;1;0.0208;3
F4892;7;0.0464;1
1123;1;0.02075;2
1123;7;0.0463875;1
1123;10;0.5241;1
1123;14;0.01904375;2
F3590;2;0.24;10
F3590;3;0.108;10
F3590;1;0.036;14
F3590;4;0.072;14
F3590;5;0.108;14
F3590;6;0.024;10
F3590;10;0.72;1
F2866;11;0.1284;14
F2866;2;0.0912;4
F2866;3;0.0996;9
F2866;1;0.084;10
F2866;4;0.078;10
F2866;5;0.1082;2
F2866;6;0.0372;9
F2866;10;0.0408;1
F2866;8;0.061573333;1
F4957;11;0.0158;1
F4957;2;0.113;12
F4957;3;0.026;5
F4957;1;0.0315;1
F4957;4;0.0097;1
F4957;5;0.0255;1
F4957;6;0.041;5
F4957;10;0.0528;1
2010;1;0.2111;10
2010;4;0.2642;10
2010;14;0.036;4
2010;9;0.6161;1
838;7;0.05;1
F4926;2;0.0203;8
F4926;1;0.0703;2
F4926;7;0.025;2
F4926;10;0.1175;1
F4924;2;0.0203;8
F4924;1;0.0703;2
F4924;7;0.025;2
F4923;2;0.0203;8
F4923;1;0.0703;2
F4923;7;0.025;2
F4920;2;0.0203;8
F4920;1;0.0703;2
F4920;7;0.025;2
F4931;1;0.1304;7
F4931;4;0.1858;7
F4931;9;0.4334;1
2043;1;0.032266667;1
2043;4;0.0252;1
2043;14;0.016733333;2
2043;9;0.327;1
F4929;11;0.0061;11
F4929;3;0.078;2
F4929;1;0.069;7
F4929;4;0.081;7
F4929;6;0.014;1
F4929;9;0.183;1
F4914;11;0.0605;12
F4914;2;0.0725;4
F4914;3;0.0806;2
F4914;1;0.0823;3
F4914;4;0.0893;3
F4914;6;0.0337;2
F4914;9;0.113;1
F4915;11;0.056;12
F4915;2;0.069;4
F4915;3;0.0648;2
F4915;1;0.4276;14
F4915;4;0.3833;14
F4915;6;0.0312;2
F4915;9;1.1027;1
F4940B;11;0.02915;2
F4940B;1;0.026;1
F4940B;4;0.0291;1
F4940B;5;0.0191;1
F4940B;6;0.0312;2
F4940B;10;0.01945;1
F4940A;1;0.066;4
F4940A;4;0.0589;4
F4940A;5;0.0744;4
F4940A;10;0.0558;1
F2855;11;0.132;12
F2855;2;0.0777;4
F2855;3;0.1037;6
F2855;1;0.084;10
F2855;4;0.0816;10
F2855;5;0.1118;2
F2855;6;0.0384;6
F2855;10;0.0432;1
F2855;8;0.0706;1
F4928;11;0.176;46
F4928;2;0.1214;11
F4928;3;0.506;17
F4928;1;0.9139;115
F4928;4;2.628;115
F4928;6;0.083;17
F4928;9;4.116;1
F3903;11;0.2801;2
F3903;2;0.3618;7
F3903;3;0.3276;7
F3903;1;0.0872;1
F3903;4;0.1994;1
F3903;5;0.2534;1
F3903;6;0.1404;7
F3903;10;0.2959;1
F4868A;11;0.03;15
F4868A;3;0.11;3
F4868A;1;0.027;2
F4868A;4;0.023;2
F4868A;6;0.014;4
F4868A;8;0.147;1
705;1;0.192;12
705;4;0.2044;12
705;14;0.011;2
705;9;0.1396;1
F4959;11;0.018;2
F4959;2;0.066;10
F4959;3;0.029;7
F4959;1;0.032;3
F4959;4;0.165;3
F4959;5;0.165;3
F4959;6;0.02;8
F4959;10;0.109;1
21818;1;1.53;17
21818;4;1.0842;17
21818;5;0.2658;17
21818;10;1.2;1
21818;14;0.083;4
F4991;2;0.06;2
F4991;3;0.06;3
F4991;1;0.047;2
F4991;4;0.022;2
F4991;5;0.065;2
F4991;6;0.002;3
F4991;10;0.092;1
CUBIERTA919/929;1;0.039;1
CUBIERTA919/929;4;0.032;1
CUBIERTA919/929;5;0.095;1
22401013;2;0.0216;1
597;10;0.0528;1
597;14;0.0264;2
STRCST;3;0.08;1
STRCST;1;0.406;12
STRCST;4;0.25;12
STRCST;6;0.053;1
STRCST;14;0.08;4
STRCST;9;0.6085;1
265;11;0.0464;4
265;2;0.2083;8
265;3;0.2473;3
265;1;0.0344;1
265;4;0.023;1
265;5;0.0547;1
265;6;0.0331;3
265;10;0.0583;1
265;14;0.0324;2
F3538;11;0.6912;1
F3538;2;0.8295;26
F3538;3;0.7834;4
F3538;1;0.288;8
F3538;4;0.6912;8
F3538;5;0.4608;1
F3538;6;0.2304;4
F3538;10;0.576;1
F4986;11;0.006;4
F4986;2;0.04;5
F4986;3;0.026;4
F4986;1;0.136;3
F4986;4;0.085;2
F4986;6;0.041;4
F4986;9;0.2522;1
F4983;1;0.0198;7
F4983;4;0.0125;7
F4983;5;0.0528;7
F4983;10;0.0449;1
630E;1;0.0791;1
630E;4;0.0667;1
630E;5;0.0667;1
630E;10;0.105;1
630E;14;0.015;2
630F;1;0.0791;1
630F;4;0.0667;1
630F;5;0.0667;1
630F;10;0.105;1
630F;14;0.015;2
LITSC801;11;0.0552;2
LITSC801;2;0.0969;7
LITSC801;3;0.0828;4
LITSC801;1;0.0135;4
LITSC801;4;0.1655;4
LITSC801;5;0.1656;4
LITSC801;6;0.0276;4
LITSC801;10;0.0938;1
LITSC801;14;0.0166;2
22401012;2;0.0216;1
F4980;11;0.016;2
F4980;2;0.029;5
F4980;3;0.03;4
F4980;1;0.434;5
F4980;4;0.312;4
F4980;6;0.024;6
F4980;9;0.52;1
796;3;0.0648;1
796;1;0.162;8
796;4;0.1944;8
796;6;0.0324;1
796;14;0.0324;2
796;9;0.1296;1
F4997A;11;0.2514;3
F4997A;3;0.1432;1
F4997A;1;0.2756;3
F4997A;4;0.2356;3
F4997A;5;0.2976;3
F4997A;6;0.0496;1
F4997A;10;0.2352;1
F4979;11;0.1392;3
F4979;2;0.0974;8
F4979;3;0.1392;4
F4979;1;0.1392;6
F4979;4;0.2088;6
F4979;6;0.1392;3
F4979;9;0.181;1
ZU290;11;0.006;6
ZU290;2;0.04;7
ZU290;3;0.026;4
ZU290;1;0.136;5
ZU290;4;0.085;4
ZU290;6;0.041;6
ZU290;14;0.0193;2
ZU290;9;0.2522;1
ZU310;11;0.016;2
ZU310;2;0.029;5
ZU310;3;0.03;4
ZU310;1;0.214;5
ZU310;4;0.312;4
ZU310;6;0.024;6
ZU310;14;0.043;2
ZU310;9;0.52;1
55139;11;0.0504;1
55139;2;0.0672;2
55139;3;0.047;3
55139;1;0.0504;1
55139;4;0.0504;1
55139;5;0.0504;1
55139;6;0.0168;3
55139;10;0.0437;1
55139;14;0.0101;2
ZU490;11;0.125;2
ZU490;3;0.23;1
ZU490;1;0.28;4
ZU490;4;0.153;3
ZU490;6;0.09;6
ZU490;14;0.021;2
ZU490;9;0.315;1
7-95MWMET;14;0.04;1
719-KIT;11;0.0059;5
719-KIT;3;0.0065;1
719-KIT;6;0.0058;1
719-KIT;10;0.0089;1
719-KIT;14;0.0046;2
F5022;11;0.0662;11
F5022;3;0.0464;4
F5022;1;0.1192;9
F5022;4;0.1457;9
F5022;6;0.0199;5
F5022;8;0.2318;1
264;11;0.046;6
264;2;0.2083;6
264;3;0.2473;3
264;1;0.034;1
264;4;0.023;1
264;5;0.054675;1
264;6;0.033125;3
264;10;0.0583;1
264;14;0.0276;2
MOB-05.1(KIT);2;0.0212;2
MOB-05.1(KIT);1;0.035557143;1
MOB-05.1(KIT);4;0.053285714;1
MOB-05.1(KIT);5;0.0126;1
MOB-05.1(KIT);6;0.0123;2
MOB-05.1(KIT);10;0.047328571;1
MOB-05.1(KIT);14;0.008642857;2
MOB-07.1(KIT);2;0.0212;2
MOB-07.1(KIT);1;0.035557143;1
MOB-07.1(KIT);4;0.053285714;1
MOB-07.1(KIT);5;0.0126;1
MOB-07.1(KIT);6;0.0123;2
MOB-07.1(KIT);10;0.047328571;1
MOB-07.1(KIT);14;0.008642857;2
1053;2;0.1548;2
1053;3;0.1548;4
1053;1;0.09288;9
1053;4;0.1651;9
1053;6;0.0516;4
1053;14;0.051;4
1053;9;0.258;1
1012A;1;0.025;1
1012A;4;0.082;1
1012A;5;0.082;1
1012A;10;0.034;1
1012A;14;0.018;2
22501097;11;0.05;1
ZU733;11;0.036;1
ZU733;2;0.072;2
ZU733;3;0.054;4
ZU733;1;0.108;1
ZU733;4;0.108;1
ZU733;5;0.108;1
ZU733;6;0.018;1
ZU733;10;0.072;1
ZU293-1;11;0.006;6
ZU293-1;2;0.04;6
ZU293-1;3;0.026;4
ZU293-1;1;0.136;5
ZU293-1;4;0.085;4
ZU293-1;6;0.041;7
ZU293-1;14;0.0193;2
ZU293-1;9;0.2522;1
ZU135;1;0.282;9
ZU135;4;0.24816;9
ZU135;14;0.0564;2
ZU135;9;0.2256;1
ZU3103BOX2;2;0.0269;2
ZU3103BOX2;3;0.1822;4
ZU3103BOX2;1;0.1133;1
ZU3103BOX2;6;0.083;1
ZU3103BOX2;9;0.1467;1
BASE-921;1;0.12;10
ZU735;2;0.04;2
ZU735;3;0.03;3
ZU735;1;0.136;4
ZU735;4;0.085;4
ZU735;6;0.0003;3
ZU735;14;0.022;2
ZU735;9;0.5688;1
F5020;5;0.051;1
F5020;10;0.03;1
F5020;14;0.043;4
CUBSETT-S150;11;0.0072;2
CUBSETT-S150;2;0.0108;2
CUBSETT-S150;3;0.0264;1
CUBSETT-S150;1;0.0456;1
CUBSETT-S150;4;0.0084;1
CUBSETT-S150;5;0.006;1
CUBSETT-S150;6;0.0048;1
CUBSETT-S150;10;0.0108;1
CUBSETT-S150;14;0.0214;2
135G;1;0.021;1
135G;4;0.0196;1
135G;5;0.0252;1
135G;14;0.19;1
135G;9;0.036;1
SKT;1;0.0358;1
SKT;4;0.0156;1
SKT;5;0.024;1
SKT;10;0.0192;1
SKT;14;0.0048;2
F5029;11;0.0198;12
F5029;3;0.00225;3
F5029;1;0.05057;7
F5029;4;0.05291;7
F5029;6;0.01361;3
F5029;8;0.22582;1
F5032;11;0.0396;2
F5032;1;0.099;3
F5032;4;0.0798;3
F5032;5;0.039;3
F5032;6;0.011;2
F5032;10;0.1188;3
F5032;14;0.0198;2
IL-18075;11;0.0448;4
IL-18075;2;0.0807;28
IL-18075;1;0.0782;2
IL-18075;7;0.025;2
IL-18075;6;0.0043;4
POST-180T;11;0.0088;2
POST-180T;2;0.022;5
POST-180T;6;0.0062;1
POST-180X;11;0.0088;2
POST-180X;2;0.022;9
POST-180X;6;0.0062;1
AC-140150;11;0.0345;2
AC-140150;2;0.0728;20
AC-140150;1;0.0927;8
AC-140150;7;0.025;2
AC-140150;6;0.0116;2
DES846MADERA;1;0.07;1
DES846MADERA;4;0.02;1
DES846MADERA;5;0.1;1
DES846MADERA;14;0.03;2
F5049;1;0.1434;4
F5049;4;0.1248;4
F5049;14;0.0482;2
F5049;9;0.8569;1
900KIT;11;0.0035;4
900KIT;2;0.0076;2
900KIT;3;0.012;2
900KIT;6;0.0224;2
900KIT;14;0.0072;2
900KIT;9;0.036;1
SET2P-MET;11;0.0065;8
SET2P-MET;2;0.0096;4
SET2P-MET;3;0.12;4
SET2P-MET;6;0.0224;4
SET3P-MET;11;0.0065;8
SET3P-MET;2;0.0096;4
SET3P-MET;3;0.12;4
SET3P-MET;6;0.0224;4
F5056;11;0.006;2
F5056;2;0.04;5
F5056;3;0.026;4
F5056;1;0.136;5
F5056;4;0.085;4
F5056;6;0.041;6
F5056;14;0.0193;2
F5056;9;0.2522;1
1152;11;0.2445;15
1152;2;0.3229;2
1152;3;0.179;2
1152;1;0.4279;13
1152;4;0.4804;13
1152;14;0.292;4
1152;8;0.258;1
1152;9;1.0465;1
105A;1;0.025;1
105A;4;0.0156;1
105A;5;0.0067;1
105A;14;0.01;2
105A;8;0.021;1
F4971;1;0.216;4
F4971;4;0.3511;4
F4971;5;0.4635;4
F4971;6;0.0421;4
F4971;10;0.1966;1
F4971;14;0.0124;2
F5036;3;0.0258;2
F5036;1;0.6529;26
F5036;4;0.8705;26
F5036;6;0.0158;2
F5036;14;0.1451;4
F5036;9;0.7455;1
2027;11;0.0234;4
2027;2;0.028;2
2027;3;0.0312;1
2027;6;0.0124;1
2027;10;0.0556;1
2027;14;0.0078;2
2000;1;0.163;8
2000;4;0.2322;8
2000;14;0.03005;2
2000;9;0.5418;1
2028;11;0.0198;4
2028;2;0.0237;2
2028;3;0.0264;1
2028;6;0.0105;1
2028;14;0.0066;2
2028;9;0.0532;1
F5046;11;0.011;2
F5046;2;0.06;6
F5046;3;0.063;4
F5046;1;0.029;1
F5046;4;0.022;1
F5046;5;0.095;1
F5046;6;0.02;5
F5046;10;0.019;1
F5046;14;0.043;2
1106;11;0.9984;12
1106;2;1.1784;68
1106;3;1.188;36
1106;1;0.245;7
1106;4;0.7877;7
1106;5;0.7992;7
1106;6;0.3096;36
1106;10;0.5592;1
1106;14;0.3715;8
2022;11;0.0198;4
2022;2;0.0237;2
2022;3;0.0264;1
2022;1;0.0145;1
2022;4;0.0172;1
2022;6;0.0105;1
2022;14;0.0066;2
2022;9;0.0332;1
F3214;1;0.0652;1
F3214;4;0.0652;1
F3214;5;0.0652;1
F3214;10;0.0734;1
F3214;14;0.0354;2
STRCONT60;11;0.0258;1
STRCONT60;2;0.0322;2
STRCONT60;3;0.0322;2
STRCONT60;1;0.2094;1
STRCONT60;4;0.1094;1
STRCONT60;5;0.1094;1
STRCONT60;6;0.1287;3
STRCONT60;10;0.0775;1
STRCONT60;14;0.039;2
D807;11;0.1704;6
D807;2;0.426;10
D807;3;0.2045;7
D807;1;0.315;4
D807;4;0.0258;4
D807;5;0.2556;4
D807;6;0.0852;11
D807;10;0.1704;1
D807;14;0.0511;4
F3099;11;0.0576;2
F3099;1;0.1555;6
F3099;4;0.0864;6
F3099;6;0.0173;2
F3099;14;0.0288;2
F3099;9;0.1152;1
F3100;11;0.035;5
F3100;3;0.035;3
F3100;1;0.021;1
F3100;4;0.027;1
F3100;6;0.0052;3
F3100;14;0.0058;2
F3100;9;0.023;1
F5073;2;0.1523;13
F5073;3;0.16145;7
F5073;1;0.083;1
F5073;4;0.031325;1
F5073;5;0.129675;1
F5073;6;0.028075;7
F5073;10;0.14585;1
F5073;14;0.0626;4
F5078;2;0.114;6
F5078;3;0.12;4
F5078;1;0.006266667;1
F5078;4;0.072;1
F5078;5;0.071766667;1
F5078;6;0.03;4
F5078;10;0.054;1
F5078;14;0.036;2
175J;11;0.033;2
175J;6;0.01;2
175J;9;0.025;1
FB122M;3;0.073;1
FB122M;1;0.242;11
FB122M;4;0.363;11
FB122M;14;0.024;4
FB122M;9;0.435;1
STRBK;2;0.1008;3
STRBK;3;0.1008;3
STRBK;1;0.1008;3
STRBK;4;0.08064;3
STRBK;5;0.1008;3
STRBK;6;0.0336;3
STRBK;14;0.0336;2
STRBK;9;0.08736;1
STRRECCURPW;11;0.05472;2
STRRECCURPW;2;0.2036;2
STRRECCURPW;1;0.2334;4
STRRECCURPW;4;0.1896;4
STRRECCURPW;6;0.0412;4
STRRECCURPW;14;0.0912;4
STRRECCURPW;9;0.21184;1
F5088;11;0.0132;1
F5088;2;0.01518;2
F5088;3;0.08464;4
F5088;1;0.03248;1
F5088;4;0.0241;1
F5088;5;0.09976;1
F5088;6;0.02732;4
F5088;10;0.023;1
SV751;11;0.08736;1
SV751;2;0.2016;7
SV751;3;0.1008;7
SV751;1;0.047;2
SV751;4;0.0318;2
SV751;5;0.08064;2
SV751;6;0.0336;8
SV751;10;0.14784;1
SV751;14;0.02016;2
246;2;0.0864;5
246;3;0.0816;2
246;1;0.072;1
246;4;0.0388;1
246;5;0.0236;1
246;6;0.0288;5
246;10;0.0638;1
246;14;0.024;2
434;7;0.02;1
F5082;11;0.0147375;8
F5082;2;0.136075;3
F5082;1;0.0433;4
F5082;6;0.0186;5
F5082;14;0.0215625;2
2055;11;0.0525;4
2055;3;0.0245;2
2055;1;0.0686;1
2055;4;0.0464;1
2055;5;0.0564;1
2055;6;0.0098;2
2055;10;0.0368;1
2055;14;0.0123;2
N106A;1;0.01385;1
N106A;4;0.00735;1
N106A;8;0.0171;1
N106F;1;0.0138;1
N106F;4;0.0074;1
N106F;8;0.0171;1
N106LD;1;0.009;1
N106LD;4;0.0048;1
N106LD;8;0.0171;1
1000A;1;0.0254;1
1000A;4;0.0237;1
1000A;5;0.052;1
1000A;10;0.056;1
1000A;14;0.042;2
1156AF;1;0.025;1
1156AF;4;0.008;1
1156AF;5;0.036;1
1156AF;14;0.016;2
1156AF;9;0.012;1
22001013;2;0.022;1
22001013;12;0.021935;1
F5100;1;0.2376;6
F5100;4;0.1584;6
F5100;6;0.0039;24
F5100;14;0.0396;2
F5100;9;0.1584;1
STRCURRECTOP;11;0.06756;2
STRCURRECTOP;2;0.03228;2
STRCURRECTOP;3;0.21864;4
STRCURRECTOP;1;0.13596;1
STRCURRECTOP;6;0.0996;1
STRCURRECTOP;9;0.17604;1
1006A;1;0.001;1
1006A;4;0.0648;1
1006A;5;0.0648;1
1006A;10;0.0432;1
1006A;14;0.0216;2
1062X;3;0.0305;1
1062X;6;0.0128;1
1062X;10;0.0256;1
1062X;14;0.02;2
F5107;11;0.0247;2
F5107;3;0.0195;1
F5107;6;0.0117;1
F5107;10;0.0143;1
F5107;14;0.0104;2
F5117;1;0.2376;6
F5117;4;0.1584;6
F5117;6;0.0039;24
F5117;14;0.0396;2
F5117;9;0.1584;1
AC-120120;11;0.0312;4
AC-120120;2;0.0618;16
AC-120120;1;0.06;2
AC-120120;7;0.025;2
AC-120120;6;0.0083;1
AC-120150;11;0.0345;2
AC-120150;2;0.0655;20
AC-120150;1;0.0803;4
AC-120150;7;0.025;2
AC-120150;6;0.0116;3
POST-120I;11;0.0067;2
POST-120I;2;0.0168;6
POST-120I;6;0.0047;1
POST-120T;11;0.0069;2
POST-120T;2;0.0174;5
POST-120T;6;0.0049;1
AP-120120;11;0.0312;2
AP-120120;2;0.0622;7
AP-120120;1;0.0553;4
AP-120120;7;0.025;2
AP-120120;6;0.0083;1
IL-12075;11;0.0336;1
IL-12075;2;0.0792;4
IL-12075;1;0.0603;4
IL-12075;7;0.025;2
IL-12075;6;0.0057;1
IL-12075;14;0.0058;2
POST-120V;11;0.0067;2
POST-120V;2;0.0168;5
POST-120V;6;0.0047;1
POST-120Y;11;0.00695;5
POST-120Y;2;0.0174;2
POST-120Y;6;0.00485;1
526A;1;0.019514286;1
526A;4;0.0298;1
526A;5;0.0348;1
526A;10;0.0458;1
526A;14;0.0158;2
762C;5;0.08;1
762C;6;0.0054;4
762C;10;0.1008;1
762C;14;0.0738;2
22120006;11;0.0035;1
22120005;11;0.0035;1
1145;11;0.7632;12
1145;2;0.9;38
1145;3;0.9084;22
1145;1;0.149;7
1145;4;0.5995;7
1145;5;0.6096;7
1145;6;0.2364;34
1145;10;0.4272;1
1145;14;0.2837;12
IWBSI150;11;0.0485625;5
IWBSI150;3;0.0485625;1
IWBSI150;6;0.02325;1
IWBSI150;10;0.0276;1
CUBZIG120;11;0.0019;4
CUBZIG120;2;0.0185;3
CUBZIG120;1;0.0392;1
CUBZIG120;4;0.039;1
CUBZIG120;5;0.0433;1
CUBZIG120;6;0.009;7
CUBZIG120;10;0.0597;1
CUBZIG120;14;0.045;2
SETT23;11;0.0138;4
SETT23;3;0.0472;1
SETT23;1;0.0652;7
SETT23;4;0.0428;7
SETT23;6;0.0112;2
SETT23;14;0.0061;2
SETT23;8;0.147;1
F5121;1;0.2693;5
F5121;4;0.4488;5
F5121;5;0.5924;5
F5121;6;0.0539;8
F5121;10;0.2513;1
MOB-03RDL;1;0.0182;1
MOB-03RDL;4;0.0032;1
MOB-03RDL;14;0.057;2
MOB-03RDL;9;0.0171;1
DES305;1;0.025;1
DES305;4;0.01;1
DES305;14;0.001;2
DES305;8;0.0225;1
2211;1;0.008;2
2211;7;0.001984507;3
2211;12;0.036;1
2211;6;0.008992019;1
A658;2;0.036;3
A658;3;0.0432;3
A658;7;0.018;3
A658;6;0.072;3
A658;14;0.0108;2
F5143;2;0.14905;4
F5143;3;0.09935;4
F5143;1;0.027;1
F5143;4;0.0218;1
F5143;5;0.0745;1
F5143;6;0.02485;4
F5143;10;0.0497;1
F5143;14;0.0216;2
1001-1A;1;0.036;1
1001-1A;4;0.0596;1
1001-1A;5;0.0596;1
1001-1A;10;0.0484;1
1001-1A;14;0.0384;2
2213;1;0.008;2
2213;7;0.012;2
2213;12;0.0396;1
2213;6;0.0168;1
N168A;3;0.035;1
N168A;6;0.011;1
N168A;14;0.0058;2
N168A;9;0.022;1
N168B;3;0.035;1
N168B;6;0.011;1
N168B;14;0.0058;2
N168B;9;0.022;1
F3483;7;0.00545;8
F3483;12;0.136;1
F3483;6;0.0544;1
F5159;11;0.4637;6
F5159;2;0.5987;23
F5159;3;0.608;13
F5159;1;0.1452;4
F5159;4;0.3918;4
F5159;5;0.4028;4
F5159;6;0.1499;19
F5159;10;0.2587;1
F5159;14;0.1714;8
SV750;2;0.1296;6
SV750;3;0.0864;4
SV750;1;0.0156;1
SV750;4;0.0112;1
SV750;5;0.038;1
SV750;6;0.0216;4
SV750;10;0.0432;1
SV750;14;0.0216;2
MOB-15;1;0.1589;8
MOB-15;4;0.0552;8
MOB-15;14;0.0516;2
MOB-15;9;0.1348;1
22501017;11;0.013;1
F4838;1;0.156;3
F4838;4;0.156;3
F4838;5;0.078;3
F4838;6;0.0026;4
F4838;10;0.1872;1
F4838;14;0.0468;2
F4836;1;0.02956;1
F4836;4;0.04144;1
F4836;5;0.05356;1
F4836;7;0;1
F4836;6;0.00258;4
F4836;10;0.0759;1
F4836;14;0.04816;2
F4834;11;0.00258;1
F4834;1;0.1342;4
F4834;4;0.1158;4
F4834;5;0.144;4
F4834;10;0.1401;1
F4834;14;0.072;2
F4835;11;0.00258;1
F4835;1;0.0672;2
F4835;4;0.1008;2
F4835;5;0.047;2
F4835;10;0.0874;1
F4835;14;0.0202;2
1201;2;0.0893;4
1201;3;0.1175;4
1201;1;0.0009;2
1201;4;0.0979;2
1201;5;0.0979;2
1201;6;0.0326;4
1201;10;0.0653;1
1201;14;0.0326;2
1205;2;0.073;3
1205;3;0.0689;3
1205;1;0.0158;1
1205;4;0.0648;1
1205;5;0.0608;1
1205;6;0.0178;3
1205;10;0.0415;1
1205;14;0.04;2
1208;2;0.0438;2
1208;3;0.0414;2
1208;1;0.0095;1
1208;4;0.0389;1
1208;5;0.0365;1
1208;6;0.0107;2
1208;10;0.0249;1
1208;14;0.024;2
1262;11;0.0412;8
1262;2;0.1236;10
1262;3;0.0988;7
1262;1;0.0824;2
1262;4;0.1895;2
1262;5;0.0659;2
1262;6;0.0412;7
1262;10;0.14;1
1262;14;0.0412;2
1310;11;0.1642;4
1310;2;0.1949;10
1310;3;0.2052;4
1310;1;0.0107;1
1310;4;0.1231;1
1310;5;0.1227;1
1310;6;0.0513;4
1310;10;0.0923;1
1310;14;0.072;2
1321;11;0.1135;12
1321;2;0.3417;24
1321;3;0.205;8
1321;1;0.0892;3
1321;4;0.1294;3
1321;5;0.1028;3
1321;6;0.0616;8
1321;10;0.1109;1
1321;14;0.0739;4
1210;11;0.0348;6
1210;2;0.1494;10
1210;3;0.1387;4
1210;1;0.0393;1
1210;4;0.0388;1
1210;5;0.0424;1
1210;6;0.0408;4
1210;10;0.0816;1
1210;14;0.0408;2
2203;11;0.03;4
2203;1;0.1414;18
2203;4;0.0835;10
2203;5;0.3541;10
2203;6;0.0078;29
2203;10;0.0358;1
2203;14;0.0236;4
927;1;0.1283;15
927;7;0.2691;2
927;14;0.0356;1
2208;11;0.0101;2
2208;1;0.066;17
2208;4;0.0481;15
2208;6;0.0112;29
2208;14;0.0236;2
2208;8;0.0912;1
2204;11;0.015;2
2204;1;0.1514;18
2204;4;0.1;10
2204;5;0.3653;10
2204;6;0.0189;29
2204;10;0.0358;1
2204;14;0.0236;4
2206A;1;0.0817;4
2206A;4;0.0541;4
2206A;5;0.076;4
2206A;10;0.0179;1
2206A;14;0.0236;2
2206B;11;0.014;3
2206B;1;0.1081;16
2206B;4;0.0631;14
2206B;5;0.2515;4
2206B;6;0.0201;32
2206B;10;0.0179;1
2206B;14;0.0236;6
2210A;1;0.1514;4
2210A;4;0.1;4
2210A;5;0.076;4
2210A;10;0.0179;1
2210A;14;0.0236;2
2210B;1;0.0817;18
2210B;4;0.0541;16
2210B;5;0.3089;3
2210B;6;0.0201;31
2210B;10;0.0358;1
2210B;14;0.0236;4
2210C;11;0.0072;2
2210C;1;0.0383;2
2210C;4;0.0339;2
2210C;5;0.0459;2
2210C;10;0.0179;1
2210C;14;0.0236;2
2210D;3;0.0167;1
2210D;1;0.1224;10
2210D;4;0.1224;10
2210D;6;0.0115;3
2210D;14;0.0236;2
2210D;9;0.1646;1
2207A;1;0.0817;4
2207A;4;0.0541;4
2207A;5;0.076;4
2207A;10;0.0179;1
2207A;14;0.0236;2
2207B;1;0.0817;4
2207B;4;0.0541;4
2207B;5;0.0459;4
2207B;10;0.0179;1
2207B;14;0.0236;2
2207C;11;0.0072;1
2207C;1;0.0383;2
2207C;4;0.0339;2
2207C;5;0.076;2
2207C;10;0.0179;1
2207C;14;0.0236;2
2209A;1;0.0412;8
2209A;4;0.1194;8
2209A;6;0.0147;19
2209A;14;0.0236;2
2209A;9;0.0707;1
2209B;11;0.0108;3
2209B;1;0.0495;7
2209B;4;0.1247;7
2209B;14;0.0236;2
2209B;9;0.0594;1
103SA;1;0.0589;1
103SA;4;0.04;1
103SA;5;0.04;1
103SA;10;0.0583;1
103SA;14;0.0426;2
STRBKLF;2;0.1;13
STRBKLF;3;0.036;3
STRBKLF;1;0.081;3
STRBKLF;4;0.0395;3
STRBKLF;6;0.018;3
STRBKLF;14;0.018;2
STRBKLF;9;0.03915;1
677;11;0.0576;14
677;3;0.0403;4
677;1;0.1037;7
677;4;0.1267;7
677;6;0.0173;5
677;8;0.144;1
STRSTRECPW;11;0.10846;6
STRSTRECPW;2;0.18096;5
STRSTRECPW;1;0.25332;5
STRSTRECPW;4;0.25346;5
STRSTRECPW;6;0.09048;9
STRSTRECPW;14;0.0366;2
STRSTRECPW;9;0.36192;1
F3714;7;0.14;2
F3715;7;0.014;1
F3831;7;0.084;2
1122;1;0.0221;1
1122;7;0.05038;1
1122;14;0.02622;2
MOB10C-PUERT;1;0.0288;2
MOB10C-PUERT;4;0.0445;2
MOB10C-PUERT;14;0.0108;2
MOB10C-PUERT;9;0.0223;1
SETT21;11;0.0138;4
SETT21;3;0.0428;1
SETT21;1;0.058;7
SETT21;4;0.0472;7
SETT21;6;0.0112;2
SETT21;14;0.0061;2
SETT21;8;0.112;1
F5188;11;0.0079;2
F5188;6;0.0034;1
F5188;10;0.0049;1
F5188;14;0.005;2
F5161;1;0.6101;24
F5161;4;0.4304;24
F5161;14;0.1557;4
F5161;9;0.833;1
1016;11;0.108;2
1016;2;0.1296;2
1016;3;0.1224;2
1016;1;0.0365;1
1016;4;0.108;1
1016;5;0.0715;1
1016;6;0.036;4
1016;10;0.072;1
1016;14;0.036;2
KLASS03B;1;0.085;1
KLASS03B;4;0.031;1
KLASS03B;5;0.031;1
KLASS03B;14;0.036;2
KLASS03B;9;0.045;1
1025;2;0.066;2
1025;3;0.09;4
1025;1;0.204;10
1025;4;0.207;10
1025;6;0.01;2
1025;14;0.043;4
1025;9;0.922;1
F5209;1;0.348;12
F5209;4;0.306241667;12
F5209;6;0.041758333;14
F5209;14;0.0696;4
F5209;9;0.4872;1
F5210;3;0.08855;3
F5210;1;0.0853;12
F5210;4;0.17247;12
F5210;6;0.01037;3
F5210;14;0.04816;4
F5210;8;0.179;1
F5210;9;0.29719;1
MOB-03BA;1;0.01275;1
MOB-03BA;4;0.02235;1
MOB-03BA;14;0.004;2
MOB-03BA;9;0.01195;1
305A;1;0.0098;1
305A;4;0.0078;1
305A;14;0.008;2
305A;8;0.013;1
123SA;1;0.0145;1
123SA;4;0.0125;1
123SA;5;0.0327;1
123SA;10;0.035;1
123SA;14;0.021;2
120S2013B;5;0.1;1
120S2013B;10;0.001;1
120SJ;1;0.0158;1
120SJ;4;0.0258;1
120SJ;5;0.0264;1
120SJ;10;0.0561;1
120SJ;14;0.005;2
135CUB;1;0.0125;1
135CUB;4;0.06;1
135CUB;14;0.014;2
135CUB;9;0.01;1
133AA;1;0.0158;1
133AA;4;0.0489;1
133AA;5;0.0489;1
133AA;10;0.0306;1
133AA;14;0.0135;2
MOB-03AA;1;0.0306;1
MOB-03AA;4;0.0327;1
MOB-03AA;14;0.0324;2
MOB-03AA;9;0.0723;1
1162013A1;1;0.0125;1
1162013A1;4;0.06;1
1162013A1;14;0.014;2
1162013A1;9;0.01;1
650G;1;0.1;1
650G;4;0.035;1
650G;10;0.1;1
650G;14;0.011;2
702B;1;0.1;1
702B;4;0.035;1
702B;5;0.1;1
702B;10;0.0001;1
702B;14;0.0026;2
AG702A;1;0.1;1
AG702A;4;0.035;1
AG702A;5;0.1;1
AG702A;10;0.0001;1
AG702A;14;0.0026;2
DES735;1;0.0125;1
DES735;4;0.06;1
DES735;14;0.014;2
DES735;9;0.01;1
1072LAT;1;0.018;1
1072LAT;4;0.018;1
1072LAT;5;0.013;1
1072LAT;8;0.018;1
F4181;11;0.1143;2
F4181;2;0.0259;2
F4181;3;0.2052;5
F4181;1;0.3052;2
F4181;4;0.1052;2
F4181;5;0.2052;2
F4181;6;0.0432;5
F4181;10;0.1296;1
F4181;14;0.0492;2
1212;11;0.1151;5
1212;2;0.1381;6
1212;3;0.1304;4
1212;1;0.0421;1
1212;4;0.073;1
1212;5;0.1151;1
1212;6;0.0384;5
1212;10;0.0767;1
1212;14;0.0384;2
1215;11;0.1151;3
1215;2;0.1381;4
1215;3;0.1304;3
1215;1;0.0421;1
1215;4;0.073;1
1215;5;0.1151;1
1215;6;0.0384;4
1215;10;0.0767;1
1215;14;0.0384;2
POST-PLACA;2;0.0058;1
POST-PLACA;6;0.0014;1
F4690;1;0.2116;12
F4690;4;0.3158;8
F4690;7;0.169;4
F4690;14;0.0223;6
F4690;9;0.2516;1
2007;1;0.17536;8
2007;4;0.2472;8
2007;6;0.0378;2
2007;14;0.033;2
2007;9;0.5768;1
2052;11;0.0318;4
2052;3;0.0212;2
2052;1;0.0593;1
2052;4;0.0258;1
2052;5;0.0229;1
2052;6;0.0085;2
2052;10;0.0318;1
2052;14;0.0106;2
F5237;11;0.005;2
F5237;3;0.121;1
F5237;6;0.0216;1
F5237;10;0.019;1
F5237;14;0.043;2
F5238;11;0.286;5
F5238;2;0.952;7
F5238;3;0.25;2
F5238;1;0.568;2
F5238;4;0.6;2
F5238;5;0.0536;2
F5238;6;0.02;7
F5238;10;0.043;1
22120007;11;0.0039;1
F5216;1;0.077266667;6
F5216;4;0.097566667;6
F5216;6;0.0058;35
F5216;14;0.052966667;2
F5216;9;0.221433333;1
1060;11;0.0756;4
1060;2;0.2268;7
1060;3;0.1814;7
1060;1;0.1512;2
1060;4;0.3477;2
1060;5;0.1209;2
1060;6;0.0756;9
1060;10;0.257;1
1060;14;0.0756;4
21810A;1;0.1;1
21810A;4;0.035;1
21810A;5;0.1;1
21810A;10;0.0001;1
21810A;14;0.0026;2
F4964A;1;0.1;1
F4964A;4;0.035;1
F4964A;5;0.1;1
F4964A;10;0.0001;1
F4964A;14;0.0026;2
1100A;1;0.1;1
1100A;4;0.035;1
1100A;5;0.1;1
1100A;10;0.0001;1
1100A;14;0.0026;2
1110;2;0.228;4
1110;3;0.24;4
1110;1;0.0125;1
1110;4;0.144;1
1110;5;0.1435;1
1110;6;0.06;4
1110;10;0.108;1
1110;14;0.072;2
F5236;11;0.1888;4
F5236;2;0.4356;11
F5236;3;0.1742;5
F5236;1;0.1452;4
F5236;4;0.1162;4
F5236;5;0.1452;4
F5236;6;0.0726;5
F5236;10;0.1307;1
F5236;14;0.0436;2
FB018;11;0.04;52
FB018;1;0.026;10
FB018;4;0.4086;10
FB018;6;0.0929;5
FB018;8;0.5573;1
F5219;11;0.2678;36
F5219;2;0.1488;2
F5219;3;0.1488;10
F5219;1;0.237416667;12
F5219;4;0.059316667;12
F5219;14;0.0446;2
F5219;8;0.2678;2
F5219;9;0.217583333;1
535;1;0.093;2
535;4;0.256;2
535;5;0.1116;2
535;10;0.1116;1
535;14;0.0186;2
591;11;0.012;2
591;1;0.03;1
591;4;0.025;1
591;5;0.036;1
591;10;0.036;1
591;14;0.006;2
F5254;7;0.0358;2
POST-120L;11;0.0067;2
POST-120L;2;0.0168;5
POST-120L;6;0.0047;1
18075;11;0.312;4
18075;2;0.1248;3
18075;3;0.0312;1
18075;1;0.0499;4
18075;7;0.0312;2
18075;6;0.025;8
2202;1;0.0817;4
2202;4;0.0541;4
2202;5;0.076;4
2202;6;0.0078;12
2202;10;0.0179;1
2202;14;0.023611111;2
CUBSETT-LD150;11;0.002;1
CUBSETT-LD150;2;0.0202;2
CUBSETT-LD150;1;0.0408;1
CUBSETT-LD150;4;0.0487;1
CUBSETT-LD150;5;0.06535;1
CUBSETT-LD150;6;0.0107;3
CUBSETT-LD150;10;0.0613;1
CUBSETT-LD150;14;0.045;2
POST-120X;11;0.0072;2
POST-120X;2;0.018;9
POST-120X;3;0.0072;1
POST-120X;6;0.0051;1
F5264;11;0.0112;12
F5264;2;0.105;7
F5264;3;0.0312;1
F5264;6;0.076;1
F5264;10;0.0252;1
F5264;14;0.0223;2
PATASETT;11;0.01032;1
PATASETT;2;0.01048;2
PATASETT;3;0.01184;1
PATASETT;6;0.0058;1
PATASETT;10;0.00648;1
PATASETT;14;0.0152;2
IL-12060;11;0.0288;1
IL-12060;2;0.0733;8
IL-12060;1;0.03;2
IL-12060;7;0.025;2
IL-12060;6;0.0028;1
IL-12060;14;0.011;2
IL-18090;11;0.048;1
IL-18090;2;0.086;9
IL-18090;1;0.0842;2
IL-18090;7;0.025;2
IL-18090;6;0.0057;1
F5050;11;0.3108;16
F5050;3;0.0993;1
F5050;6;0.1555;1
F5050;8;0.0252;1
F5267;11;0.4108;24
F5267;3;0.0993;1
F5267;6;0.16;1
F5267;8;0.1252;1
F5319;11;0.0345;2
F5319;2;0.0728;18
F5319;3;0.051844444;1
F5319;1;0.0927;2
F5319;7;0.025;2
F5319;6;0.0116;1
F5319;14;0.0178;2
N1222;11;0.0198;2
1222;3;0.032375;1
1222;6;0.0155;1
1222;10;0.0184;1
1222;14;0.0256;2
IWBSI;11;0.0398;5
IWBSI;2;0.052375;1
IWBSI;3;0.032375;1
IWBSI;6;0.0155;1
IWBSI;10;0.0184;1
IWBSI;14;0.0256;2
2214;12;0.0396;1
2214;6;0.02;1
1265;11;0.0206;3
1265;2;0.0618;9
1265;3;0.0494;3
1265;1;0.0412;1
1265;4;0.0947;1
1265;5;0.0329;1
1265;6;0.0206;5
1265;10;0.07;1
1265;14;0.0206;2
1312;11;0.198633333;2
1312;2;0.2466;21
1312;3;0.259566667;11
1312;1;0.012933333;2
1312;4;0.155733333;2
1312;5;0.148466667;2
1312;6;0.062066667;11
1312;10;0.1168;1
1312;14;0.091066667;2
265A;1;0.0589;1
265A;4;0.04;1
265A;5;0.04;1
265A;10;0.0583;1
265A;14;0.0426;2
519;2;0.2016;8
519;3;0.1008;4
519;1;0.0458;1
519;4;0.0157;1
519;5;0.0729;1
519;6;0.0336;4
519;10;0.0941;1
519;14;0.0202;2
F5331;11;0.038;8
F5331;3;0.12;8
F5331;1;0.06;4
F5331;4;0.084;4
F5331;5;0.048;4
F5331;6;0.048;8
F5331;14;0.0158;2
F5331;9;0.102;1
CUBSETT-S120;11;0.0054;4
CUBSETT-S120;2;0.0108;1
CUBSETT-S120;3;0.0073;1
CUBSETT-S120;1;0.03;1
CUBSETT-S120;4;0.0238;1
CUBSETT-S120;5;0.0462;1
CUBSETT-S120;6;0.009;3
CUBSETT-S120;10;0.0282;1
CUBSETT-S120;14;0.0214;2
F2966;11;0.132;17
F2966;2;0.2349;6
F2966;3;0.264;5
F2966;1;0.112;1
F2966;4;0.0687;1
F2966;5;0.152;1
F2966;6;0.066;10
F2966;10;0.264;1
F2966;14;0.0264;2
22401014;2;0.0118;1
22401015;2;0.0126;1
22401016;2;0.0116;1
22401017;2;0.0186;1
22401018;2;0.0148;1
22401019;2;0.0152;1
22401020;2;0.0149;1
F2968;3;0.0813;1
F2968;1;0.18;10
F2968;4;0.33;10
F2968;6;0.018;22
F2968;14;0.002;2
F2968;9;0.85;1
2200;1;0.061666667;4
2200;4;0.0182;4
2200;5;0.053697593;4
2200;6;0.0078;12
2200;10;0.017922454;1
2200;14;0.023611111;2
2201;1;0.0717;4
2201;4;0.0376815;4
2201;5;0.064846852;4
2201;6;0.0078;12
2201;10;0.0179;1
2201;14;0.023611111;2
304A;1;0.0333;1
304A;4;0.05;1
304A;14;0.015;2
304A;8;0.0333;1
F5310;2;0.12885;4
F5310;3;0.1366;4
F5310;1;0.06385;1
F5310;4;0.0277;1
F5310;5;0.09975;1
F5310;6;0.0216;8
F5310;10;0.1234;1
F5310;14;0.04815;2
IW6060;1;0.034;1
IW6060;4;0.0384;1
IW6060;5;0.0283;1
IW6060;10;0.0432;1
IW6060;14;0.0144;2
1153;11;0.2812;9
1153;2;0.3713;1
1153;3;0.2059;1
1153;1;0.4921;23
1153;4;0.5524;23
1153;14;0.3358;2
1153;8;0.2967;1
1153;9;1.2035;1
F2967;11;0.054;4
F2967;3;0.0108;2
F2967;1;0.3456;5
F2967;4;0.1368;5
F2967;5;0.1548;5
F2967;6;0.0108;16
F2967;10;0.1108;1
F2967;14;0.0324;2
F4182;11;0.148592;4
F4182;3;0.249116;3
F4182;1;0.18592;2
F4182;4;0.148592;2
F4182;5;0.158692;2
F4182;6;0.05616;3
F4182;10;0.16848;1
F4182;14;0.06396;2
F4182B;11;0.0205;15
F4182B;3;0.05;4
F4182B;1;0.1103;8
F4182B;4;0.0558;8
F4182B;6;0.0194;5
F4182B;8;0.1234;1
1202;11;0.1044;1
1202;2;0.10055;8
1202;3;0.1252;4
1202;1;0.0298;1
1202;4;0.08875;1
1202;5;0.0634;1
1202;6;0.029575;4
1202;10;0.05915;1
1202;14;0.0348;2
2205A;1;0.081666667;4
2205A;4;0.0541466;4
2205A;5;0.075996111;4
2205A;10;0.017922454;1
2205A;14;0.023611111;2
2205B;1;0.038333333;3
2205B;4;0.0173;3
2205B;5;0.067423519;3
2205B;10;0.010753472;1
2205B;14;0.023611111;2
2001;1;0.1805;8
2001;4;0.1063;8
2001;6;0.0378;2
2001;14;0.0308;2
2001;9;0.5531;1
2212;12;0.036;1
2212;6;0.024;1
F5359;1;0.3581;12
F5359;4;0.4986;12
F5359;6;0.0756;4
F5359;14;0.0696;4
F5359;9;1.1494;1
MOB-08 TAPA TRASERA;1;0.036;1
MOB-08 TAPA TRASERA;5;0.018;1
MOB-08 TAPA TRASERA;10;0.036;1
1203;11;0.1652;2
1203;2;0.1875;7
1203;3;0.1983;4
1203;1;0.043;2
1203;4;0.1652;2
1203;5;0.1265;2
1203;6;0.055085714;6
1203;10;0.1102;1
1203;14;0.0551;2
F5369;11;0.070378571;1
F5369;2;0.093842857;4
F5369;3;0.065692857;4
F5369;1;0.045771429;1
F5369;4;0.070378571;1
F5369;5;0.024607143;1
F5369;6;0.023457143;4
F5369;10;0.075071429;1
F5369;14;0.0249;2
F5370;11;0.1242;2
F5370;2;0.1656;4
F5370;3;0.1159;5
F5370;1;0.02965;3
F5370;4;0.0346;3
F5370;5;0.1841;3
F5370;6;0.0414;5
F5370;10;0.10765;1
F5370;14;0.02485;2
F5330;11;0.6192;80
F5330;2;0.011;13
F5330;3;0.288;5
F5330;6;0.144;7
F5330;14;0.015;2
F5330;8;0.1728;1
F5371;11;0.048071429;24
F5371;3;0.1518;1
F5371;1;0.0759;5
F5371;4;0.101642857;5
F5371;6;0.058078571;1
F5371;14;0.019992857;2
F5371;9;0.129028571;1
1061A;1;0.048;1
1061A;4;0.0828;1
1061A;5;0.0461;1
1061A;10;0.0372;1
1061A;14;0.072;2
153EST;11;0.0121;1
153EST;2;0.0511;4
153EST;3;0.0589;4
153EST;6;0.0083;4
153EST;10;0.0607;1
153EST;14;0.0241;2
217EST;11;0.0121;2
217EST;2;0.0639;1
217EST;3;0.0736;4
217EST;6;0.0104;4
217EST;10;0.0759;1
217EST;14;0.0482;2
F5356;1;0.070225;10
F5356;4;0.06145;10
F5356;5;0.01135;10
F5356;6;0.01995;5
F5356;10;0.05585;1
F5356;14;0.01995;2
F5356;9;0.06585;1
CUBSETT-S180;11;0.007833333;2
CUBSETT-S180;2;0.015658333;2
CUBSETT-S180;3;0.010591667;1
CUBSETT-S180;1;0.0435;1
CUBSETT-S180;4;0.034508333;1
CUBSETT-S180;5;0.066991667;1
CUBSETT-S180;6;0.01305;1
CUBSETT-S180;10;0.040891667;1
CUBSETT-S180;14;0.031033333;2
AC-120180;11;0.039685714;2
AC-120180;2;0.075328571;25
AC-120180;1;0.092357143;6
AC-120180;7;0.028757143;2
AC-120180;6;0.013342857;3
F5362;11;0.0557;5
F5362;3;0.0565;2
F5362;6;0.029;4
F5362;10;0.046;1
F5362;14;0.02;2
DES145;11;0.01;1
DES145;10;0.08;1
LINWRD;11;0.0833;3
LINWRD;1;0.0833;57
LINWRD;4;0.345;57
LINWRD;14;0.025;2
LINWRD;9;0.351;1
LINCD;11;0.0237;3
LINCD;3;0.0132;1
LINCD;1;0.0604;6
LINCD;4;0.0504;6
LINCD;14;0.0079;2
LINCD;8;0.0013;1
LINDT7230;1;0.0917;3
LINDT7230;4;0.1214;3
LINDT7230;5;0.1418;3
LINDT7230;10;0.0744;1
LINDT7230;14;0.0467;2
LINB4824;1;0.1112;3
LINB4824;4;0.0813;3
LINB4824;5;0.0851;3
LINB4824;10;0.0668;1
LINB4824;14;0.0549;2
LINR4824;1;0.0618;3
LINR4824;4;0.0452;3
LINR4824;5;0.0473;3
LINR4824;10;0.0371;1
LINR4824;14;0.0305;2
LINREC72;1;0.0917;10
LINREC72;4;0.1714;10
LINREC72;5;0.1661;10
LINREC72;10;0.1226;1
LINREC72;14;0.0263;2
LINRECL;1;0.0478;4
LINRECL;4;0.065;4
LINRECL;5;0.0738;4
LINRECL;10;0.422;1
LINRECL;14;0.0243;2
LINH72;1;0.1916;34
LINH72;4;0.2966;34
LINH72;6;0.025;32
LINH72;14;0.025;2
LINH72;9;0.2548;1
LINCFLL;1;0.0668;17
LINCFLL;4;0.0614;17
LINCFLL;14;0.0225;2
LINCFLL;9;0.0553;1
F5279;11;0.046671429;3
F5279;3;0.07;1
F5279;6;0.028;2
F5279;10;0.056;1
F5279;14;0.028;2
F1933;11;0.03;2
F1933;6;0.01248;2
F1933;9;0.02;1
LINDRBBF;11;0.0552;10
LINDRBBF;3;0.0386;2
LINDRBBF;1;0.0994;31
LINDRBBF;4;0.1214;31
LINDRBBF;6;0.0166;2
LINDRBBF;8;0.1214;1
LINCRBBF;11;0.0752;10
LINCRBBF;3;0.0438;2
LINCRBBF;1;0.2106;31
LINCRBBF;4;0.1544;31
LINCRBBF;6;0.0166;2
LINCRBBF;8;0.1224;1
LINDFLR;1;0.0668;17
LINDFLR;4;0.0614;17
LINDFLR;14;0.025;2
LINDFLR;9;0.0614;1
F5375;2;0.1301;4
F5375;3;0.1315;4
F5375;1;0.0298;1
F5375;4;0.1044;1
F5375;5;0.0746;1
F5375;6;0.0383;5
F5375;10;0.0696;1
F5375;14;0.0348;2
436;7;0.004;2
IL-12090;11;0.0384;1
IL-12090;2;0.0798;4
IL-12090;1;0.04;4
IL-12090;7;0.025;2
IL-12090;6;0.0057;1
IL-12090;14;0.011;2
MOB-21;11;0.55;3
MOB-21;2;0.622;18
MOB-21;3;0.622;10
MOB-21;1;0.0266;6
MOB-21;4;0.55;6
MOB-21;5;0.55;6
MOB-21;6;0.19;13
MOB-21;10;0.37;1
MOB-21;14;0.19;2
MOB-32;11;0.4356;3
MOB-32;2;0.4926;18
MOB-32;3;0.4926;10
MOB-32;1;0.0211;3
MOB-32;4;0.4356;3
MOB-32;5;0.4356;3
MOB-32;6;0.1505;13
MOB-32;10;0.293;1
MOB-32;14;0.1642;2
F5449;11;0.0821;4
F5449;2;0.0514;1
F5449;3;0.0405;1
F5449;6;0.0389;3
F5449;10;0.0416;1
F5449;14;0.0216;2
F5426;11;0.0129;12
F5426;2;0.0229;7
F5426;3;0.03585;1
F5426;6;0.0874;1
F5426;10;0.02895;1
F5426;14;0.02565;2
F5427;11;0.279725;6
F5427;3;0.089375;1
F5427;6;0.13995;1
F5427;8;0.022675;1
544A;1;0.0806;1
544A;4;0.0152;1
544A;5;0.0856;1
544A;10;0.0504;1
544A;14;0.0202;2
120B;3;0.041;1
120B;6;0.025;1
120B;10;0.01;1
F5402;11;0.0726;2
F5402;2;0.2178;13
F5402;3;0.17425;7
F5402;1;0.1452;2
F5402;4;0.3036;2
F5402;5;0.1056;2
F5402;6;0.066;9
F5402;10;0.2356;1
F5402;14;0.066;2
F5403;11;0.1584;1
F5403;2;0.190066667;8
F5403;3;0.179533333;4
F5403;1;0.055;1
F5403;4;0.1584;1
F5403;5;0.1584;1
F5403;6;0.0528;5
F5403;10;0.1056;1
F5403;14;0.048;2
F5405;11;0.0726;2
F5405;2;0.2178;13
F5405;3;0.17425;7
F5405;1;0.1452;2
F5405;4;0.33395;2
F5405;5;0.11615;2
F5405;6;0.0726;9
F5405;10;0.24685;1
F5405;14;0.0726;2
F5420;11;0.1125;1
F5420;2;0.1289;5
F5420;3;0.1366;3
F5420;1;0.0702;1
F5420;4;0.0265;1
F5420;5;0.1097;1
F5420;6;0.0238;4
F5420;10;0.1234;1
F5420;14;0.053;2
F5409;11;0.0728;3
F5409;1;0.116;4
F5409;4;0.275;4
F5409;5;0.2851;4
F5409;6;0.0335;9
F5409;10;0.1013;1
F5409;14;0.067;2
F5342;11;0.044;18
F5342;2;0.0202;4
F5342;3;0.1265;7
F5342;1;0.1523;10
F5342;4;0.5457;10
F5342;6;0.0104;7
F5342;14;0.0482;2
F5342;8;0.0158;1
F5342;9;0.6114;1
F5404;11;0.1584;1
F5404;2;0.1901;4
F5404;3;0.1795;2
F5404;1;0.055;1
F5404;4;0.1584;1
F5404;5;0.1584;1
F5404;6;0.0528;3
F5404;10;0.1056;1
F5404;14;0.0528;2
1038;1;0.018;1
1038;7;0.036;1
1038;14;0.012;2
F5444;11;0.0182;8
F5444;2;0.038;6
F5444;3;0.06;2
F5444;1;0.036;1
F5444;4;0.0258;1
F5444;5;0.036;1
F5444;6;0.0364;10
F5444;14;0.0216;2
F5444;9;0.216;1
F5482;1;0.2484;7
F5482;4;0.1656;7
F5482;6;0.00415;16
F5482;14;0.0414;2
F5482;9;0.16705;1
IL-14060;11;0.0312;1
IL-14060;2;0.0742;8
IL-14060;1;0.0595;2
IL-14060;7;0.025;2
IL-14060;6;0.0057;1
IL-14060;14;0;2
F5474;11;0.124433333;3
F5474;2;0.287133333;10
F5474;3;0.114866667;7
F5474;1;0.02;2
F5474;4;0.045633333;2
F5474;5;0.069233333;2
F5474;6;0.047866667;10
F5474;10;0.2393;1
F5474;14;0.0287;2
F5406;11;0.03695;1
F5406;2;0.1109;5
F5406;3;0.0887;3
F5406;1;0.0739;1
F5406;4;0.17;1
F5406;5;0.05915;1
F5406;6;0.03695;4
F5406;10;0.12565;1
F5406;14;0.03695;2
682;10;0.084;1
682;14;0.036;2
523;1;0.247;1
523;4;0.158;1
523;5;0.2478;1
523;10;0.7634;1
523;14;0.0158;2
1206;11;0.0602;1
1206;2;0.07155;5
1206;3;0.06895;3
1206;1;0.015;1
1206;4;0.06155;1
1206;5;0.06085;1
1206;6;0.0178;4
1206;10;0.0394;1
1206;14;0.04;2
1218;11;0.0863;2
1218;2;0.0963;2
1218;1;0.0421;1
1218;4;0.073;1
1218;5;0.1151;1
1218;6;0.0285;4
1218;10;0.0729;1
1218;14;0.0384;2
LINBK5S;1;0.303;21
LINBK5S;4;0.325;21
LINBK5S;14;0.025;2
LINBK5S;9;0.2916;1
LINLF;11;0.0316;3
LINLF;3;0.0933;3
LINLF;1;0.2833;26
LINLF;4;0.25;26
LINLF;6;0.0116;3
LINLF;14;0.025;2
LINLF;8;0.25;1
LINCT96;1;0.174;1
LINCT96;4;0.1715;1
LINCT96;5;0.1408;1
LINCT96;10;0.1715;1
LINCTB;1;0.13015;17
LINCTB;4;0.10585;17
LINCTB;8;0.0896;1
LINLWC;1;0.2987;36
LINLWC;4;0.3775;36
LINLWC;6;0.0232;50
LINLWC;14;0.03;2
LINLWC;9;0.314;1
LINBKD3S;1;0.225;11
LINBKD3S;4;0.2531;11
LINBKD3S;14;0.025;2
LINBKD3S;9;0.2201;1
CUBREP90;1;0.0108;1
CUBREP90;4;0.0133;1
CUBREP90;5;0.0159;1
CUBREP90;6;0.0042;10
CUBREP90;10;0.0126;1
CUBREP90;14;0.0126;2
1200;11;0.087;1
1200;2;0.1036;8
1200;3;0.1056;4
1200;1;0.0543;2
1200;4;0.063;2
1200;5;0.0577;2
1200;6;0.0184;5
1200;10;0.0954;1
1200;14;0.0405;2
1261;11;0.0468;2
1261;2;0.1404;13
1261;3;0.1123;7
1261;1;0.0936;2
1261;4;0.2153;2
1261;5;0.0749;2
1261;6;0.0468;9
1261;10;0.1591;1
1261;14;0.0468;2
1322;2;0.2551;47
1322;3;0.2687;9
1322;1;0.1377;4
1322;4;0.1612;4
1322;5;0.1747;4
1322;6;0.0672;21
1322;10;0.1209;1
1322;14;0.0806;2
1300;2;0.19685;25
1300;3;0.20735;7
1300;1;0.10625;2
1300;4;0.1244;2
1300;5;0.1348;2
1300;6;0.05185;11
1300;10;0.0933;1
1300;14;0.0622;2
POST-140T;11;0.00815;2
POST-140T;2;0.0204;5
POST-140T;6;0.0057;1
POST-140L;11;0.007925;2
POST-140L;2;0.0198;5
POST-140L;6;0.00555;1
FD-5356A;1;0.0088;1
FD-5356A;4;0.0077;1
FD-5356A;14;0.0025;2
FD-5356A;9;0.0082;1
FD-5356ZOCLO;1;0.0088;4
FD-5356ZOCLO;4;0.0077;4
FD-5356ZOCLO;14;0.0025;2
FD-5356ZOCLO;9;0.0082;1
631A;1;0.0314;1
631A;4;0.0296;1
631A;5;0.0336;1
631A;10;0.0359;1
631A;14;0.0282;2
1213;11;0.1224;2
1213;2;0.0966;5
1213;3;0.1025;3
1213;1;0.0393;1
1213;4;0.0388;1
1213;5;0.0424;1
1213;6;0.037933333;5
1213;10;0.0816;1
1213;14;0.0408;2
N304CM;11;0.0088;3
N304CM;5;0.0044;1
N304CM;6;0.0026;3
N304CM;8;0.0264;1
INT900S;1;0.0265;1
INT900S;7;0.015;2
INT900S;6;0.043;4
1037;1;0.0252;1
1037;7;0.0504;1
1037;14;0.016;2
1204;11;0.06335;2
1204;2;0.073;5
1204;3;0.0486;3
1204;1;0.0354;1
1204;4;0.0259;1
1204;5;0.0206;1
1204;6;0.018;3
1204;10;0.0432;1
1204;14;0.04;2
F5462A;1;0.3132;9
F5462A;4;0.250557143;9
F5462A;14;0.062642857;2
F5462A;9;0.3132;1
55311;11;0.05;1
55311;2;0.15;1
55311;6;0.04;3
55311;14;0.012;2
55311;9;0.3;1
ZU310C;1;0.0355;1
ZU310C;4;0.0145;1
ZU310C;14;0.002;2
ZU310C;9;0.1;1
1160;11;0.0302;1
1160;2;0.0655;8
1160;3;0.0605;2
1160;1;0.0655;2
1160;4;0.0857;2
1160;5;0.0454;2
1160;6;0.0353;5
1160;10;0.1008;1
1160;14;0.0151;2
F5538;11;0.051;2
F5538;1;0.324;9
F5538;4;0.3672;9
F5538;6;0.0162;2
F5538;14;0.002;2
F5538;9;0.8642;1
228;11;0.051;2
228;1;0.3;8
228;4;0.34;8
228;6;0.0162;2
228;14;0.002;2
228;9;0.8;1
550C;11;0.036;1
550C;2;0;1
550C;3;0.045;1
550C;1;0.0575;1
550C;4;0.026;1
550C;6;0.005;2
550C;14;0.005;2
550C;9;0.132;1
FB-5475A;1;0.0005;1
FB-5475A;4;0.0576;1
FB-5475A;5;0.0576;1
FB-5475A;10;0.0384;1
FB-5475A;14;0.0192;2
FB-5476A;1;0.0117;1
FB-5476A;4;0.045;1
FB-5476A;5;0.0576;1
FB-5476A;10;0.03;1
FB-5476A;14;0.015;2
1210-2;2;0.04115;1
1210-2;3;0.03885;1
1210-2;6;0.0114;1
1210-2;10;0.0163;1
1210-2;14;0.0143;2
1210-3;2;0.02055;1
1210-3;3;0.0194;1
1210-3;6;0.0057;1
1210-3;10;0.00815;1
1210-3;14;0.00715;2
596;5;0.048;1
596;10;0.048;1
596;14;0.024;2
CUBTR120120;11;0.0072;1
CUBTR120120;5;0.12;1
CUBTR120120;6;0.0072;1
CUBTR120120;10;0.0816;1
CUBTR120120;14;0.024;2
CUBZIG120E;2;0.0146;1
CUBZIG120E;6;0.0058;1
CUBZIG120E;10;0.009433333;1
CUBZIG120E;14;0.005;2
CUBZIG120D;2;0.00365;1
CUBZIG120D;6;0.00145;1
CUBZIG120D;10;0.00235;1
CUBZIG120D;14;0.00125;2
CUBZIG120C;2;0.0073;1
CUBZIG120C;6;0.0029;1
CUBZIG120C;10;0.004725;1
CUBZIG120C;14;0.0025;2
138AA;1;0.0258;1
138AA;4;0.0365;1
138AA;5;0.0375;1
138AA;10;0.0354;1
138AA;14;0.0085;2
138AB;1;0.0158;1
138AB;4;0.0228;1
138AB;5;0.0394;1
138AB;10;0.0336;1
F5532;1;0.3211;10
F5532;4;0.3664;10
F5532;14;0.002;2
F5532;9;0.54;1
1034A;1;0.093;1
1034A;4;0.135;1
1034A;14;0.016;2
1034A;9;0.219;1
625A;1;0.0369;1
625A;4;0.0256;1
625A;5;0.0375;1
625A;10;0.0278;1
625A;14;0.01;2
22120010;11;0.0046;1
1322B;2;0.051033333;3
1322B;3;0.053766667;1
1322B;6;0.013433333;1
1322B;10;0.024166667;1
1322B;14;0.016133333;2
F5400;1;0.4075;11
F5400;4;0.4626;11
F5400;14;0.184;2
F5400;9;0.5565;1
POST-180I;11;0.0088;2
POST-180I;2;0.022;6
POST-180I;6;0.0062;1
916;1;0.089771429;8
916;7;0.120228571;1
916;6;0.0469;2
F5536;1;0.365933333;16
F5536;4;0.7479;16
F5536;14;0.0696;2
F5536;9;1.957966667;1
2005;1;0.179;8
2005;4;0.2493;8
2005;14;0.0348;2
2005;9;0.5747;1
538;1;0.1357;1
538;4;0.1147;1
538;5;0.407833333;1
538;10;0.7992;1
538;14;0.014566667;2
1010A;1;0.016;1
1010A;4;0.072;1
1010A;5;0.072;1
1010A;10;0.044;1
1010A;14;0.018;2
F1873;2;0.075;10
F1873;3;0.14;4
F1873;1;0.105;1
F1873;4;0.15;1
F1873;5;0.075;1
F1873;6;0.065;4
F1873;10;0.15;1
F1873;14;0.016;2
F5598;11;0.0648;2
F5598;2;0.0834;7
F5598;3;0.09695;1
F5598;6;0.02425;1
F5598;10;0.0562;1
F5598;14;0.0283;2
AC-180150;11;0.0345;4
AC-180150;2;0.0787;27
AC-180150;1;0.1008;8
AC-180150;7;0.025;2
AC-180150;6;0.0116;2
IC-180150;11;0.0345;4
IC-180150;2;0.0787;27
IC-180150;1;0.1008;1
IC-180150;7;0.025;2
IC-180150;6;0.0116;2
LATERALES RECEP;2;0.04;1
LATERALES RECEP;1;0.06;1
LATERALES RECEP;4;0.081;1
LATERALES RECEP;6;0.03;2
LATERALES RECEP;14;0.002;2
LATERALES RECEP;9;0.095;1
2340;11;0.18;51
2340;2;0.1;2
2340;3;0.1;8
2340;1;0.1;2
2340;4;0.0325;2
2340;5;0.08;2
2340;7;0.24;1
2340;6;0.022;8
2340;10;0.1;1
2340;14;0.0465;2
2341;11;0.23;51
2341;2;0.0671;2
2341;3;0.12;8
2341;1;0.2;2
2341;4;0.0666;2
2341;5;0.18;2
2341;7;0.24;1
2341;6;0.022;8
2341;10;0.11;1
2341;14;0.0465;2
2342;11;0.02;10
2342;2;0.0103;1
2342;3;0.0104;1
2342;1;0.02;1
2342;4;0.01;1
2342;5;0.01;1
2342;6;0.022;1
2342;10;0.0105;1
2342;14;0.0186;2
2344;11;0.08;10
2344;2;0.03;1
2344;3;0.01;1
2344;1;0.03;1
2344;4;0.01;1
2344;5;0.01;1
2344;6;0.022;1
2344;10;0.015;1
2344;14;0.0186;2
2346;11;0.0187;25
2346;2;0.0103;1
2346;3;0.035;4
2346;1;0.025;1
2346;4;0.0066;1
2346;5;0.04;1
2346;6;0.022;4
2346;10;0.02;1
2346;14;0.0465;2
2347;11;0.045;32
2347;2;0.0206;2
2347;3;0.036;5
2347;1;0.025;1
2347;4;0.01;1
2347;5;0.045;1
2347;6;0.022;5
2347;10;0.027;1
2347;14;0.0465;2
2330;11;0.48;54
2330;2;0.2066;10
2330;3;0.23;8
2330;1;0.4;8
2330;4;0.1466;8
2330;5;0.2041;8
2330;6;0.022;12
2330;10;0.22;1
2330;14;0.093;2
2331;11;0.2;18
2331;2;0.0774;7
2331;3;0.09;5
2331;1;0.15;3
2331;4;0.0533;3
2331;5;0.085;3
2331;6;0.022;7
2331;10;0.09;1
2331;14;0.0465;2
2332;11;0.5;36
2332;2;0.2066;8
2332;3;0.2;8
2332;1;0.4;5
2332;4;0.1;5
2332;5;0.2041;5
2332;6;0.022;12
2332;10;0.21;1
2332;14;0.093;2
2333;11;0.5;54
2333;2;0.12;10
2333;3;0.25;8
2333;1;0.3;8
2333;4;0.085;8
2333;5;0.2041;8
2333;6;0.022;12
2333;10;0.19;1
2333;14;0.093;2
2334;11;0.15;18
2334;2;0.07;7
2334;3;0.1;4
2334;1;0.13;3
2334;4;0.045;3
2334;5;0.085;3
2334;6;0.022;7
2334;10;0.081;1
2334;14;0.0465;2
2335;11;0.4;36
2335;2;0.18;8
2335;3;0.2;8
2335;1;0.27;5
2335;4;0.08;5
2335;5;0.2041;5
2335;6;0.022;12
2335;10;0.18;1
2335;14;0.093;2
120SA;1;0.025;1
120SA;4;0.015;1
120SA;5;0.09;1
120SA;10;0.037;1
120SA;14;0.016;2
719C;1;0.0315;1
719C;4;0.0097;1
719C;5;0.13;1
719C;10;0.06;1
719C;14;0.002;1
MOB06.1-BA;1;0.022;1
MOB06.1-BA;4;0.0248;1
MOB06.1-BA;5;0.0248;1
MOB06.1-BA;10;0.0232;1
MOB06.1-BA;14;0.0116;2
1320;11;0.1792;4
1320;2;0.2126;24
1320;3;0.224;7
1320;1;0.1147;2
1320;4;0.1344;2
1320;5;0.1456;2
1320;6;0.056;7
1320;10;0.1008;1
1320;14;0.0672;2
1212B;2;0.0276;5
1212B;3;0.0391;1
1212B;6;0.00765;1
1212B;10;0.023;1
1212B;14;0.0115;2
1212C;2;0.0138;2
1212C;3;0.01955;1
1212C;6;0.00385;1
1212C;10;0.0115;1
1212C;14;0.00575;2
1212D;2;0.0138;3
1212D;3;0.01955;1
1212D;6;0.00385;1
1212D;10;0.0115;1
1212D;14;0.00575;2
1215B;2;0.0276;7
1215B;3;0.0391;1
1215B;6;0.0077;1
1215B;10;0.023;1
1215B;14;0.0115;2
CUBSETT-L120;11;0.002;1
CUBSETT-L120;2;0.0202;2
CUBSETT-L120;1;0.0185;1
CUBSETT-L120;4;0.0392;1
CUBSETT-L120;5;0.0637;1
CUBSETT-L120;6;0.00855;3
CUBSETT-L120;10;0.0597;1
CUBSETT-L120;14;0.035;2
593;5;0.0288;1
593;7;0.0254;2
593;10;0.0288;1
593;14;0.0144;2
794A;1;0.0525;1
794A;4;0.0329;1
794A;5;0.0321;1
794A;10;0.0375;1
794A;14;0.0158;2
552A;1;0.033;1
552A;4;0.018;1
552A;14;0.0158;2
552A;9;0.04;1
531;11;0.0379;3
531;1;0.0548;1
531;4;0.0458;1
531;5;0.1138;1
531;10;0.1138;1
531;14;0.019;2
1311;11;0.1806;2
1311;2;0.1494;14
1311;3;0.2257;6
1311;1;0.0354;1
1311;4;0.0388;1
1311;5;0.0308;1
1311;6;0.0564;6
1311;10;0.1016;1
1311;14;0.0792;2
1020G;1;0.0347;2
1020G;4;0.0173;2
1020G;14;0.0195;2
1020G;9;0.052;1
1104;11;0.7526;8
1104;2;0.8866;50
1104;3;0.8962;25
1104;1;0.0126;5
1104;4;0.588;5
1104;5;0.5995;5
1104;6;0.2328;33
1104;10;0.421;1
1104;14;0.2794;2
ZUT293-1-D;11;0.0589;1
ZUT293-1-D;2;0.04;1
ZUT293-1-D;1;0.06;1
ZUT293-1-D;4;0.081;1
ZUT293-1-D;6;0.03;2
ZUT293-1-D;14;0.002;2
ZUT293-1-D;9;0.095;1
E719;2;0.0365;3
E719;3;0.035;1
STRCONT72;11;0.02765;2
STRCONT72;2;0.0346;3
STRCONT72;3;0.13824;2
STRCONT72;4;0.1175;1
STRCONT72;5;0.1175;1
STRCONT72;6;0.1383;4
STRCONT72;10;0.0761;1
STRCONT72;14;0.0414;2
1207;11;0.038;1
1207;2;0.0607;4
1207;3;0.07;4
1207;1;0.0393;1
1207;4;0.0388;1
1207;5;0.0206;1
1207;6;0.0108;5
1207;10;0.0259;1
1207;14;0.024;2
1212-1;11;0.1224;5
1212-1;2;0.095625;6
1212-1;3;0.1032;4
1212-1;1;0.04475;1
1212-1;4;0.07765;1
1212-1;5;0.1224;1
1212-1;6;0.03415;5
1212-1;10;0.0816;1
1212-1;14;0.0408;2
594;5;0.0384;1
594;10;0.0384;1
594;14;0.0192;2
POST-140Y;11;0.00815;2
POST-140Y;2;0.0204;5
POST-140Y;6;0.0057;1
POST-140V;11;0.00795;2
POST-140V;2;0.0198;5
POST-140V;6;0.00555;1
F5656;2;0.0276;2
F5656;3;0.0391;1
F5656;6;0.0077;1
F5656;10;0.023;1
F5656;14;0.0115;2
KLASS03H;1;0.0125;1
KLASS03H;4;0.019;1
KLASS03H;14;0.011;2
KLASS03H;9;0.028;1
805E;11;0.1;2
805E;2;0.24;10
805E;3;0.23;7
805E;6;0.13;8
805E;10;0.2;1
805E;14;0.1;2
F5527;1;0.0204;1
F5527;4;0.0244;1
F5527;5;0.0327;1
F5527;10;0.0307;1
F5527;14;0.0225;2
F5652;5;0.0975;1
F5652;10;0.096;1
F5652;14;0.0156;2
118D;1;0.056;1
118D;5;0.086;1
118D;10;0.035;1
118D;14;0.025;2
D783AA;1;0.123;1
D783AA;4;0.012;1
D783AA;5;0.0432;1
D783AA;10;0.0187;1
D783AA;14;0.0055;2
133BS;1;0.016;1
133BS;4;0.0124;1
133BS;14;0.0073;2
133BS;8;0.0156;1
115CA2;1;0.07;1
115CA2;4;0.07;1
115CA2;9;0.025;1
116M;1;0.0199;1
116M;4;0.025;1
116M;14;0.008;2
116M;9;0.023;1
MOB-08T;2;0.0056;2
MOB-08T;3;0.0056;1
MOB-08T;6;0.006157143;1
MOB-08T;10;0.018671429;1
MOB-08T;14;0.0098;2
F5674;1;0.47735;16
F5674;4;0.33675;16
F5674;14;0.12185;2
F5674;9;0.5251;1
CUBTRI120;11;0.0019;2
CUBTRI120;2;0.0185;5
CUBTRI120;3;0.0073;2
CUBTRI120;1;0.0392;1
CUBTRI120;4;0.039;1
CUBTRI120;5;0.0637;1
CUBTRI120;6;0.009;4
CUBTRI120;10;0.059669697;1
F5608;11;0.069;4
F5608;2;0.1574;19
F5608;3;0.1037;1
F5608;1;0.2016;6
F5608;6;0.0232;4
258;7;0.0158;2
22401021;2;0.00752;1
1014B;2;0.1038375;5
1014B;3;0.097925;1
1014B;6;0.0288;1
1014B;10;0.0576;1
1014B;14;0.0288;2
168D;1;0.02;1
168D;4;0.0014;1
168D;14;0.005;2
168D;9;0.0109;1
543A;1;0.1424;1
543A;4;0.1152;1
543A;5;0.0832;1
543A;10;0.1824;1
543A;14;0.08;2
F5657;11;0.022;12
F5657;3;0.0025;3
F5657;1;0.0638375;7
F5657;4;0.06679375;7
F5657;7;0.0158;1
F5657;6;0.01511875;3
F5657;8;0.297;1
F5671;1;0.2701;10
F5671;4;0.3794;10
F5671;14;0.0877;2
F5671;9;0.2292;1
2201B;1;0.0173;1
2201B;4;0.0086;1
2201B;5;0.0144;1
2201B;10;0.0115;1
2201B;14;0.0035;2
2203BP;1;0.00945;1
2203BP;4;0.0063;1
2203BP;14;0.0095;2
2203BP;8;0.0062;1
111A;5;0.101;1
111A;10;0.109;1
F5462AP;1;0.0564;1
F5462AP;4;0.0451;1
F5462AP;14;0.0188;2
F5462AP;9;0.1015;1
556D;2;0.0432;5
556D;3;0.0432;1
556D;1;0.0432;1
556D;4;0.0374;1
556D;6;0.0144;1
556D;14;0.0144;2
556D;9;0.0432;1
735A;2;0.036;3
735A;3;0.036;1
735A;6;0.01;1
735A;14;0.016;2
735A;9;0.05;1
1002A;1;0.042;1
1002A;4;0.0384;1
1002A;5;0.0814;1
1002A;10;0.0478;1
1002A;14;0.0174;2
141SA;1;0.0345;1
141SA;4;0.0258;1
141SA;5;0.0335;1
141SA;10;0.0453;1
141SA;14;0.065;2
CUBSETT-DSK150;11;0.002;5
CUBSETT-DSK150;2;0.0354;7
CUBSETT-DSK150;3;0.0126;2
CUBSETT-DSK150;1;0.011;1
CUBSETT-DSK150;4;0.029;1
CUBSETT-DSK150;5;0.0434;1
CUBSETT-DSK150;6;0.0161;3
CUBSETT-DSK150;10;0.0575;1
CUBSETT-DSK150;14;0.03;2
SETT30;11;0.005;2
SETT30;3;0.0023;2
SETT30;1;0.02;2
SETT30;4;0.01;2
SETT30;5;0.0239;2
SETT30;6;0.009;2
SETT30;10;0.021;1
SETT30;14;0.0104;2
IC-16060;11;0.034;2
IC-16060;2;0.0673;20
IC-16060;1;0.0653;4
IC-16060;7;0.0272;4
IC-16060;6;0.01;1
IC-16090;11;0.0374;2
IC-16090;2;0.074;20
IC-16090;1;0.0719;4
IC-16090;7;0.03;4
IC-16090;6;0.0111;1
IL-14075;11;0.03275;1
IL-14075;2;0.0779;21
IL-14075;1;0.0625;2
IL-14075;7;0.02625;2
IL-14075;6;0.006;1
IL-14075;14;0.01145;2
1023A;1;0.035;1
1023A;4;0.071;1
1023A;14;0.008;2
1023A;9;0.07;1
515;14;0.04;2
259;11;0.005251429;1
259;6;0.0036;1
259;10;0.0055;1
259;14;0.005931429;1
F5706;11;0.172;2
F5706;2;0.1457;4
F5706;1;0.1589;7
F5706;4;0.2232;7
F5706;6;0.0092;6
F5706;14;0.0516;2
F5706;9;0.1348;1
F5735;11;0.014;1
F5735;3;0.01;1
F5735;6;0.017;1
F5735;10;0.012;1
F5735;14;0.002;2
F5736;11;0.0232;2
F5736;3;0.0166;1
F5736;6;0.0282;1
F5736;10;0.0199;1
F5736;14;0.0033;2
1001I;11;0.0276;1
1001I;6;0.0006;1
1001I;10;0.002;1
1001I;14;0.01;2
106AA;1;0.025;1
106AA;4;0.03;1
106AA;14;0.016;2
106AA;8;0.05;1
509AA;1;0.0072;1
509AA;4;0.0216;1
509AA;5;0.0144;1
509AA;10;0.0144;1
509AA;14;0.0072;2
1114;2;0.1008;2
1114;3;0.0672;2
1114;1;0.0589;7
1114;4;0.168;7
1114;6;0.0336;2
1114;14;0.0672;2
1114;9;0.0672;1
16090E;11;0.052;4
16090E;2;0.0114;3
16090E;6;0.062;6
643FI;11;0.0302;3
643FI;1;0.0171;1
643FI;4;0.0145;1
643FI;6;0.0076;1
643FI;8;0.0176;1
634;10;0.084;1
634;14;0.036;1
F5739;11;0.054;1
F5739;3;0.0108;1
F5739;1;0.3456;5
F5739;4;0.1368;5
F5739;5;0.1548;5
F5739;6;0.0108;1
F5739;10;0.1108;1
F5739;14;0.0324;2
1030KI;11;0.0149;1
1030KI;1;0.0017;1
1030KI;6;0.0017;1
1030KI;14;0.0065;2
1030KI;8;0.0093;1
544E;11;0.1008;1
544E;3;0.2016;1
544E;6;0.0672;1
544E;10;0.1008;1
544E;14;0.0202;2
1061EST;11;0.072;4
1061EST;2;0.216;13
1061EST;3;0.1728;7
1061EST;6;0.072;11
1061EST;10;0.2448;1
1061EST;14;0.072;2
F5709;1;0.174;10
F5709;4;0.267;10
F5709;14;0.075;2
F5709;9;0.4941;1
F5781;2;0.04815;3
F5781;3;0.04815;1
F5781;6;0.04815;1
F5781;14;0.04815;2
F5781;9;0.04815;1
2310;11;0.3;31
2310;2;0.0207;8
2310;3;0.05;4
2310;1;0.22;4
2310;4;0.08;4
2310;5;0.0272;4
2310;6;0.022;8
2310;10;0.04;1
2310;14;0.0465;2
2369;11;0.0074;4
2369;1;0.0193;1
2369;4;0.0053;1
2369;5;0.0136;1
2369;6;0.022;4
2369;10;0.1053;1
2369;14;0.02;2
F5719;1;0.144;7
F5719;4;0.264;7
F5719;14;0.002;2
F5719;9;0.68;1
F5774;1;0.1369;9
F5774;4;0.1725;9
F5774;14;0.0413;2
F5774;9;0.231;1
F5775;1;0.504;12
F5775;4;0.4435;12
F5775;14;0.1008;2
F5775;9;0.4224;1
F5776;1;0.1369;9
F5776;4;0.1725;9
F5776;14;0.0413;2
F5776;9;0.231;1
F5725;11;0.599;10
F5725;2;0.8294;14
F5725;3;0.7373;17
F5725;1;0.768;11
F5725;4;0.6144;11
F5725;5;0.768;11
F5725;6;0.48;17
F5725;10;0.6912;1
F5725;14;0.288;2
POST-160L;11;0.0087;2
POST-160L;2;0.0218;5
POST-160L;6;0.0061;1
MOB-03B;1;0.0638;10
MOB-03B;4;0.0559;10
MOB-03B;6;0.02;12
MOB-03B;14;0.02;2
MOB-03B;9;0.0599;1
F5777;2;0.1296;6
F5777;3;0.0864;4
F5777;6;0.0216;6
F5777;10;0.0432;1
F5777;14;0.0216;2
592;11;0.012;2
592;1;0.03;1
592;4;0.0267;1
592;5;0.036;1
592;10;0.036;1
592;14;0.006;2
MOB-04.1CG;1;0.0508;1
MOB-04.1CG;4;0.0404;1
MOB-04.1CG;14;0.0133;2
MOB-04.1CG;9;0.0437;1
1301;2;0.3289;36
1301;3;0.205;10
1301;1;0.085;3
1301;4;0.1165;3
1301;5;0.0925;3
1301;6;0.057;16
1301;10;0.1026;1
1301;14;0.0684;2
F3505;11;0.0468;1
F3505;2;0.108;6
F3505;3;0.0432;4
F3505;1;0.0173;1
F3505;4;0.0222;1
F3505;5;0.0305;1
F3505;6;0.018;5
F3505;10;0.0596;1
F3505;14;0.0108;2
1304;2;0.2756;65
1304;3;0.2903;19
1304;1;0.1487;6
1304;4;0.1742;6
1304;5;0.1887;6
1304;6;0.0726;31
1304;10;0.1306;1
1304;14;0.0871;2
CANALETA BENCH;11;0.0096;2
CANALETA BENCH;3;0.0096;1
CANALETA BENCH;6;0.0096;1
CANALETA BENCH;10;0.0096;1
CANALETA BENCH;14;0.0096;2
2106;1;0.3;7
2106;4;0.144;7
2106;5;0.17;7
2106;14;0.12;2
2106;9;0.154;1
900A;1;0.0156;1
900A;4;0.0256;1
900A;5;0.073;1
900A;14;0.02;2
900A;9;0.05;1
F5834;11;0.02992;11
F5834;2;0.11968;3
F5834;1;0.0435;2
F5834;7;0.0272;2
F5834;6;0.0239;6
F5834;14;0.045;2
AC/IC-140180;11;0.0397;4
AC/IC-140180;2;0.0787;20
AC/IC-140180;1;0.0764;8
AC/IC-140180;7;0.0318;2
AC/IC-140180;6;0.0117;2
AC/IC-140180;14;0.045;2
AC/IC-120120;11;0.034;4
AC/IC-120120;2;0.0673;18
AC/IC-120120;1;0.0653;2
AC/IC-120120;7;0.0272;2
AC/IC-120120;6;0.01;1
AC/IC-120120;14;0.045;2
F5464;1;0.414;14
F5464;4;0.3504;14
F5464;5;0.2832;14
F5464;6;0.0288;12
F5464;14;0.0828;2
F5464;9;0.366;1
F5852;11;0.0363;11
F5852;2;0.145;3
F5852;1;0.058;2
F5852;7;0.0363;2
F5852;6;0.029;6
F5852;14;0.0347;2
F5763;1;0.04545;1
F5763;4;0.1811;1
F5763;5;0.06615;1
F5763;10;0.02925;1
F5763;14;0.0674;2
804A;1;0.016;1
804A;4;0.0365;1
804A;5;0.0554;1
804A;10;0.0957;1
804A;14;0.02295;2
F5836;11;0.158;6
F5836;1;0.3871;6
F5836;4;0.6878;6
F5836;5;0.3124;6
F5836;10;0.4901;1
F5836;14;0.3254;2
F5022_KITIZQ;11;0.033118919;11
F5022_KITIZQ;1;0.044851351;8
F5022_KITIZQ;4;0.057040541;8
F5022_KITIZQ;14;0.015;2
F5022_KITIZQ;8;0.066181081;1
F4264;11;0.2791;2
F4264;2;0.4651;11
F4264;3;0.3535;11
F4264;1;0.1861;2
F4264;4;0.093;2
F4264;5;0.1861;2
F4264;6;0.093;13
F4264;10;0.1488;1
F4264;14;0.0558;2
F5761;1;0.022433333;1
F5761;4;0.029466667;1
F5761;5;0.039533333;1
F5761;10;0.0371;1
F5761;14;0.024766667;2
1070B;11;0.034;8
1070B;2;0.024;2
1070B;3;0.021;4
1070B;6;0.018;4
1070B;8;0.054;1
106XLI;1;0.06;1
106XLI;4;0.09;1
106XLI;8;0.02;1
235D;1;0.0165;1
235D;4;0.031;1
235D;14;0.0156;2
235D;9;0.0345;1
F5762;1;0.03218;1
F5762;4;0.03218;1
F5762;5;0.03218;1
F5762;10;0.03218;1
F5762;14;0.03218;2
POST-120B;11;0.0067;2
POST-120B;2;0.0168;5
POST-120B;6;0.0047;1
POST-120B;14;0.0106;2
STRRECCORPW;11;0.1152;2
STRRECCORPW;1;0.2388;4
STRRECCORPW;4;0.2388;4
STRRECCORPW;6;0.096;5
STRRECCORPW;9;0.484;1
STRD3060;2;0.0288;8
STRD3060;3;0.09792;4
STRD3060;1;0.0166;2
STRD3060;4;0.0864;2
STRD3060;5;0.0764;2
STRD3060;6;0.1037;4
STRD3060;10;0.0576;1
STRD3060;14;0.0288;2
STRPEDFF;11;0.0368;6
STRPEDFF;3;0.025758824;3
STRPEDFF;1;0.033358824;7
STRPEDFF;4;0.081441176;7
STRPEDFF;6;0.010558824;4
STRPEDFF;8;0.081441176;1
STRRECCORPWTOP;11;0.1152;2
STRRECCORPWTOP;2;0.192;3
STRRECCORPWTOP;3;0.2304;2
STRRECCORPWTOP;1;0.1688;3
STRRECCORPWTOP;6;0.096;3
STRRECCORPWTOP;9;0.384;1
F5856;11;0.112527273;4
F5856;2;0.128872727;8
F5856;3;0.136618182;4
F5856;1;0.070218182;1
F5856;4;0.0265;1
F5856;5;0.109727273;1
F5856;6;0.023763636;7
F5856;10;0.123418182;1
F5856;14;0.052981818;2
F5966;7;0.0514;2
221H;3;0.004;1
221H;6;0.00495;1
221H;9;0.0036;1
21810B;1;0.1;1
21810B;4;0.126;1
21810B;5;0.06;1
21810B;10;0.041;1
ZU118;11;0.086166667;3
ZU118;3;0.2011;3
ZU118;1;0.029;1
ZU118;4;0.022;1
ZU118;5;0.095;1
ZU118;6;0.0672;3
ZU118;10;0.090733333;1
ZU118;14;0.020166667;2
F5849;1;0.5804;27
F5849;4;0.7266;27
F5849;14;0;2
F5849;9;0.16943;1
F5859;11;0.0108;3
F5859;1;0.1511;6
F5859;4;0.08;6
F5859;14;0.07;2
F5859;9;0.093;1
STRHLEG;2;0.026;1
STRHLEG;3;0.0424;1
STRHLEG;6;0.0496;1
STRHLEG;10;0.032;1
STRHLEG;14;0.026;2
STRCONT84;11;0.0295;2
STRCONT84;2;0.0369;3
STRCONT84;3;0.1478;3
STRCONT84;1;0.0956;1
STRCONT84;4;0.0956;1
STRCONT84;5;0.1256;1
STRCONT84;6;0.1478;5
STRCONT84;10;0.0813;1
STRCONT84;14;0.0443;2
F5937;11;0.037;3
F5937;2;0.1109;8
F5937;3;0.1109;3
F5937;1;0.1109;4
F5937;4;0.0874;4
F5937;6;0.037;5
F5937;14;0.037;2
F5937;9;0.1159;1
1107;11;1.1213;14
1107;2;1.3243;77
1107;3;1.3339;41
1107;1;0.358;8
1107;4;0.8875;8
1107;5;0.599;8
1107;6;0.348;41
1107;10;0.6283;1
1107;14;0.4176;2
1105;11;0.8755;12
1105;2;1.0325;59
1105;3;1.0421;31
1105;1;0.3497;6
1105;4;0.6878;6
1105;5;0.3497;6
1105;6;0.2712;31
1105;10;0.4901;1
1105;14;0.3254;2
F6023;1;0.0421;1
F6023;4;0.073;1
F6023;5;0.1151;1
F6023;10;0.0364;1
F6023;14;0.0384;2
F5971;11;0.00255;5
F5971;6;0.001525;1
F5971;10;0.0030625;1
F5971;14;0.001525;2
919IA;1;0.018;1
919IA;14;0.011;2
F5973;1;0.0313;1
F5973;4;0.02505;1
F5973;14;0.00625;2
F5973;9;0.0313;1
ZU2903BOX2;3;0.2322;1
ZU2903BOX2;1;0.1533;4
ZU2903BOX2;4;0.1967;4
ZU2903BOX2;6;0.083;5
ZU2903BOX2;9;0.1667;1
ZU290 BOX 1;11;0.0532;3
ZU290 BOX 1;2;0.228;7
ZU290 BOX 1;3;0.1096;1
ZU290 BOX 1;1;0.2096;1
ZU290 BOX 1;4;0.1832;1
ZU290 BOX 1;6;0.0526;2
ZU290 BOX 1;9;0.1696;1
ZU490 BOX1;11;0.125;3
ZU490 BOX1;3;0.1;1
ZU490 BOX1;1;0.225;3
ZU490 BOX1;4;0.183;3
ZU490 BOX1;6;0.09;5
ZU490 BOX1;9;0.2075;1
AC-180120;11;0.0312;4
AC-180120;2;0.0743;27
AC-180120;1;0.08;4
AC-180120;7;0.025;2
AC-180120;6;0.0083;2
2050;11;0.0288;6
2050;3;0.0192;2
2050;1;0.0538;1
2050;4;0.0258;1
2050;5;0.0184;1
2050;6;0.0077;2
2050;10;0.0288;1
2050;14;0.0096;2
106C1;1;0.06;1
106C1;4;0.05;1
106C1;8;0.1;1
F5970;11;0.0003;2
F5970;6;0.0018125;2
F5970;10;0.003625;1
F5970;14;0.0018125;2
F6004;11;0.0237;3
F6004;6;0.0068;1
F6004;10;0.0147;1
F6004;14;0.015;2
F6005;11;0.0049;1
F6005;3;0.00735;1
F6005;10;0.00335;1
F6005;14;0.001675;2
F6006;11;0.0427;3
F6006;6;0.0122;1
F6006;10;0.0265;1
F6006;14;0.0225;2
2045;11;0.036;4
2045;3;0.024;4
2045;1;0.048;1
2045;4;0.02;1
2045;6;0.02;4
2045;14;0.014;2
2045;9;0;1
325;11;0.0269;1
325;2;0.03976;1
325;3;0.01756;1
325;6;0.03078;1
2012;1;0.2109;7
2012;4;0.2045;7
2012;14;0.036;2
2012;9;0.6165;1
2033;2;0.048;5
2033;3;0.036;2
2033;6;0.02;3
2033;14;0.014;2
2033;9;0.038;1
2061;11;0.0158;2
2061;2;0.085;2
2061;1;0.204;4
2061;4;0.153;4
2061;6;0.085;2
2061;14;0.0525;2
2061;9;0.1615;1
2081;11;0.0114;1
2081;1;0.2106;8
2081;4;0.2205;8
2081;6;0.0098;1
2081;14;0.0482;2
2081;9;0.8789;1
1143;11;0.5635;8
1143;2;0.6629;28
1143;3;0.6713;16
1143;1;0.132;5
1143;4;0.4372;5
1143;5;0.4474;5
1143;6;0.174;24
1143;10;0.3149;1
1143;14;0.2088;2
F6003;2;0.018688333;2
F6003;3;0.051935;2
F6003;1;0.05107;1
F6003;4;0.01927;1
F6003;5;0.0798;1
F6003;6;0.0108;2
F6003;10;0.08976;1
F6003;14;0.04816;2
C2-2204E;1;0.0155;1
C2-2204E;4;0.0104;1
C2-2204E;14;0.0019;2
C2-2204E;8;0.0103;1
F5999;11;0.00627;3
F5999;2;0.05774;8
F5999;3;0.02165;2
F5999;1;0.016311667;2
F5999;6;0.00868;6
2011;1;0.228;10
2011;4;0.2642;10
2011;6;0.0378;12
2011;14;0.036;2
2011;9;0.6161;1
F6046C;11;0.0316;1
F6046C;2;0.17;3
F6046C;3;0.204;1
F6046C;1;0.443;6
F6046C;4;0.3435;6
F6046C;6;0.17;2
F6046C;14;0.136;2
F6046C;9;0.358;1
F6046D;1;0.3166;10
F6046D;4;0.3963;10
F6046D;6;0.0567;12
F6046D;14;0.054;2
F6046D;9;0.9242;1
F5933G;3;0.0182;1
F5933G;10;0.0127;1
F5933G;14;0.0035;2
F5932C;11;0.0276;1
F5932C;6;0.0006;1
F5932C;10;0.002;1
F5932C;14;0.01;2
F5796A;1;0.0957;1
F5796A;4;0.14685;1
F5796A;14;0.0375;2
F5796A;9;0.16285;1
1000X;1;0.095;1
1000X;4;0.099;1
1000X;5;0.099;1
1000X;10;0.096;1
1000X;14;0.046;2
IWREP120;11;0.0144;2
IWREP120;1;0.0036;1
IWREP120;4;0.0036;1
IWREP120;5;0.06;1
IWREP120;10;0.0264;1
IWREP120;14;0.012;2
160-I;11;0.00865;2
160-I;2;0.0216;6
160-I;6;0.0605;1
160-T;11;0.00815;3
160-T;2;0.0204;1
160-T;3;0.00815;1
160-T;6;0.0057;1
C2-2203C;1;0.0251;1
C2-2203C;4;0.0167;1
C2-2203C;5;0.0152;1
C2-2203C;10;0.013;1
C2-2203C;14;0.0032;2
180-L;11;0.009125;2
180-L;2;0.0228;5
180-L;3;0.009125;1
180-L;6;0.006375;1
F5796;1;1.426;48
F5796;4;1.084;48
F5796;6;0.0823;14
F5796;14;0.3375;6
F5796;9;1.8427;1
1001C;1;0.012;1
1001C;4;0.0135;1
1001C;5;0.0288;1
1001C;10;0.0278;1
1001C;14;0.0174;2
233A;1;0.0888;1
233A;4;0.0888;1
233A;5;0.1998;1
233A;10;0.0666;1
233A;14;0.0288;2
928;1;0.1167;2
928;7;0.1719;2
928;14;0.0356;2
811F;1;0.01;1
811F;4;0.0122;1
811F;14;0.022;2
811F;8;0.0151;1
558CUB;1;0.051;1
558CUB;4;0.081;1
558CUB;14;0.0101;2
558CUB;9;0.049;1
1264;11;0.0234;2
1264;2;0.070233333;9
1264;3;0.056166667;1
1264;1;0.0468;1
1264;4;0.107666667;1
1264;5;0.037433333;1
1264;6;0.0234;5
1264;10;0.079566667;1
1264;14;0.0234;2
F6066;11;0.1438;4
F6066;2;0.1381;9
F6066;3;0.163;6
F6066;1;0.0421;1
F6066;4;0.073;1
F6066;5;0.1151;1
F6066;6;0.0422;11
F6066;10;0.092;1
F6066;14;0.0384;2
810A;1;0.03355;1
810A;4;0.0156;1
810A;5;0.40235;1
810A;10;0.02685;1
810A;14;0.0097;2
F5795;11;0.3153;12
F5795;3;0.1677;4
F5795;1;1.3468;23
F5795;4;1.0237;23
F5795;6;0.0778;4
F5795;14;0.3188;4
F5795;9;1.7403;1
2062;11;0.0158;1
2062;3;0.102;1
2062;1;0.204;4
2062;4;0.153;4
2062;6;0.085;1
2062;14;0.0595;2
2062;9;0.1655;1
AC/IC-160120;11;0.03746;4
AC/IC-160120;2;0.0742;20
AC/IC-160120;1;0.07204;4
AC/IC-160120;7;0.03002;2
AC/IC-160120;6;0.01107;1
2370;11;0.0187;5
2370;3;0.0209;1
2370;1;0.0193;1
2370;4;0.0053;1
2370;5;0.0136;1
2370;6;0.022;1
2370;10;0.1054;1
2370;14;0.02;2
2319;11;0.35;31
2319;2;0.2066;12
2319;3;0.22;6
2319;1;0.4;3
2319;4;0.1599;3
2319;5;0.1156;3
2319;6;0.022;6
2319;10;0.195;1
2319;14;0.093;2
5274F;1;0.039;1
5274F;4;0.039;1
5274F;5;0.0195;1
5274F;10;0.0468;1
5274F;14;0.0117;2
F5022P;1;0.0131;1
F5022P;4;0.016;1
F5022P;14;0.015;2
F5022P;8;0.0182;1
1017;11;0.1152;2
1017;2;0.1382;4
1017;3;0.1305;5
1017;1;0.085;2
1017;4;0.1152;2
1017;5;0.0302;2
1017;6;0.0384;5
1017;10;0.0768;1
1017;14;0.0384;2
2015;1;0.228;7
2015;4;0.2742;7
2015;14;0.036;2
2015;9;0.6261;1
1302;11;0.1991;6
1302;2;0.2362;30
1302;3;0.2488;9
1302;1;0.1275;4
1302;4;0.1493;4
1302;5;0.1617;4
1302;6;0.0622;9
1302;10;0.112;1
1302;14;0.0747;4
F6124;11;0.2547;7
F6124;1;0.116;3
F6124;4;0.275;3
F6124;5;0.2851;3
F6124;6;0.0167;7
F6124;10;0.1013;1
F6124;14;0.1339;2
IL-16075;11;0.037375;1
IL-16075;2;0.074025;19
IL-16075;1;0.071875;2
IL-16075;7;0.02995;2
IL-16075;6;0.01105;1
IL-16075;14;0.0504;2
2321;11;0.3;21
2321;2;0.2066;9
2321;3;0.18;5
2321;1;0.4;3
2321;4;0.1599;3
2321;5;0.1156;3
2321;6;0.022;5
2321;10;0.17;1
2321;14;0.093;2
F6087;11;0.07344;1
F6087;2;0.0816;4
F6087;3;0.06854;4
F6087;1;0.04776;1
F6087;4;0.0612;1
F6087;5;0.0214;1
F6087;6;0.02244;4
F6087;10;0.06528;1
F6087;14;0.0012;2
2372;11;0.0074;4
2372;1;0.0265;1
2372;4;0.0224;1
2372;5;0.067;1
2372;6;0.022;4
2372;10;0.1209;1
2372;14;0.02;2
2374;11;0.0262;8
2374;1;0.0294;1
2374;4;0.0267;1
2374;5;0.067;1
2374;6;0.022;8
2374;10;0.1209;1
2374;14;0.02;2
21822;1;2;21
21822;4;1.426;21
21822;5;0.325;21
21822;10;1.7;1
21822;14;0.1;6
AC/IC-12090;11;0.0309;4
AC/IC-12090;2;0.0612;14
AC/IC-12090;1;0.0594;4
AC/IC-12090;7;0.02475;2
AC/IC-12090;6;0.00915;1
AC/IC-12090;14;0.0355;2
DES149;11;0.014;1
DES149;5;0.05;1
DES149;10;0.08;1
AC/IC-140120;11;0.035683333;4
AC/IC-140120;2;0.070666667;18
AC/IC-140120;1;0.068616667;4
AC/IC-140120;7;0.028583333;2
AC/IC-140120;6;0.01055;2
AC/IC-140120;14;0.028583333;2
