modelo;id_work_center;tiempo;piezas
103S;11;0.0057;1
103S;2;0.0624;4
103S;3;0.1018;4
103S;1;0.0173;1
103S;4;0.0222;1
103S;5;0.0305;1
103S;7;0;0
103S;13;0;0
103S;12;0;0
103S;6;0.041;4
103S;16;0;0
103S;10;0.0587;1
103S;14;0.05;2
103S;8;0;0
103S;9;0;0
103S;15;0;0
103S;17;0;0
105;11;0.0138;12
105;2;0;0
105;3;0.0558;3
105;1;0.0973;7
105;4;0.0363;7
105;5;0;0
105;7;0;0
105;13;0;0
105;12;0;0
105;6;0.0139;3
105;16;0;0
105;10;0;0
105;14;0;0
105;8;0.0842;1
105;9;0;0
105;15;0;0
105;17;0;0
106;11;0.0138;12
106;2;0;0
106;3;0.0582;3
106;1;0.0973;7
106;4;0.0363;7
106;5;0;0
106;7;0;0
106;13;0;0
106;12;0;0
106;6;0.0139;3
106;16;0;0
106;10;0;0
106;14;0;0
106;8;0.0842;1
106;9;0;0
106;15;0;0
106;17;0;0
111;11;0;0
111;2;0.06;1
111;3;0.064;3
111;1;0.029;1
111;4;0.022;1
111;5;0.095;1
111;7;0;0
111;13;0;0
111;12;0;0
111;6;0.02;3
111;16;0;0
111;10;0.019;1
111;14;0;0
111;8;0;0
111;9;0;0
111;15;0;0
112;11;0;0
112;2;0;0
112;3;0;0
112;1;0;0
112;4;0;0
112;5;0;0
112;7;0;0
112;13;0;0
112;12;0.036;1
112;6;0.02;1
112;16;0.048;1
112;10;0;0
112;14;0;0
112;8;0;0
112;9;0;0
112;15;0;0
114;11;0.093;4
114;2;0;0
114;3;0.064;3
114;1;0.058;1
114;4;0.048;1
114;5;0.098;1
114;7;0;0
114;13;0;0
114;12;0;0
114;6;0.2;3
114;16;0;0
114;10;0.027;1
114;14;0.043;2
114;8;0;0
114;9;0;0
114;15;0;0
116;11;0;0
116;2;0;0
116;3;0.123;2
116;1;0.15;17
116;4;0.17;17
116;5;0;0
116;7;0;0
116;13;0;0
116;12;0;0
116;6;0.01;2
116;16;0;0
116;10;0;0
116;14;0.043;4
116;8;0;0
116;9;0.1464;1
116;15;0;0
118;11;0.093;4
118;2;0;0
118;3;0.053;3
118;1;0.046;1
118;4;0.043;1
118;5;0.045;1
118;7;0;0
118;13;0;0
118;12;0;0
118;6;0.02;3
118;16;0;0
118;10;0.027;1
118;14;0.043;2
118;8;0;0
118;9;0;0
118;15;0;0
120S;11;0.0158;2
120S;2;0.0568;6
120S;3;0.0928;4
120S;1;0.041;2
120S;4;0.0318;2
120S;5;0.0305;2
120S;7;0;0
120S;13;0;0
120S;12;0;0
120S;6;0.041;7
120S;16;0;0
120S;10;0.0528;1
120S;14;0;0
120S;8;0;0
120S;9;0;0
120S;15;0;0
120S;17;0;0
122;11;0;0
122;2;0;0
122;3;0;0
122;1;0;0
122;4;0;0
122;5;0;0
122;7;0.012;2
122;13;0;0
122;12;0.036;1
122;6;0.02;1
122;16;0.048;1
122;10;0;0
122;14;0;0
122;8;0;0
122;9;0;0
122;15;0;0
123S;11;0.0097;1
123S;2;0.0568;4
123S;3;0.0928;4
123S;1;0.0173;1
123S;4;0.0222;1
123S;5;0.0305;1
123S;7;0;0
123S;13;0;0
123S;12;0;0
123S;6;0.041;4
123S;16;0;0
123S;10;0.0587;1
123S;14;0;0
123S;8;0;0
123S;9;0;0
123S;15;0;0
123S;17;0;0
129;11;0.04;4
129;2;0;0
129;3;0;0
129;1;0.0452;5
129;4;0.0665;5
129;5;0.0305;5
129;7;0;0
129;13;0;0
129;12;0;0
129;6;0;0
129;16;0;0
129;10;0.0528;1
129;14;0.043;2
129;8;0;0
129;9;0;0
129;15;0;0
135;11;0;0
135;2;0;0
135;3;0;0
135;1;0.198;12
135;4;0.1722;12
135;5;0;0
135;7;0;0
135;13;0;0
135;12;0;0
135;6;0.0115;8
135;16;0;0
135;10;0;0
135;14;0.0193;4
135;8;0;0
135;9;0.441;1
135;15;0;0
135;17;0;0
141;11;0.0097;1
141;2;0.0568;0
141;3;0.0928;4
141;1;0.0173;1
141;4;0.0222;1
141;5;0.0305;1
141;7;0;0
141;13;0;0
141;12;0;0
141;6;0.041;4
141;16;0;0
141;10;0.0587;1
141;14;0;0
141;8;0;0
141;9;0;0
141;15;0;0
141;17;0;0
145;11;0.016;1
145;2;0;0
145;3;0.02;1
145;1;0.071;5
145;4;0.092;5
145;5;0.173;5
145;7;0;0
145;13;0;0
145;12;0;0
145;6;0.01;2
145;16;0;0
145;10;0.026;1
145;14;0.043;4
145;8;0;0
145;9;0;0
145;15;0;0
149S;11;0.0158;2
149S;2;0.0568;4
149S;3;0.0928;5
149S;1;0.047;3
149S;4;0.0318;3
149S;5;0.0305;3
149S;7;0;0
149S;13;0;0
149S;12;0;0
149S;6;0.041;5
149S;16;0;0
149S;10;0.0528;1
149S;14;0;0
149S;8;0;0
149S;9;0;0
149S;15;0;0
149S;17;0;0
150;11;0;0
150;2;0;0
150;3;0;0
150;1;0.029;1
150;4;0.022;1
150;5;0;0
150;7;0;0
150;13;0;0
150;12;0;0
150;6;0;0
150;16;0;0
150;10;0.019;1
150;14;0.043;2
150;8;0;0
150;9;0;0
150;15;0;0
151;11;0;0
151;2;0;0
151;3;0;0
151;1;0.059;2
151;4;0.032;2
151;5;0;0
151;7;0;0
151;13;0;0
151;12;0;0
151;6;0;0
151;16;0;0
151;10;0.019;1
151;14;0.043;2
151;8;0;0
151;9;0;0
151;15;0;0
153;11;0.011;1
153;2;0.06;2
153;3;0.0928;4
153;1;0.029;1
153;4;0.022;1
153;5;0.095;1
153;13;0;0
153;12;0;0
153;6;0.0096;4
153;16;0;0
153;10;0.069;1
153;14;0.043;0
153;8;0;0
153;9;0;0
153;15;0;0
165;11;0.04;1
165;2;0;0
165;3;0.086;4
165;1;0.031;5
165;4;0.113;5
165;5;0.133;5
165;7;0;0
165;13;0;0
165;12;0;0
165;6;0.02;5
165;16;0;0
165;10;0.057;1
165;14;0.043;2
165;8;0;0
165;9;0;0
165;15;0;0
168;11;0;0
168;2;0.08;3
168;3;0.134;6
168;1;0.055;5
168;4;0.066;5
168;5;0;0
168;13;0;0
168;12;0;0
168;6;0.0288;6
168;16;0;0
168;10;0;0
168;14;0.043;2
168;8;0;0
168;9;0.142;1
168;15;0;0
175;11;0.032;2
175;2;0;0
175;3;0;0
175;1;0.132;6
175;4;0.127;6
175;5;0;0
175;7;0;0
175;13;0;0
175;12;0;0
175;6;0.01;2
175;16;0;0
175;10;0;0
175;14;0.043;2
175;8;0;0
175;9;0.464;1
175;15;0;0
183;11;0.0008;4
183;2;0;0
183;3;0;0
183;1;0.086;4
183;4;0.031;4
183;5;0.173;3
183;7;0;0
183;13;0;0
183;12;0;0
183;6;0.019;3
183;16;0;0
183;10;0.057;1
183;14;0.043;2
183;8;0;0
183;9;0;0
183;15;0;0
184;11;0.0008;4
184;2;0;0
184;3;0;0
184;1;0.066;4
184;4;0.031;4
184;5;0.053;3
184;7;0;0
184;13;0;0
184;12;0;0
184;6;0.019;3
184;16;0;0
184;10;0.057;1
184;14;0.043;2
184;8;0;0
184;9;0;0
184;15;0;0
185;11;0.02;5
185;2;0;0
185;3;0.01;3
185;1;0.036;1
185;4;0.04;1
185;5;0;0
185;7;0;0
185;13;0;0
185;12;0;0
185;6;0.048;3
185;16;0;0
185;10;0;0
185;14;0.043;2
185;8;0;0
185;9;0.038;1
185;15;0;0
187;11;0.02;2
187;2;0;0
187;3;0.01;2
187;1;0.036;2
187;4;0.04;2
187;5;0;0
187;7;0;0
187;13;0;0
187;12;0;0
187;6;0.048;2
187;16;0;0
187;10;0;0
187;14;0.043;2
187;8;0;0
187;9;0.038;1
187;15;0;0
199;11;0;4
199;2;0.01;0
199;3;0.005;2
199;1;0.018;1
199;4;0.017;1
199;5;0.101;1
199;13;0;0
199;12;0;0
199;6;0.0048;2
199;16;0;0
199;10;0.019;1
199;14;0.043;2
199;8;0;0
199;9;0;0
199;15;0;0
210S;15;0;0
210S;11;0.02;2
210S;2;0.06;0
210S;3;0.0928;5
210S;1;0.029;3
210S;4;0.032;3
210S;5;0.165;3
210S;13;0;0
210S;12;0;0
210S;6;0.02;5
210S;16;0;0
210S;10;0.109;1
210S;14;0.043;2
210S;8;0;0
210S;9;0;0
210S;15;0;0
217;11;0.011;4
217;2;0;0
217;3;0.062;4
217;1;0.029;1
217;4;0.022;1
217;5;0.19;1
217;13;0;0
217;12;0;0
217;6;0.0096;4
217;16;0;0
217;10;0.069;1
217;14;0;0
217;8;0;0
217;9;0;0
217;15;0;0
221;11;0.018;1
221;2;0;0
221;3;0.119;1
221;1;0.117;6
221;4;0.173;6
221;5;0;0
221;13;0;0
221;12;0;0
221;6;0.01;2
221;16;0;0
221;10;0;0
221;14;0.043;2
221;8;0;0
221;9;0.026;1
221;15;0;0
223;11;0.018;1
223;2;0;0
223;3;0.02;1
223;1;0.119;6
223;4;0.117;6
223;5;0;0
223;7;0;0
223;13;0;0
223;12;0;0
223;6;0.01;2
223;16;0;0
223;10;0;0
223;14;0.043;2
223;8;0;0
223;9;0.26;1
223;15;0;0
229;11;0;0
229;2;0;0
229;3;0;0
229;1;0.211;9
229;4;0.2714;9
229;5;0;0
229;7;0;0
229;13;0;0
229;12;0;0
229;6;0;0
229;16;0;0
229;10;0;0
229;14;0.043;2
229;8;0;0
229;9;0.63;1
229;15;0;0
233;11;0.0263;0
233;2;0;0
233;3;0;0
233;1;0.0862;4
233;4;0.0602;4
233;5;0.053;4
233;7;0;0
233;13;0;0
233;12;0;0
233;6;0.041;12
233;16;0;0
233;10;0.0577;1
233;14;0.022;2
233;8;0;0
233;9;0;0
233;15;0;0
233;17;0;0
234;11;0.04;4
234;2;0;0
234;3;0;0
234;1;0.086;4
234;4;0.031;4
234;5;0.173;4
234;7;0;0
234;13;0;0
234;12;0;0
234;6;0;0
234;16;0;0
234;10;0.057;1
234;14;0.043;2
234;8;0;0
234;9;0;0
234;15;0;0
235;11;0;0
235;2;0;0
235;3;0;0
235;1;0.0448;7
235;4;0.168;7
235;5;0;0
235;7;0;0
235;13;0;0
235;12;0;0
235;6;0;0
235;16;0;0
235;10;0;0
235;14;0.043;2
235;8;0;0
235;9;0.037;1
235;15;0;0
237;11;0.0057;2
237;2;0;0
237;3;0;0
237;1;0.0285;1
237;4;0.0157;1
237;5;0.0255;1
237;7;0;0
237;13;0;0
237;12;0;0
237;6;0.041;0
237;16;0;0
237;10;0.0587;1
237;14;0.022;2
237;8;0;0
237;9;0;0
237;15;0;0
237;17;0;0
239;11;0.042;1
239;2;0.06;1
239;3;0.064;3
239;1;0.029;1
239;4;0.022;1
239;5;0.095;1
239;7;0;0
239;13;0;0
239;12;0;0
239;6;0.02;3
239;16;0;0
239;10;0.019;1
239;14;0.043;2
239;8;0;0
239;9;0;0
239;15;0;0
272;11;0;0
272;2;0.03;2
272;3;0.0084;2
272;1;0;0
272;4;0;0
272;5;0;0
272;7;0;0
272;13;0.0226;2
272;12;0;0
272;6;0.005;2
272;16;0;0
272;10;0;0
272;14;0;0
272;8;0;0
272;9;0;0
272;15;0.049;1
273;11;0.0084;1
273;2;0;0
273;3;0;0
273;1;0;0
273;4;0;0
273;5;0;0
273;7;0;0
273;13;0.0226;2
273;12;0;0
273;6;0.005;2
273;16;0;0
273;10;0;0
273;14;0;0
273;8;0;0
273;9;0;0
273;15;0.049;1
279;11;0.0084;1
279;2;0.03;1
279;3;0;0
279;1;0;0
279;4;0;0
279;5;0;0
279;7;0;0
279;13;0.0226;2
279;12;0;0
279;6;0.005;2
279;16;0;0
279;10;0;0
279;14;0;0
279;8;0;0
279;9;0;0
279;15;0.049;1
285;11;0.01;3
285;2;0;0
285;3;0.005;2
285;1;0.018;1
285;4;0.017;1
285;5;0;0
285;7;0;0
285;13;0;0
285;12;0;0
285;6;0.0048;3
285;16;0;0
285;10;0;0
285;14;0.043;2
285;8;0;0
285;9;0.019;1
285;15;0;0
297;11;0;0
297;2;0;0
297;3;0.02;1
297;1;0;0
297;4;0;0
297;5;0;0
297;7;0;0
297;13;0.0226;1
297;12;0;0
297;6;0.005;2
297;16;0;0
297;10;0;0
297;14;0;0
297;8;0;0
297;9;0;0
297;15;0.049;1
298;11;0;0
298;2;0;0
298;3;0.03;1
298;1;0;0
298;4;0;0
298;5;0;0
298;7;0;0
298;13;0.0226;1
298;12;0;0
298;6;0.005;2
298;16;0;0
298;10;0;0
298;14;0;0
298;8;0;0
298;9;0;0
298;15;0.049;1
303;11;0.0205;14
303;2;0;0
303;3;0.05;4
303;1;0.1045;8
303;4;0.0483;8
303;5;0;0
303;7;0;0
303;13;0.0538;1
303;12;0;0
303;6;0.0139;5
303;16;0;0
303;10;0;0
303;14;0;0
303;8;0.1234;1
303;9;0;0
303;15;0;0
303;17;0;0
304;11;0.0277;12
304;2;0;0
304;3;0.085;8
304;1;0.135;9
304;4;0.0678;9
304;5;0;0
304;7;0;0
304;13;0.0801;1
304;12;0;0
304;6;0.0444;8
304;16;0;0
304;10;0;0
304;14;0;0
304;8;0.2013;1
304;9;0;0
304;15;0;0
304;17;0;0
305;11;0.0205;15
305;2;0;0
305;3;0.05;4
305;1;0.1103;9
305;4;0.0558;9
305;5;0;0
305;7;0;0
305;13;0.0538;1
305;12;0;0
305;6;0.0194;5
305;16;0;0
305;10;0;0
305;14;0;0
305;8;0.1234;1
305;9;0;0
305;15;0;0
305;17;0;0
310;11;0.0138;17
310;2;0;0
310;3;0.0428;3
310;1;0.0376;3
310;4;0.0208;3
310;5;0;0
310;7;0;0
310;13;0.12;1
310;12;0;0
310;6;0.0222;4
310;16;0;0
310;10;0;0
310;14;0;0
310;8;0.1612;1
310;9;0;0
310;15;0;0
310;17;0;0
324;11;0.0084;1
324;2;0.05;1
324;3;0;0
324;1;0;0
324;4;0;0
324;5;0;0
324;7;0;0
324;13;0.0226;2
324;12;0;0
324;6;0.005;2
324;16;0;0
324;10;0;0
324;14;0;0
324;8;0;0
324;9;0;0
324;15;0.049;1
327;11;0.0047;1
327;2;0.05;1
327;3;0;0
327;1;0;0
327;4;0;0
327;5;0;0
327;7;0;0
327;13;0.0226;2
327;12;0;0
327;6;0.005;1
327;16;0;0
327;10;0;0
327;14;0;0
327;8;0;0
327;9;0;0
327;15;0.055;1
329;11;0.0047;1
329;2;0.05;1
329;3;0;0
329;1;0;0
329;4;0;0
329;5;0;0
329;7;0;0
329;13;0.0226;2
329;12;0;0
329;6;0.005;2
329;16;0;0
329;10;0;0
329;14;0;0
329;8;0;0
329;9;0;0
329;15;0.055;1
379;11;0;0
379;2;0;0
379;3;0;0
379;1;0;0
379;4;0;0
379;5;0;0
379;7;0.03;0
379;13;0;0
379;12;0.105;1
379;6;0.04;1
379;16;0.28;1
379;10;0;0
379;14;0;0
379;8;0;0
379;9;0;0
379;15;0;0
399;11;0.0047;1
399;2;0.05;1
399;3;0;0
399;1;0;0
399;4;0;0
399;5;0;0
399;7;0;0
399;13;0.0226;2
399;12;0;0
399;6;0.005;1
399;16;0;0
399;10;0;0
399;14;0;0
399;8;0;0
399;9;0;0
399;15;0.055;1
435;11;0;0
435;2;0;0
435;3;0;0
435;1;0;0
435;4;0;0
435;5;0;0
435;7;0.05;0
435;13;0;0
435;12;0;0
435;6;0;0
435;16;0.15;1
435;10;0;0
435;14;0;0
435;8;0;0
435;9;0;0
435;15;0;0
437;11;0;0
437;2;0;0
437;3;0;0
437;1;0;0
437;4;0;0
437;5;0;0
437;7;0.05;0
437;13;0;0
437;12;0;0
437;6;0;0
437;16;0.15;0
437;10;0;0
437;14;0;0
437;8;0;0
437;9;0;0
437;15;0;0
497;11;0;0
497;2;0;0
497;3;0.03;1
497;1;0;0
497;4;0;0
497;5;0;0
497;7;0;0
497;13;0.0226;1
497;12;0;0
497;6;0.005;2
497;16;0;0
497;10;0;0
497;14;0;0
497;8;0;0
497;9;0;0
497;15;0.049;1
516;11;0.02;1
516;2;0;0
516;3;0;0
516;1;0;0
516;4;0;0
516;5;0;0
516;13;0;0
516;12;0.0205;1
516;6;0.014;1
516;16;0.104;1
516;10;0;0
516;14;0;0
516;8;0;0
516;9;0;0
516;15;0;0
517;11;0;0
517;2;0.14;8
517;3;0.28;4
517;1;0.03;1
517;4;0.007;1
517;5;0.051;1
517;7;0;0
517;13;0;0
517;12;0;0
517;6;0.02;4
517;16;0;0
517;10;0.03;1
517;14;0.043;2
517;8;0;0
517;9;0;0
517;15;0;0
518;11;0;0
518;2;0.19;8
518;3;0.333;4
518;1;0.03;1
518;4;0.007;1
518;5;0.051;1
518;7;0;0
518;13;0;0
518;12;0;0
518;6;0.02;4
518;16;0;0
518;10;0.03;1
518;14;0.043;2
518;8;0;0
518;9;0;0
518;15;0;0
526;11;0.039;1
526;2;0;0
526;3;0;0
526;1;0.036;1
526;4;0.029;1
526;5;0.073;1
526;7;0;0
526;13;0;0
526;12;0;0
526;6;0;0
526;16;0;0
526;10;0.057;1
526;14;0.043;2
526;8;0;0
526;9;0;0
526;15;0;0
527;11;0.039;1
527;2;0;0
527;3;0;0
527;1;0.056;1
527;4;0.029;1
527;5;0.073;1
527;7;0;0
527;13;0;0
527;12;0;0
527;6;0;0
527;16;0;0
527;10;0.057;1
527;14;0.043;2
527;8;0;0
527;9;0;0
527;15;0;0
528;11;0.039;1
528;2;0;0
528;3;0;0
528;1;0.036;1
528;4;0.029;1
528;5;0.073;1
528;7;0;0
528;13;0;0
528;12;0;0
528;6;0;0
528;16;0;0
528;10;0.057;1
528;14;0.043;2
528;8;0;0
528;9;0;0
528;15;0;0
543;11;0;0
543;2;0.3;10
543;3;0.384;2
543;1;0.06;1
543;4;0.007;1
543;5;0.051;1
543;13;0;0
543;12;0;0
543;6;0.0096;10
543;16;0;0
543;10;0.06;1
543;14;0.043;2
543;8;0;0
543;9;0;0
543;15;0;0
544;11;0;0
544;2;0;0
544;3;0.192;1
544;1;0.03;1
544;4;0.007;1
544;5;0.051;1
544;13;0;0
544;12;0;0
544;6;0.0096;1
544;16;0;0
544;10;0.03;1
544;14;0;0
544;8;0;0
544;9;0;0
544;15;0;0
546;11;0;0
546;2;0.15;5
546;3;0.192;1
546;1;0.03;1
546;4;0.007;1
546;5;0.051;1
546;13;0;0
546;12;0;0
546;6;0.0096;5
546;16;0;0
546;10;0.03;1
546;14;0.043;2
546;8;0;0
546;9;0;0
546;15;0;0
547;11;0;0
547;2;0;0
547;3;0.192;1
547;1;0.03;1
547;4;0.007;1
547;5;0.051;1
547;13;0;0
547;12;0;0
547;6;0.0096;1
547;16;0;0
547;10;0.03;1
547;14;0.043;2
547;8;0;0
547;9;0;0
547;15;0;0
550;11;0.006;2
550;2;0.04;5
550;3;0.026;4
550;1;0.136;5
550;4;0.085;4
550;5;0;0
550;7;0;0
550;13;0.0648;1
550;12;0;0
550;6;0.041;6
550;16;0;0
550;10;0;0
550;14;0.0193;2
550;8;0;0
550;9;0.2522;1
550;15;0;0
550;17;0;0
556;11;0.006;2
556;2;0.04;5
556;3;0.026;4
556;1;0.136;5
556;4;0.085;4
556;5;0;0
556;7;0;0
556;13;0.0648;8
556;12;0;0
556;6;0.041;6
556;16;0;0
556;10;0;0
556;14;0.0193;2
556;8;0;0
556;9;0.2522;1
556;15;0;0
556;17;0;0
600;11;0;0
600;2;0.0275;2
600;3;0.1041;3
600;1;0.0198;2
600;4;0.0463;2
600;5;0.0268;2
600;7;0;0
600;13;0;0
600;12;0;0
600;6;0.041;3
600;16;0;0
600;10;0.0225;1
600;14;0.022;2
600;8;0;0
600;9;0;0
600;15;0;0
601;11;0;0
601;2;0.0915;2
601;3;0.1041;3
601;1;0.0425;2
601;4;0.0458;2
601;5;0.095;2
601;13;0;0
601;12;0;0
601;6;0.0571;3
601;16;0;0
601;10;0.0208;1
601;14;0.043;2
601;8;0;0
601;9;0;0
601;15;0;0
602;11;0;0
602;2;0.0413;3
602;3;0.1561;6
602;1;0.0425;3
602;4;0.0497;3
602;5;0.0305;3
602;7;0;0
602;13;0;0
602;12;0;0
602;6;0.0734;6
602;16;0;0
602;10;0.1153;1
602;14;0.043;2
602;8;0;0
602;9;0;0
602;15;0;0
604;11;0.04;12
604;2;0;0
604;3;0.035;1
604;1;0.069;7
604;4;0.081;7
604;5;0;0
604;13;0;0
604;12;0;0
604;6;0.014;1
604;16;0;0
604;10;0;0
604;14;0;0
604;8;0;0
604;9;0.1944;1
604;15;0;0
606;11;0;0
606;2;0;0
606;3;0;0
606;1;0.069;6
606;4;0.081;6
606;5;0;0
606;13;0;0
606;12;0;0
606;6;0;0
606;16;0;0
606;10;0;0
606;14;0.043;2
606;8;0;0
606;9;0.183;1
606;15;0;0
608;11;0.0027;0
608;2;0.0968;2
608;3;0.06;3
608;1;0.1282;8
608;4;0.1479;8
608;5;0;0
608;7;0;0
608;13;0;0
608;12;0;0
608;6;0.0033;3
608;16;0;0
608;10;0;0
608;14;0.022;2
608;8;0;0
608;9;0.4073;1
608;15;0;0
608;17;0;0
610;11;0.02;12
610;2;0;0
610;3;0.14;3
610;1;0.057;7
610;4;0.061;7
610;5;0;0
610;7;0;0
610;13;0;0
610;12;0;0
610;6;0.014;3
610;16;0;0
610;10;0;0
610;14;0;0
610;8;0.077;1
610;9;0;0
610;15;0;0
615;11;0;0
615;2;0;0
615;3;0;0
615;1;0;0
615;4;0;0
615;5;0;0
615;7;0;0
615;13;0;0
615;12;0;0
615;6;0;0
615;16;0;0
615;10;0.116;1
615;14;0;0
615;8;0;0
615;9;0;0
615;15;0;0
617;11;0;0
617;2;0;0
617;3;0;0
617;1;0;0
617;4;0;0
617;5;0;0
617;7;0;0
617;13;0;0
617;12;0;0
617;6;0;0
617;16;0;0
617;10;0.01;1
617;14;0.083;2
617;8;0;0
617;9;0;0
617;15;0;0
618;11;0;0
618;2;0;0
618;3;0;0
618;1;0;0
618;4;0;0
618;5;0;0
618;13;0;0
618;12;0;0
618;6;0.02;2
618;16;0;0
618;10;0.019;1
618;14;0.043;2
618;8;0;0
618;9;0;0
618;15;0;0
623;11;0;0
623;2;0.11;5
623;3;0.06;7
623;1;0.14;2
623;4;0.095;2
623;5;0.092;2
623;7;0;0
623;13;0;0
623;12;0;0
623;6;0.014;5
623;16;0;0
623;10;0.069;1
623;14;0.043;2
623;8;0;0
623;9;0;0
623;15;0;0
625;11;0;0
625;2;0.2;4
625;3;0.261;7
625;1;0.282;4
625;4;0.078;4
625;5;0.568;4
625;7;0;0
625;13;0;0
625;12;0;0
625;6;0.02;7
625;16;0;0
625;10;0.103;1
625;14;0.043;2
625;8;0;0
625;9;0;0
625;15;0;0
626;11;0;0
626;2;0.2;4
626;3;0.16;7
626;1;0.298;4
626;4;0.092;4
626;5;0.568;4
626;7;0;0
626;13;0;0
626;12;0;0
626;6;0.02;7
626;16;0;0
626;10;0.103;1
626;14;0.043;2
626;8;0;0
626;9;0;0
626;15;0;0
627;11;0;0
627;2;0.2;2
627;3;0.174;3
627;1;0.046;2
627;4;0.043;2
627;5;0.031;2
627;7;0;0
627;13;0;0
627;12;0;0
627;6;0.02;3
627;16;0;0
627;10;0.102;1
627;14;0.043;2
627;8;0;0
627;9;0;0
627;15;0;0
630;11;0;0
630;2;0.0277;2
630;3;0.174;6
630;1;0.066;3
630;4;0.0837;3
630;5;0.0305;3
630;13;0;0
630;12;0;0
630;6;0.049;10
630;16;0;0
630;10;0.0225;1
630;14;0.026;2
630;8;0;0
630;9;0;0
630;15;0;0
631;11;0;0
631;2;0.06;2
631;3;0.136;5
631;1;0.037;1
631;4;0.027;1
631;5;0.051;1
631;13;0;0
631;12;0;0
631;6;0.0192;7
631;16;0;0
631;10;0.069;1
631;14;0.043;2
631;8;0;0
631;9;0;0
631;15;0;0
637;11;0;0
637;2;0;0
637;3;0;0
637;1;0;0
637;4;0;0
637;5;0;0
637;13;0;0
637;12;0;0
637;6;0.02;2
637;16;0;0
637;10;0.019;1
637;14;0.043;2
637;8;0;0
637;9;0;0
637;15;0;0
638;11;0;0
638;2;0;0
638;3;0;0
638;1;0;0
638;4;0;0
638;5;0;0
638;7;0;0
638;13;0;0
638;12;0;0
638;6;0;0
638;16;0;0
638;10;0.008;1
638;14;0;0
638;8;0;0
638;9;0;0
638;15;0;0
642;11;0.01;25
642;2;0;0
642;3;0.078;4
642;1;0.069;8
642;4;0.081;8
642;5;0;0
642;13;0.042;1
642;12;0;0
642;6;0.014;3
642;16;0;0
642;10;0;0
642;14;0;0
642;8;0.183;1
642;9;0;0
642;15;0;0
643;11;0.0138;12
643;2;0;0
643;3;0.0428;3
643;1;0.0945;7
643;4;0.031;6
643;5;0;0
643;7;0.0833;1
643;13;0;0
643;12;0;0
643;6;0.014;3
643;16;0.2208;1
643;10;0;0
643;14;0;0
643;8;0.0842;1
643;9;0;0
643;15;0;0
643;17;0;0
644;11;0;0
644;2;0.06;1
644;3;0.064;3
644;1;0.029;1
644;4;0.022;1
644;5;0.025;1
644;7;0;0
644;13;0;0
644;12;0;0
644;6;0.002;3
644;16;0;0
644;10;0.019;1
644;14;0.0043;2
644;8;0;0
644;9;0;0
644;15;0;0
645;11;0;0
645;2;0.06;1
645;3;0.064;3
645;1;0.029;1
645;4;0.022;1
645;5;0.095;1
645;7;0;0
645;13;0;0
645;12;0;0
645;6;0.02;3
645;16;0;0
645;10;0.019;1
645;14;0.043;2
645;8;0;0
645;9;0;0
645;15;0;0
650;11;0;0
650;2;0;0
650;3;0;0
650;1;0.158;10
650;4;0.172;10
650;5;0;0
650;7;0;0
650;13;0;0
650;12;0;0
650;6;0;0
650;16;0;0
650;10;0;0
650;14;0.043;2
650;8;0;0
650;9;0.749;1
650;15;0;0
652;11;0.064;2
652;2;0;0
652;3;0;0
652;1;0.067;6
652;4;0.075;6
652;5;0;0
652;7;0;0
652;13;0;0
652;12;0;0
652;6;0.01;2
652;16;0;0
652;10;0;0
652;14;0.043;2
652;8;0;0
652;9;0.157;1
652;15;0;0
656;11;0;0
656;2;0.22;2
656;3;0.1249;5
656;1;0.568;2
656;4;0.191;2
656;5;0.278;2
656;7;0;0
656;13;0;0
656;12;0;0
656;6;0.103;5
656;16;0;0
656;10;0.116;1
656;14;0.043;2
656;8;0;0
656;9;0;0
656;15;0;0
657;11;0;0
657;2;0.22;2
657;3;0.1249;5
657;1;0.568;2
657;4;0.208;2
657;5;0.278;2
657;7;0;0
657;13;0;0
657;12;0;0
657;6;0.103;5
657;16;0;0
657;10;0.116;1
657;14;0.043;2
657;8;0;0
657;9;0;0
657;15;0;0
666;11;0;1
666;2;0.09;4
666;3;0.058;4
666;1;0.029;1
666;4;0.022;1
666;5;0.015;1
666;7;0;0
666;13;0;0
666;12;0;0
666;6;0.02;4
666;16;0;0
666;10;0.019;1
666;14;0.043;2
666;8;0;0
666;9;0;0
666;15;0;0
678;11;0.0205;4
678;2;0;0
678;3;0.05;4
678;1;0.0929;8
678;4;0.0425;8
678;5;0;0
678;7;0;0
678;13;0.0538;1
678;12;0;0
678;6;0.0194;5
678;16;0;0
678;10;0;0
678;14;0;0
678;8;0.1234;1
678;9;0;0
678;15;0;0
678;17;0;0
680;11;0;0
680;2;0;0
680;3;0;0
680;1;0;0
680;4;0;0
680;5;0;0
680;13;0;0
680;12;0;0
680;6;0.002;2
680;16;0;0
680;10;0.019;1
680;14;0.043;2
680;8;0;0
680;9;0;0
680;15;0;0
692;11;0;0
692;2;0;0
692;3;0;0
692;1;0;0
692;4;0;0
692;5;0;0
692;7;0.05;1
692;13;0;0
692;12;0;0
692;6;0;0
692;16;0.15;1
692;10;0;0
692;14;0;0
692;8;0;0
692;9;0;0
692;15;0;0
702;11;0;0
702;2;0.24;8
702;3;0.1079;5
702;1;0.03;1
702;4;0.007;1
702;5;0.051;1
702;13;0;0
702;12;0;0
702;6;0.0096;5
702;16;0;0
702;10;0.03;1
702;14;0.043;2
702;8;0;0
702;9;0;0
702;15;0;0
719;11;0.0158;1
719;2;0.113;12
719;3;0.1079;5
719;1;0.0315;1
719;4;0.0097;1
719;5;0.0255;1
719;7;0;0
719;13;0;0
719;12;0;0
719;6;0.041;5
719;16;0;0
719;10;0.0528;1
719;14;0.022;2
719;8;0;0
719;9;0;0
719;15;0;0
719;17;0;0
750;11;0.011;0
750;2;0.06;4
750;3;0.054;4
750;1;0.029;1
750;4;0.022;1
750;5;0.095;1
750;13;0;0
750;12;0;0
750;6;0.02;6
750;16;0;0
750;10;0.019;1
750;14;0.043;2
750;8;0;0
750;9;0;0
750;15;0;0
794;11;0;0
794;2;0;0
794;3;0;0
794;1;0.084;4
794;4;0.089;4
794;5;0.173;4
794;13;0;0
794;12;0;0
794;6;0.0096;10
794;16;0;0
794;10;0.027;1
794;14;0.043;2
794;8;0;0
794;9;0;0
794;15;0;0
795;11;0;0
795;2;0;0
795;3;0;0
795;1;0.094;4
795;4;0.099;4
795;5;0.173;4
795;13;0;0
795;12;0;0
795;6;0.0096;10
795;16;0;0
795;10;0.027;1
795;14;0.043;2
795;8;0;0
795;9;0;0
795;15;0;0
797;11;0;0
797;2;0;0
797;3;0;0
797;1;0.057;4
797;4;0.022;4
797;5;0.055;4
797;13;0;0
797;12;0;0
797;6;0.02;4
797;16;0;0
797;10;0.089;1
797;14;0.043;2
797;8;0;0
797;9;0;0
797;15;0;0
798;11;0.002;1
798;2;0;0
798;3;0;4
798;1;0.084;4
798;4;0.089;4
798;5;0.173;4
798;13;0;0
798;12;0;0
798;6;0.096;12
798;16;0;0
798;10;0.027;1
798;14;0.043;2
798;8;0;0
798;17;0;0
798;9;0;0
798;15;0;0
803;11;0.0097;1
803;2;0.0412;6
803;3;0.0608;4
803;1;0.0173;1
803;4;0.0222;1
803;5;0.0305;1
803;7;0;0
803;13;0;0
803;12;0;0
803;6;0.041;5
803;16;0;0
803;10;0.0587;1
803;14;0.05;2
803;8;0;0
803;9;0;0
803;15;0;0
803;17;0;0
804;11;0.018;6
804;2;0.1096;10
804;3;0.0911;7
804;1;0.0551;2
804;4;0.0499;2
804;5;0.0305;2
804;13;0;0
804;12;0;0
804;6;0.0816;8
804;16;0;0
804;10;0.0528;1
804;14;0.043;2
804;8;0;0
804;9;0;0
804;15;0;0
805;11;0.1;2
805;2;0.24;10
805;3;0.23;7
805;1;0.032;3
805;4;0.165;3
805;5;0.165;3
805;7;0;0
805;13;0;0
805;12;0;0
805;6;0.13;8
805;16;0;0
805;10;0.109;1
805;14;0.043;2
805;8;0;0
805;9;0;0
805;15;0;0
806;11;0.011;2
806;2;0.06;6
806;3;0.063;4
806;1;0.058;2
806;4;0.044;2
806;5;0.19;2
806;7;0;0
806;13;0;0
806;12;0;0
806;6;0.02;6
806;16;0;0
806;10;0.019;1
806;14;0.043;2
806;8;0;0
806;9;0;0
806;15;0;0
808;11;0.128;6
808;2;0.4;10
808;3;0.0954;7
808;1;0.089;4
808;4;0.086;4
808;5;0.05;4
808;7;0;0
808;13;0;0
808;12;0;0
808;6;0.038;11
808;16;0;0
808;10;0.069;1
808;14;0.043;2
808;8;0;0
808;9;0;0
808;15;0;0
809;11;0.011;2
809;2;0.06;6
809;3;0.063;4
809;1;0.058;2
809;4;0.044;2
809;5;0.19;2
809;7;0;0
809;13;0;0
809;12;0;0
809;6;0.02;6
809;16;0;0
809;10;0.019;1
809;14;0.043;2
809;8;0;0
809;9;0;0
809;15;0;0
810;11;0.002;0
810;2;0.4;11
810;3;0.136;11
810;1;0.046;2
810;4;0.043;2
810;5;0.191;2
810;13;0;0
810;12;0;0
810;6;0.02;11
810;16;0;0
810;10;0.102;1
810;14;0.043;0
810;8;0;0
810;9;0;0
810;15;0;0
811;11;0.002;9
811;2;0;0
811;3;0.021;2
811;1;0.055;7
811;4;0.06;7
811;5;0;0
811;7;0;0
811;13;0;0
811;12;0;0
811;6;0.014;2
811;16;0;0
811;10;0;0
811;14;0;0
811;8;0.075;1
811;9;0;0
811;15;0;0
813;11;0.0077;2
813;2;0.08;6
813;3;0.0608;4
813;1;0.0298;1
813;4;0.0252;1
813;5;0.0488;1
813;7;0;0
813;13;0;0
813;12;0;0
813;6;0.0816;5
813;16;0;0
813;10;0.0242;1
813;14;0.043;2
813;8;0;0
813;9;0;0
813;15;0;0
834;11;0;0
834;2;0;0
834;3;0;0
834;1;0;0
834;4;0;0
834;5;0;0
834;7;0.05;1
834;13;0;0
834;12;0;0
834;6;0;0
834;16;0.12;1
834;10;0;0
834;14;0;0
834;8;0;0
834;9;0;0
834;15;0;0
846;11;0;0
846;2;0;0
846;3;0;0
846;1;0.031;4
846;4;0.173;4
846;5;0.58;4
846;7;0;0
846;13;0;0
846;12;0;0
846;6;0;0
846;16;0;0
846;10;0.57;1
846;14;0.043;4
846;8;0;0
846;9;0;0
846;15;0;0
900;11;0.005;4
900;2;0;0
900;3;0;0
900;1;0.0161;1
900;4;0.0005;1
900;5;0;0
900;7;0;0
900;13;0;0
900;12;0;0
900;6;0.0017;4
900;16;0;0
900;10;0;0
900;14;0.0193;0
900;8;0;0
900;9;0.1529;1
900;15;0;0
900;17;0;0
901;11;0.005;4
901;2;0;0
901;3;0;0
901;1;0.0161;1
901;4;0.0005;1
901;5;0;0
901;7;0;0
901;13;0;0
901;12;0;0
901;6;0.0017;1
901;16;0;0
901;10;0;0
901;14;0.0193;2
901;8;0;0
901;9;0.1529;1
901;15;0;0
901;17;0;0
910;11;0;0
910;2;0;0
910;3;0;0
910;1;0;0
910;4;0;0
910;5;0;0
910;7;0.120228571;1
910;13;0;0
910;12;0;0
910;6;0;0
910;16;0;0
910;10;0;0
910;14;0;0
910;8;0;0
910;9;0;0
910;15;0;0
910;17;0.2906;1
911;11;0;0
911;2;0;0
911;3;0;0
911;1;0;0
911;4;0;0
911;5;0;0
911;7;0.024;2
911;13;0;0
911;12;0;0
911;6;0;0
911;16;0;0
911;10;0;0
911;14;0;0
911;8;0;0
911;9;0;0
911;15;0;0
911;17;0.2906;1
912;11;0;0
912;2;0;0
912;3;0;0
912;1;0;0
912;4;0;0
912;5;0;0
912;7;0.2404;2
912;13;0;0
912;12;0;0
912;6;0;0
912;16;0;0
912;10;0;0
912;14;0;0
912;8;0;0
912;9;0;0
912;15;0;0
912;17;0.2906;1
913;11;0;0
913;2;0;0
913;3;0;0
913;1;0;0
913;4;0;0
913;5;0;0
913;7;0.2404;2
913;13;0;0
913;12;0;0
913;6;0;0
913;16;0;0
913;10;0;0
913;14;0;0
913;8;0;0
913;9;0;0
913;15;0;0
913;17;0.2906;1
914;11;0;0
914;2;0;0
914;3;0;0
914;1;0;0
914;4;0;0
914;5;0;0
914;7;0.2404;2
914;13;0;0
914;12;0;0
914;6;0;0
914;16;0;0
914;10;0;0
914;14;0;0
914;8;0;0
914;9;0;0
914;15;0;0
914;17;0.2906;1
917;11;0;0
917;2;0;0
917;3;0;0
917;1;0;0
917;4;0;0
917;5;0;0
917;7;0.2404;2
917;13;0;0
917;12;0;0
917;6;0;0
917;16;0;0
917;10;0;0
917;14;0;0
917;8;0;0
917;9;0;0
917;15;0;0
917;17;0.2906;1
918;11;0;0
918;2;0;0
918;3;0;0
918;1;0;0
918;4;0;0
918;5;0;0
918;7;0.2404;2
918;13;0;0
918;12;0;0
918;6;0;0
918;16;0;0
918;10;0;0
918;14;0;0
918;8;0;0
918;9;0;0
918;15;0;0
918;17;0.2906;1
920;11;0;0
920;2;0;0
920;3;0;0
920;1;0;0
920;4;0;0
920;5;0;0
920;7;0.1202;1
920;13;0;0
920;12;0;0
920;6;0;0
920;16;0;0
920;10;0;0
920;14;0;0
920;8;0;0
920;9;0;0
920;15;0;0
920;17;0.2906;1
921;11;0;0
921;2;0;0
921;3;0;0
921;1;0;0
921;4;0;0
921;5;0;0
921;7;0.1202;1
921;13;0;0
921;12;0;0
921;6;0;0
921;16;0;0
921;10;0;0
921;14;0;0
921;8;0;0
921;9;0;0
921;15;0;0
921;17;0.2906;1
929;11;0;0
929;2;0;0
929;3;0;0
929;1;0;0
929;4;0;0
929;5;0;0
929;7;0.1202;1
929;13;0;0
929;12;0;0
929;6;0;0
929;16;0;0
929;10;0;0
929;14;0;0
929;8;0;0
929;9;0;0
929;15;0;0
929;17;0.2906;1
1000;11;0.0178;1
1000;2;0.0915;8
1000;3;0.0478;4
1000;1;0.0556;2
1000;4;0.0317;2
1000;5;0.0265;2
1000;7;0;0
1000;13;0;0
1000;12;0;0
1000;6;0.041;5
1000;16;0;0
1000;10;0.0577;1
1000;14;0.022;2
1000;8;0;0
1000;9;0;0
1000;15;0;0
1000;17;0;0
1001;11;0.093;1
1001;2;0.11;2
1001;3;0.0608;4
1001;1;0.057;2
1001;4;0.022;2
1001;5;0.095;2
1001;7;0;0
1001;13;0;0
1001;12;0;0
1001;6;0.02;5
1001;16;0;0
1001;10;0.102;1
1001;14;0.043;2
1001;8;0;0
1001;9;0;0
1001;15;0;0
1003;11;0.0478;1
1003;2;0.0915;2
1003;3;0.0603;4
1003;1;0.0389;2
1003;4;0.0429;2
1003;5;0.0268;2
1003;7;0;0
1003;13;0;0
1003;12;0;0
1003;6;0.0816;5
1003;16;0;0
1003;10;0.102;1
1003;14;0.043;2
1003;8;0;0
1003;9;0;0
1003;15;0;0
1005;11;0;0
1005;2;0.15;5
1005;3;0.0608;3
1005;1;0.043;1
1005;4;0.028;1
1005;5;0.095;2
1005;13;0;0
1005;12;0;0
1005;6;0.0144;3
1005;16;0;0
1005;10;0.026;1
1005;14;0.043;2
1005;8;0;0
1005;9;0;0
1005;15;0;0
1006;11;0.093;1
1006;2;0.15;2
1006;3;0.0608;3
1006;1;0.043;1
1006;4;0.028;1
1006;5;0.095;1
1006;13;0;0
1006;12;0;0
1006;6;0.0144;5
1006;16;0;0
1006;10;0.026;1
1006;14;0.043;2
1006;8;0;0
1006;9;0;0
1006;15;0;0
1009;11;0.013;1
1009;2;0.08;2
1009;3;0.58;2
1009;1;0.057;1
1009;4;0.022;1
1009;5;0.095;1
1009;7;0;0
1009;13;0;0
1009;12;0;0
1009;6;0.02;3
1009;16;0;0
1009;10;0.102;1
1009;14;0.043;2
1009;8;0;0
1009;9;0;0
1009;15;0;0
1010;11;0.002;2
1010;2;0.44;8
1010;3;0.11;4
1010;1;0.046;1
1010;4;0.043;1
1010;5;0.191;1
1010;7;0;0
1010;13;0;0
1010;12;0;0
1010;6;0.02;5
1010;16;0;0
1010;10;0.102;1
1010;14;0.043;2
1010;8;0;0
1010;9;0;0
1010;15;0;0
1011;11;0.002;2
1011;2;0.79;14
1011;3;0.12;4
1011;1;0.24;2
1011;4;0.032;2
1011;5;0.03;1
1011;7;0;0
1011;13;0;0
1011;12;0;0
1011;6;0.019;5
1011;16;0;0
1011;10;0.0096;1
1011;14;0.043;2
1011;8;0;0
1011;9;0;0
1011;15;0;0
1012;11;0.002;2
1012;2;0.4;5
1012;3;0.108;4
1012;1;0.24;1
1012;4;0.022;1
1012;5;0.03;1
1012;7;0;0
1012;13;0;0
1012;12;0;0
1012;6;0.019;5
1012;16;0;0
1012;10;0.0096;1
1012;14;0.043;2
1012;8;0;0
1012;9;0;0
1012;15;0;0
1013;11;0.02;2
1013;2;0.37;5
1013;3;0.108;3
1013;1;0.24;1
1013;4;0.022;1
1013;5;0.03;1
1013;7;0;0
1013;13;0;0
1013;12;0;0
1013;6;0.019;3
1013;16;0;0
1013;10;0.0096;1
1013;14;0.043;2
1013;8;0;0
1013;9;0;0
1013;15;0;0
1014;11;0.004;2
1014;2;0.4;9
1014;3;0.216;3
1014;1;0.48;2
1014;4;0.044;2
1014;5;0.06;2
1014;7;0;0
1014;13;0;0
1014;12;0;0
1014;6;0.019;7
1014;16;0;0
1014;10;0.02;1
1014;14;0.043;2
1014;8;0;0
1014;9;0;0
1014;15;0;0
1015;11;0.002;2
1015;2;0.2;5
1015;3;0.108;3
1015;1;0.24;1
1015;4;0.022;1
1015;5;0.03;1
1015;7;0;0
1015;13;0;0
1015;12;0;0
1015;6;0.019;5
1015;16;0;0
1015;10;0.0096;1
1015;14;0.043;2
1015;8;0;0
1015;9;0;0
1015;15;0;0
1020;11;0.006;4
1020;2;0.0088;2
1020;3;0.0386;4
1020;1;0.158;10
1020;4;0.1722;10
1020;5;0;0
1020;7;0;0
1020;13;0;0
1020;12;0;0
1020;6;0.041;4
1020;16;0;0
1020;10;0;0
1020;14;0.022;4
1020;8;0;0
1020;9;0.441;1
1020;15;0;0
1020;17;0;0
1023;11;0;0
1023;2;0.066;2
1023;3;0.09;4
1023;1;0.204;10
1023;4;0.207;10
1023;5;0;0
1023;7;0;0
1023;13;0;0
1023;12;0;0
1023;6;0.01;2
1023;16;0;0
1023;10;0;0
1023;14;0.043;4
1023;8;0;0
1023;9;0.922;1
1023;15;0;0
1024;11;0;0
1024;2;0.06;2
1024;3;0.09;4
1024;1;0.2;10
1024;4;0.201;10
1024;5;0;0
1024;7;0;0
1024;13;0;0
1024;12;0;0
1024;6;0.01;2
1024;16;0;0
1024;10;0;0
1024;14;0.043;2
1024;8;0;0
1024;9;0.922;1
1024;15;0;0
1027;11;0;0
1027;2;0.066;2
1027;3;0.09;4
1027;1;0.224;8
1027;4;0.237;8
1027;5;0;0
1027;7;0;0
1027;13;0;0
1027;12;0;0
1027;6;0.01;2
1027;16;0;0
1027;10;0;0
1027;14;0.043;2
1027;8;0;0
1027;9;0.922;1
1027;15;0;0
1030;11;0.006;18
1030;2;0.0278;2
1030;3;0.0533;7
1030;1;0.1862;10
1030;4;0.1899;10
1030;5;0;0
1030;7;0;0
1030;13;0.0628;1
1030;12;0;0
1030;6;0.041;7
1030;16;0;0
1030;10;0;0
1030;14;0.022;4
1030;8;0.0628;1
1030;9;0.2491;1
1030;15;0;0
1030;17;0;0
1031;11;0.04;18
1031;2;0.066;2
1031;3;0.11;7
1031;1;0.136;10
1031;4;0.17;10
1031;5;0;0
1031;7;0;0
1031;13;0.1104;1
1031;12;0;0
1031;6;0.01;7
1031;16;0;0
1031;10;0;0
1031;14;0.043;4
1031;8;0.55;1
1031;9;0.922;1
1031;15;0;0
1033;11;0.04;18
1033;2;0.019;2
1033;3;0.11;7
1033;1;0.136;10
1033;4;0.6;10
1033;5;0;0
1033;7;0;0
1033;13;0.1104;1
1033;12;0;0
1033;6;0.0096;7
1033;16;0;0
1033;10;0;0
1033;14;0.043;4
1033;8;0;1
1033;9;0.922;1
1033;15;0;0
1034;11;0.04;18
1034;2;0.066;2
1034;3;0.11;7
1034;1;0.136;11
1034;4;0.17;11
1034;5;0;0
1034;7;0;0
1034;13;0.1104;1
1034;12;0;0
1034;6;0.01;7
1034;16;0;0
1034;10;0;0
1034;14;0.043;4
1034;8;0.55;1
1034;9;0.922;1
1034;15;0;0
1035;11;0.04;18
1035;2;0.019;2
1035;3;0.11;7
1035;1;0.136;10
1035;4;0.6;10
1035;5;0;0
1035;7;0;0
1035;13;0.1104;1
1035;12;0;0
1035;6;0.0096;7
1035;16;0;0
1035;10;0;0
1035;14;0.043;4
1035;8;0;1
1035;9;0.922;1
1035;15;0;0
1040;11;0.006;18
1040;2;0.0278;2
1040;3;0.0176;7
1040;1;0.1862;10
1040;4;0.1899;10
1040;5;0;0
1040;7;0;0
1040;13;0.0628;0
1040;12;0;0
1040;6;0.041;7
1040;16;0;0
1040;10;0;0
1040;14;0.0193;2
1040;8;0.1612;1
1040;9;0.2491;1
1040;15;0;0
1040;17;0;0
1043;11;0.04;18
1043;2;0.019;2
1043;3;0.11;7
1043;1;0.136;10
1043;4;0.6;10
1043;5;0;0
1043;7;0;0
1043;13;0;0
1043;12;0;0
1043;6;0.0096;7
1043;16;0;0
1043;10;0;0
1043;14;0.043;4
1043;8;0;1
1043;9;0.922;1
1043;15;0;0
1044;11;0.04;18
1044;2;0.019;2
1044;3;0.11;7
1044;1;0.136;10
1044;4;0.6;10
1044;5;0;0
1044;7;0;0
1044;13;0;0
1044;12;0;0
1044;6;0.0096;7
1044;16;0;0
1044;10;0;0
1044;14;0.043;4
1044;8;0.55;1
1044;9;0.922;1
1044;15;0;0
1045;11;0.006;18
1045;2;0.0278;2
1045;3;0.0533;7
1045;1;0.1862;10
1045;4;0.1899;10
1045;5;0;0
1045;7;0;0
1045;13;0.0628;1
1045;12;0;0
1045;6;0.041;25
1045;16;0;0
1045;10;0;0
1045;14;0.022;4
1045;8;0.1612;1
1045;9;0.2491;1
1045;15;0;0
1045;17;0;0
1050;11;0.156;4
1050;2;0.06;2
1050;3;0.049;4
1050;1;0.211;9
1050;4;0.217;9
1050;5;0;0
1050;13;0;0
1050;12;0;0
1050;6;0.0096;4
1050;16;0;0
1050;10;0;0
1050;14;0.043;4
1050;8;0;0
1050;9;0.914;1
1050;15;0;0
1051;11;0.156;4
1051;2;0.03;2
1051;3;0.039;4
1051;1;0.1;11
1051;4;0.092;11
1051;5;0;0
1051;13;0;0
1051;12;0;0
1051;6;0.0096;4
1051;16;0;0
1051;10;0;0
1051;14;0.043;4
1051;8;0;0
1051;9;0.814;1
1051;15;0;0
1052;11;0.006;4
1052;2;0.0278;2
1052;3;0.0386;4
1052;1;0.2113;12
1052;4;0.22;12
1052;5;0;0
1052;7;0;0
1052;13;0;0
1052;12;0;0
1052;6;0.041;4
1052;16;0;0
1052;10;0;0
1052;14;0.022;4
1052;8;0;0
1052;9;0.3584;1
1052;15;0;0
1052;17;0;0
1054;11;0.156;4
1054;2;0.066;2
1054;3;0.09;4
1054;1;0.204;12
1054;4;0.207;12
1054;5;0;0
1054;7;0;0
1054;13;0;0
1054;12;0;0
1054;6;0.01;4
1054;16;0;0
1054;10;0;0
1054;14;0.043;4
1054;8;0;0
1054;9;0.922;1
1054;15;0;0
1055;11;0.156;4
1055;2;0.0278;2
1055;3;0.0533;4
1055;1;0.0362;12
1055;4;0.1899;12
1055;5;0;0
1055;7;0;0
1055;13;0;0
1055;12;0;0
1055;6;0.0115;4
1055;16;0;0
1055;10;0;0
1055;14;0.022;4
1055;8;0;0
1055;9;0.3785;1
1055;15;0;0
1055;17;0;0
1061;11;0.186;4
1061;2;0.3;13
1061;3;0.2;7
1061;1;0.074;2
1061;4;0.024;2
1061;5;0.15;2
1061;7;0;0
1061;13;0;0
1061;12;0;0
1061;6;0.04;11
1061;16;0;0
1061;10;0.204;1
1061;14;0.043;2
1061;8;0;0
1061;9;0;0
1061;15;0;0
1062;11;0.186;4
1062;2;0.11;13
1062;3;0.216;7
1062;1;0.114;2
1062;4;0.044;2
1062;5;0.19;2
1062;7;0;0
1062;13;0;0
1062;12;0;0
1062;6;0.04;11
1062;16;0;0
1062;10;0.204;1
1062;14;0.043;2
1062;8;0;0
1062;9;0;0
1062;15;0;0
1071;11;0.036;18
1071;2;0.06;2
1071;3;0.049;8
1071;1;0.075;7
1071;4;0.062;7
1071;5;0;0
1071;7;0;0
1071;13;0;0
1071;12;0;0
1071;6;0.01;6
1071;16;0;0
1071;10;0;0
1071;14;0;0
1071;8;0.077;1
1071;9;0;0
1071;15;0;0
1072;11;0.0205;18
1072;2;0;0
1072;3;0.05;6
1072;1;0.1006;8
1072;4;0.042;8
1072;5;0;0
1072;7;0;0
1072;13;0;1
1072;12;0;0
1072;6;0.019;5
1072;16;0;0
1072;10;0;0
1072;14;0;0
1072;8;0.1234;1
1072;9;0;0
1072;15;0;0
1072;17;0;0
1073;11;0.02;18
1073;2;0;0
1073;3;0.058;4
1073;1;0.065;7
1073;4;0.051;7
1073;5;0;0
1073;7;0;0
1073;13;0.002;1
1073;12;0;0
1073;6;0.019;5
1073;16;0;0
1073;10;0;0
1073;14;0;0
1073;8;0.112;1
1073;9;0;0
1073;15;0;0
1090;11;0.005;3
1090;2;0;0
1090;3;0.067;1
1090;1;0;0
1090;4;0;0
1090;5;0;0
1090;7;0;0
1090;13;0;0
1090;12;0;0
1090;6;0.005;1
1090;16;0;0
1090;10;0.012;1
1090;14;0.033;2
1090;8;0;0
1090;9;0;0
1090;15;0;0
1091;11;0.005;2
1091;2;0;0
1091;3;0.121;1
1091;1;0;0
1091;4;0;0
1091;5;0;0
1091;7;0;0
1091;13;0;0
1091;12;0;0
1091;6;0;0
1091;16;0;0
1091;10;0.019;1
1091;14;0.043;2
1091;8;0;0
1091;9;0;0
1091;15;0;0
1092;11;0;0
1092;2;0;0
1092;3;0;0
1092;1;0;0
1092;4;0;0
1092;5;0;0
1092;7;0;0
1092;13;0;0
1092;12;0;0
1092;6;0;0
1092;16;0;0
1092;10;0.116;1
1092;14;0;0
1092;8;0;0
1092;9;0;0
1092;15;0;0
1093;11;0;0
1093;2;0;0
1093;3;0;0
1093;1;0.029;0
1093;4;0.022;0
1093;5;0;0
1093;7;0;0
1093;13;0;0
1093;12;0;0
1093;6;0;0
1093;16;0;0
1093;10;0.019;1
1093;14;0.043;2
1093;8;0;0
1093;9;0;0
1093;15;0;0
1094;11;0;0
1094;2;0;0
1094;3;0;0
1094;1;0.029;0
1094;4;0.022;0
1094;5;0;0
1094;7;0;0
1094;13;0;0
1094;12;0;0
1094;6;0;0
1094;16;0;0
1094;10;0.019;1
1094;14;0.043;2
1094;8;0;0
1094;9;0;0
1094;15;0;0
1095;11;0;0
1095;2;0;0
1095;3;0;0
1095;1;0.029;0
1095;4;0.022;0
1095;5;0;0
1095;7;0;0
1095;13;0;0
1095;12;0;0
1095;6;0;0
1095;16;0;0
1095;10;0.019;1
1095;14;0.043;2
1095;8;0;0
1095;9;0;0
1095;15;0;0
1096;11;0;0
1096;2;0;0
1096;3;0;0
1096;1;0.029;1
1096;4;0.022;1
1096;5;0;0
1096;7;0;0
1096;13;0;0
1096;12;0;0
1096;6;0;0
1096;16;0;0
1096;10;0.019;1
1096;14;0.043;2
1096;8;0;0
1096;9;0;0
1096;15;0;0
1097;11;0;0
1097;2;0;0
1097;3;0;0
1097;1;0.029;1
1097;4;0.022;1
1097;5;0;0
1097;7;0;0
1097;13;0;0
1097;12;0;0
1097;6;0;0
1097;16;0;0
1097;10;0.019;1
1097;14;0.043;2
1097;8;0;0
1097;9;0;0
1097;15;0;0
1099;11;0;0
1099;2;0;0
1099;3;0;0
1099;1;0;0
1099;4;0;0
1099;5;0;0
1099;7;0;0
1099;13;0;0
1099;12;0;0
1099;6;0;0
1099;16;0;0
1099;10;0.019;1
1099;14;0.043;2
1099;8;0;0
1099;9;0;0
1099;15;0;0
1100;11;0;0
1100;2;0.44;13
1100;3;0.11;7
1100;1;0.046;1
1100;4;0.043;1
1100;5;0.191;1
1100;7;0;0
1100;13;0;0
1100;12;0;0
1100;6;0.02;5
1100;16;0;0
1100;10;0.102;1
1100;14;0.043;2
1100;8;0;0
1100;9;0;0
1100;15;0;0
1101;11;0.0037;2
1101;2;0.8247;23
1101;3;0.2033;11
1101;1;0.068;2
1101;4;0.0733;2
1101;5;0.0612;2
1101;7;0;0
1101;13;0;0
1101;12;0;0
1101;6;0.02;13
1101;16;0;0
1101;10;0.103;1
1101;14;0.043;2
1101;8;0;0
1101;9;0;0
1101;15;0;0
1103;11;0.278;8
1103;2;0.22;41
1103;3;0.11;21
1103;1;0.282;4
1103;4;0.078;4
1103;5;0.568;4
1103;7;0;0
1103;13;0;0
1103;12;0;0
1103;6;0.08;29
1103;16;0;0
1103;10;0.103;1
1103;14;0.043;4
1103;8;0;0
1103;9;0;0
1103;15;0;0
1124;11;0;0
1124;2;0;0
1124;3;0;0
1124;1;0;0
1124;4;0;0
1124;5;0;0
1124;7;0;0
1124;13;0;0
1124;12;0;0
1124;6;0;0
1124;16;0;0
1124;10;0.019;1
1124;14;0.043;2
1124;8;0;0
1124;9;0;0
1124;15;0;0
1140;11;0.093;2
1140;2;0.23;2
1140;3;0.57;7
1140;1;0.1;2
1140;4;0.115;2
1140;5;0.401;2
1140;7;0;0
1140;13;0;0
1140;12;0;0
1140;6;0.076;9
1140;16;0;0
1140;10;0.069;1
1140;14;0.043;2
1140;8;0;0
1140;9;0;0
1140;15;0;0
1141;11;0.093;2
1141;2;0.33;18
1141;3;0.77;10
1141;1;0.1;3
1141;4;0.115;3
1141;5;0.401;3
1141;7;0;0
1141;13;0;0
1141;12;0;0
1141;6;0.086;12
1141;16;0;0
1141;10;0.069;1
1141;14;0.043;2
1141;8;0;0
1141;9;0;0
1141;15;0;0
1157;11;0.08;17
1157;2;0;0
1157;3;0.078;4
1157;1;0.084;12
1157;4;0.039;12
1157;5;0;0
1157;13;0;0
1157;12;0;0
1157;6;0.014;4
1157;16;0;0
1157;10;0;0
1157;14;0;0
1157;8;0;0
1157;9;0.194;1
1157;15;0;0
1159;11;0.04;16
1159;2;0;0
1159;3;0.11;4
1159;1;0.136;14
1159;4;0.017;14
1159;5;0;0
1159;7;0;0
1159;13;0;0
1159;12;0;0
1159;6;0.0096;5
1159;16;0;0
1159;10;0;0
1159;14;0.043;2
1159;8;0;0
1159;9;0.922;1
1159;15;0;0
12060;11;0.032;4
12060;2;0.06;1
12060;3;0;0
12060;1;0.018;4
12060;4;0;0
12060;5;0;0
12060;7;0.008;2
12060;13;0.019;8
12060;12;0;0
12060;6;0.02;6
12060;16;0;0
12060;10;0;0
12060;14;0;0
12060;8;0;0
12060;9;0;0
12060;15;0.1051;1
12060;17;0;0
12075;11;0.032;4
12075;2;0.06;1
12075;3;0;0
12075;1;0.018;4
12075;4;0;0
12075;5;0;0
12075;7;0.008;2
12075;13;0.019;8
12075;12;0;0
12075;6;0.02;6
12075;16;0;0
12075;10;0;0
12075;14;0;0
12075;8;0;0
12075;9;0;0
12075;15;0.1051;1
12090;11;0.032;4
12090;2;0.06;1
12090;3;0;0
12090;1;0.018;4
12090;4;0;0
12090;5;0;0
12090;7;0.008;2
12090;13;0.019;8
12090;12;0;0
12090;6;0.02;6
12090;16;0;0
12090;10;0;0
12090;14;0;0
12090;8;0;0
12090;9;0;0
12090;15;0.1051;1
16060;11;0.092;4
16060;2;0.06;3
16060;3;0;1
16060;1;0.018;4
16060;4;0;0
16060;5;0;0
16060;7;0.008;2
16060;13;0.019;8
16060;12;0;0
16060;6;0.02;6
16060;16;0;0
16060;10;0;0
16060;14;0;0
16060;8;0;0
16060;9;0;0
16060;15;0.1062;1
16075;11;0.0168;4
16075;2;0.0732;3
16075;3;0;1
16075;1;0.0392;4
16075;4;0;0
16075;5;0;0
16075;7;0.008;2
16075;13;0.0669;8
16075;12;0;0
16075;6;0.05;6
16075;16;0;0
16075;10;0;0
16075;14;0;0
16075;8;0;0
16075;9;0;0
16075;15;0.1062;1
16075;17;0;0
16090;11;0.032;4
16090;2;0.06;3
16090;3;0;0
16090;1;0.018;4
16090;4;0;0
16090;5;0;0
16090;13;0.042;8
16090;12;0;0
16090;6;0.02;6
16090;16;0;0
16090;10;0;0
16090;14;0;0
16090;8;0;0
16090;9;0;0
16090;15;0.204;1
21810;11;0;0
21810;2;0;0
21810;3;0;0
21810;1;0.5;9
21810;4;0.418;9
21810;5;0.613;9
21810;7;0;0
21810;13;0;0
21810;12;0;0
21810;6;0.02;36
21810;16;0;0
21810;10;0.73;1
21810;14;0;2
21810;8;0;0
21810;9;0;0
21810;15;0;0
21814;11;0;0
21814;2;0;0
21814;3;0;0
21814;1;0.03;13
21814;4;0.118;13
21814;5;0.113;13
21814;7;0;0
21814;13;0;0
21814;12;0;0
21814;6;0.02;48
21814;16;0;0
21814;10;0.03;1
21814;14;0.043;6
21814;8;0;0
21814;9;0;0
21814;15;0;0
120120;11;0.0225;4
120120;2;0.0732;1
120120;3;0;1
120120;1;0.0373;4
120120;4;0;0
120120;5;0;0
120120;7;0.008;2
120120;13;0.067;8
120120;12;0;0
120120;6;0.05;6
120120;16;0;0
120120;10;0;0
120120;14;0;0
120120;8;0;0
120120;9;0;0
120120;15;0.288;1
120120;17;0;0
160120;11;0.0225;4
160120;2;0.0732;3
160120;3;0;1
160120;1;0.041;4
160120;4;0;0
160120;5;0;0
160120;7;0.008;2
160120;13;0.067;8
160120;12;0;0
160120;6;0.05;6
160120;16;0;0
160120;10;0;0
160120;14;0;0
160120;8;0;0
160120;9;0;0
160120;15;0.288;1
160120;17;0.0304;0
180120;11;0.032;4
180120;2;0.06;3
180120;3;0;1
180120;1;0.018;4
180120;4;0;0
180120;5;0;0
180120;7;0.008;2
180120;13;0.019;8
180120;12;0;0
180120;6;0.02;6
180120;16;0;0
180120;10;0;0
180120;14;0;0
180120;8;0;0
180120;9;0;0
180120;15;0.496;1
22120004;11;0;0
22120004;2;0.0042;1
22120004;3;0;0
22120004;1;0;0
22120004;4;0;0
22120004;5;0;0
22120004;7;0;0
22120004;13;0;0
22120004;12;0;0
22120004;6;0;0
22120004;16;0;0
22120004;10;0;0
22120004;14;0;0
22120004;8;0;0
22120004;9;0;0
22120004;15;0;0
22401001;11;0;0
22401001;2;0.038;1
22401001;3;0;0
22401001;1;0;0
22401001;4;0;0
22401001;5;0;0
22401001;13;0;0
22401001;12;0;0
22401001;6;0;0
22401001;16;0;0
22401001;10;0;0
22401001;14;0;0
22401001;8;0;0
22401001;9;0;0
22401001;15;0;0
22401009;11;0;0
22401009;2;0.0253;1
22401009;3;0;0
22401009;1;0;0
22401009;4;0;0
22401009;5;0;0
22401009;13;0;0
22401009;12;0;0
22401009;6;0;0
22401009;16;0;0
22401009;10;0;0
22401009;14;0;0
22401009;8;0;0
22401009;9;0;0
22401009;15;0;0
22401010;11;0;0
22401010;2;0.0253;1
22401010;3;0;0
22401010;1;0;0
22401010;4;0;0
22401010;5;0;0
22401010;13;0;0
22401010;12;0;0
22401010;6;0;0
22401010;16;0;0
22401010;10;0;0
22401010;14;0;0
22401010;8;0;0
22401010;9;0;0
22401010;15;0;0
22501011;11;0.0087;1
22501011;2;0;0
22501011;3;0;0
22501011;1;0;0
22501011;4;0;0
22501011;5;0;0
22501011;13;0;0
22501011;12;0;0
22501011;6;0;0
22501011;16;0;0
22501011;10;0;0
22501011;14;0;0
22501011;8;0;0
22501011;9;0;0
22501011;15;0;0
22501018;11;0.0031;1
22501018;2;0;0
22501018;3;0;0
22501018;1;0;0
22501018;4;0;0
22501018;5;0;0
22501018;7;0;0
22501018;13;0;0
22501018;12;0;0
22501018;6;0;0
22501018;16;0;0
22501018;10;0;0
22501018;14;0;0
22501018;8;0;0
22501018;9;0;0
22501018;15;0;0
22501020;11;0.0006;1
22501020;2;0.0021;0
22501020;3;0;0
22501020;1;0;0
22501020;4;0;0
22501020;5;0;0
22501020;7;0;0
22501020;13;0;0
22501020;12;0;0
22501020;6;0;0
22501020;16;0;0
22501020;10;0;0
22501020;14;0;0
22501020;8;0;0
22501020;9;0;0
22501020;15;0;0
22501037;11;0.0009;1
22501037;2;0;0
22501037;3;0;0
22501037;1;0;0
22501037;4;0;0
22501037;5;0;0
22501037;7;0;0
22501037;13;0;0
22501037;12;0;0
22501037;6;0;0
22501037;16;0;0
22501037;10;0;0
22501037;14;0;0
22501037;8;0;0
22501037;9;0;0
22501037;15;0;0
22501038;11;0.0009;1
22501038;2;0;0
22501038;3;0;0
22501038;1;0;0
22501038;4;0;0
22501038;5;0;0
22501038;7;0;0
22501038;13;0;0
22501038;12;0;0
22501038;6;0;0
22501038;16;0;0
22501038;10;0;0
22501038;14;0;0
22501038;8;0;0
22501038;9;0;0
22501038;15;0;0
22901004;11;0;0
22901004;2;0.028;2
22901004;3;0.089;1
22901004;1;0;0
22901004;4;0;0
22901004;5;0;0
22901004;13;0;0
22901004;12;0;0
22901004;6;0;0
22901004;16;0;0
22901004;10;0;0
22901004;14;0.0043;0
22901004;8;0;0
22901004;9;0;0
22901004;15;0;0
1000-1;11;0.093;1
1000-1;2;0.091;5
1000-1;3;0.108;3
1000-1;1;0.057;2
1000-1;4;0.022;2
1000-1;5;0.095;2
1000-1;7;0;0
1000-1;13;0;0
1000-1;12;0;0
1000-1;6;0.02;4
1000-1;16;0;0
1000-1;10;0.102;1
1000-1;14;0.043;2
1000-1;8;0;0
1000-1;9;0;0
1000-1;15;0;0
1001-1;11;0.093;1
1001-1;2;0.15;8
1001-1;3;0.0508;3
1001-1;1;0.043;2
1001-1;4;0.028;2
1001-1;5;0.095;1
1001-1;13;0;0
1001-1;12;0;0
1001-1;6;0.0144;5
1001-1;16;0;0
1001-1;10;0.026;1
1001-1;14;0.043;2
1001-1;8;0;0
1001-1;9;0;0
1001-1;15;0;0
1002-1;11;0.093;1
1002-1;2;0.105;5
1002-1;3;0.0508;3
1002-1;1;0.057;2
1002-1;4;0.022;2
1002-1;5;0.095;2
1002-1;7;0;0
1002-1;13;0;0
1002-1;12;0;0
1002-1;6;0.02;4
1002-1;16;0;0
1002-1;10;0.1;1
1002-1;14;0.043;2
1002-1;8;0;0
1002-1;9;0;0
1002-1;15;0;0
106XL;11;0.0207;9
106XL;2;0;0
106XL;3;0.0667;6
106XL;1;0.1044;8
106XL;4;0.0668;8
106XL;5;0;0
106XL;7;0;0
106XL;13;0.0694;1
106XL;12;0;0
106XL;6;0.0333;7
106XL;16;0;0
106XL;10;0;0
106XL;14;0;0
106XL;8;0.2013;1
106XL;9;0;0
106XL;15;0;0
106XL;17;0;0
1102;11;0.278;2
1102;2;0.22;32
1102;3;0.11;16
1102;1;0.282;3
1102;4;0.078;3
1102;5;0.568;3
1102;7;0;0
1102;13;0;0
1102;12;0;0
1102;6;0.02;18
1102;16;0;0
1102;10;0.103;1
1102;14;0.043;2
1102;8;0;0
1102;9;0;0
1102;15;0;0
1155-A;11;0;0
1155-A;2;0.04;4
1155-A;3;0.12;1
1155-A;1;0.252;15
1155-A;4;0.307;15
1155-A;5;0;0
1155-A;7;0;0
1155-A;13;0;0
1155-A;12;0;0
1155-A;6;0.024;1
1155-A;16;0;0
1155-A;10;0;0
1155-A;14;0.043;2
1155-A;8;0;0
1155-A;9;0.1524;1
1155-A;15;0;0
1155-B;11;0.03;15
1155-B;2;0;0
1155-B;3;0.11;3
1155-B;1;0.027;2
1155-B;4;0.023;2
1155-B;5;0;0
1155-B;7;0;0
1155-B;13;0.167;1
1155-B;12;0;0
1155-B;6;0.014;4
1155-B;16;0;0
1155-B;10;0;0
1155-B;14;0;0
1155-B;8;0.147;1
1155-B;9;0;0
1155-B;15;0;0
115C;11;0;0
115C;2;0;0
115C;3;0;0
115C;1;0.132;6
115C;4;0.062;6
115C;5;0;0
115C;13;0;0
115C;12;0;0
115C;6;0;0
115C;16;0;0
115C;10;0;0
115C;14;0.043;2
115C;8;0;0
115C;9;0.524;1
115C;15;0;0
118XL;11;0.09;4
118XL;2;0.06;3
118XL;3;0.1372;4
118XL;1;0.066;4
118XL;4;0.043;3
118XL;5;0.12;3
118XL;13;0;0
118XL;12;0;0
118XL;6;0.2;5
118XL;16;0;0
118XL;10;0.57;1
118XL;14;0.043;4
118XL;8;0;0
118XL;9;0;0
118XL;15;0;0
133A;11;0;0
133A;2;0;0
133A;3;0.108;3
133A;1;0.043;2
133A;4;0.028;2
133A;5;0.095;2
133A;7;0;0
133A;13;0;0
133A;12;0;0
133A;6;0.01;3
133A;16;0;0
133A;10;0.03;1
133A;14;0.043;2
133A;8;0;0
133A;9;0;0
133A;15;0;0
133B;11;0.0138;14
133B;2;0;0
133B;3;0.0428;6
133B;1;0.1117;8
133B;4;0.0378;8
133B;5;0;0
133B;7;0;0
133B;13;0;0
133B;12;0;0
133B;6;0.014;6
133B;16;0;0
133B;10;0;0
133B;14;0;0
133B;8;0.0842;1
133B;9;0;0
133B;15;0;0
133B;17;0;0
134A;11;0;0
134A;2;0.15;4
134A;3;0.08;3
134A;1;0.043;2
134A;4;0.028;2
134A;5;0.06;2
134A;7;0;0
134A;13;0;0
134A;12;0;0
134A;6;0.01;3
134A;16;0;0
134A;10;0.03;1
134A;14;0.043;2
134A;8;0;0
134A;9;0;0
134A;15;0;0
134B;11;0.0138;12
134B;2;0;0
134B;3;0.0428;3
134B;1;0.1117;8
134B;4;0.0378;8
134B;5;0;0
134B;7;0;0
134B;13;0;0
134B;12;0;0
134B;6;0.014;3
134B;16;0;0
134B;10;0;0
134B;14;0;0
134B;8;0.0842;1
134B;9;0;0
134B;15;0;0
134B;17;0;0
138A;11;0;0
138A;2;0.15;8
138A;3;0.108;6
138A;1;0.043;3
138A;4;0.028;3
138A;5;0.095;3
138A;7;0;0
138A;13;0;0
138A;12;0;0
138A;6;0.01;6
138A;16;0;0
138A;10;0.03;1
138A;14;0.043;2
138A;8;0;0
138A;9;0;0
138A;15;0;0
138B;11;0.0138;12
138B;2;0;0
138B;3;0.0428;3
138B;1;0.1117;8
138B;4;0.0378;8
138B;5;0;0
138B;7;0;0
138B;13;0;0
138B;12;0;0
138B;6;0.014;3
138B;16;0;0
138B;10;0;0
138B;14;0;0
138B;8;0.0842;1
138B;9;0;0
138B;15;0;0
138B;17;0;0
399CC;11;0.0047;1
399CC;2;0.05;1
399CC;3;0;0
399CC;1;0;0
399CC;4;0;0
399CC;5;0;0
399CC;7;0;0
399CC;13;0.0226;2
399CC;12;0;0
399CC;6;0.005;2
399CC;16;0;0
399CC;10;0;0
399CC;14;0;0
399CC;8;0;0
399CC;9;0;0
399CC;15;0.055;1
716A;11;0.02;4
716A;2;0;0
716A;3;0.078;2
716A;1;0.075;2
716A;4;0.062;2
716A;5;0.163;2
716A;13;0.0538;1
716A;12;0;0
716A;6;0.02;2
716A;16;0;0
716A;10;0.027;1
716A;14;0.043;2
716A;8;0;0
716A;9;0;0
716A;15;0;0
716B;11;0.002;4
716B;2;0;0
716B;3;0.078;4
716B;1;0.075;8
716B;4;0.062;8
716B;5;0;0
716B;13;0.042;1
716B;12;0;0
716B;6;0.02;5
716B;16;0;0
716B;10;0;0
716B;14;0;0
716B;8;0.112;1
716B;9;0;0
716B;15;0;0
719EST;11;0;0
719EST;2;0.06;3
719EST;3;0.089;1
719EST;1;0;0
719EST;4;0;0
719EST;5;0;0
719EST;13;0;0
719EST;12;0;0
719EST;6;0;0
719EST;16;0;0
719EST;10;0;0
719EST;14;0.043;0
719EST;8;0;0
719EST;9;0;0
719EST;15;0;0
719GL;11;0;0
719GL;2;0;0
719GL;3;0;0
719GL;1;0;0
719GL;4;0;0
719GL;5;0.051;1
719GL;13;0;0
719GL;12;0;0
719GL;6;0;0
719GL;16;0;0
719GL;10;0.03;1
719GL;14;0.043;4
719GL;8;0;0
719GL;9;0;0
719GL;15;0;0
766A;11;0.024;4
766A;2;0.05;1
766A;3;0.108;4
766A;1;0.043;1
766A;4;0.028;1
766A;5;0.095;1
766A;7;0;0
766A;13;0;0
766A;12;0;0
766A;6;0.01;4
766A;16;0;0
766A;10;0.03;1
766A;14;0.043;2
766A;8;0;0
766A;9;0;0
766A;15;0;0
766B;11;0.002;12
766B;2;0;0
766B;3;0.24;3
766B;1;0.057;7
766B;4;0.061;7
766B;5;0;0
766B;7;0;0
766B;13;0;0
766B;12;0;0
766B;6;0.014;3
766B;16;0;0
766B;10;0;0
766B;14;0;0
766B;8;0.077;1
766B;9;0;0
766B;15;0;0
767A;11;0.02;5
767A;2;0.17;7
767A;3;0.108;8
767A;1;0.043;2
767A;4;0.028;2
767A;5;0.095;1
767A;7;0;0
767A;13;0;0
767A;12;0;0
767A;6;0.01;5
767A;16;0;0
767A;10;0.03;1
767A;14;0.043;2
767A;8;0;0
767A;9;0;0
767B;11;0.002;12
767B;2;0;0
767B;3;0.24;3
767B;1;0.057;7
767B;4;0.061;7
767B;5;0;0
767B;7;0;0
767B;13;0;0
767B;12;0;0
767B;6;0.014;3
767B;16;0;0
767B;10;0;0
767B;14;0;0
767B;8;0.077;1
767B;9;0;0
767B;15;0;0
782A;11;0.024;4
782A;2;0;0
782A;3;0.108;4
782A;1;0.043;1
782A;4;0.028;1
782A;5;0.095;1
782A;7;0;0
782A;13;0;0
782A;12;0;0
782A;6;0.01;4
782A;16;0;0
782A;10;0.03;1
782A;14;0.043;0
782A;8;0;0
782A;9;0;0
782A;15;0;0
782B;11;0.002;12
782B;2;0;0
782B;3;0.24;3
782B;1;0.057;7
782B;4;0.061;7
782B;5;0;0
782B;7;0;0
782B;13;0;0
782B;12;0;0
782B;6;0.014;3
782B;16;0;0
782B;10;0;0
782B;14;0;0
782B;8;0.077;1
782B;9;0;0
782B;15;0;0
783A;11;0.02;5
783A;2;0;0
783A;3;0.108;5
783A;1;0.043;2
783A;4;0.028;2
783A;5;0.095;1
783A;7;0;0
783A;13;0;0
783A;12;0;0
783A;6;0.01;5
783A;16;0;0
783A;10;0.03;1
783A;14;0.043;2
783A;8;0;0
783A;9;0;0
783B;11;0.002;12
783B;2;0;0
783B;3;0.24;3
783B;1;0.057;7
783B;4;0.061;7
783B;5;0;0
783B;7;0;0
783B;13;0;0
783B;12;0;0
783B;6;0.014;3
783B;16;0;0
783B;10;0;0
783B;14;0;0
783B;8;0.077;1
783B;9;0;0
783B;15;0;0
CM516;11;0;0
CM516;2;0;0
CM516;3;0;0
CM516;1;0;0
CM516;4;0;0
CM516;5;0;0
CM516;13;0;0
CM516;12;0;0
CM516;6;0;0
CM516;16;0.104;1
CM516;10;0;0
CM516;14;0;0
CM516;8;0;0
CM516;9;0;0
CM516;15;0;0
CUBES120120;11;0;0
CUBES120120;2;0;0
CUBES120120;3;0;4
CUBES120120;1;0.039;1
CUBES120120;4;0.032;1
CUBES120120;5;0.095;1
CUBES120120;7;0;0
CUBES120120;13;0;0
CUBES120120;12;0;0
CUBES120120;6;0;4
CUBES120120;16;0;0
CUBES120120;10;0.019;1
CUBES120120;14;0.043;2
CUBES120120;8;0;0
CUBES120120;9;0;0
CUBES120120;15;0;0
CUB12060;11;0;0
CUB12060;2;0;0
CUB12060;3;0;0
CUB12060;1;0.029;1
CUB12060;4;0.022;1
CUB12060;5;0.045;1
CUB12060;7;0;0
CUB12060;13;0;0
CUB12060;12;0;0
CUB12060;6;0;0
CUB12060;16;0;0
CUB12060;10;0.019;1
CUB12060;14;0.043;2
CUB12060;8;0;0
CUB12060;9;0;0
CUB12060;15;0;0
CUBES15060;11;0;0
CUBES15060;2;0;0
CUBES15060;3;0;4
CUBES15060;1;0.039;1
CUBES15060;4;0.032;1
CUBES15060;5;0.095;1
CUBES15060;7;0;0
CUBES15060;13;0;0
CUBES15060;12;0;0
CUBES15060;6;0;4
CUBES15060;16;0;0
CUBES15060;10;0.019;1
CUBES15060;14;0.043;2
CUBES15060;8;0;0
CUBES15060;9;0;0
CUBES15060;15;0;0
CUBP6060;11;0;0
CUBP6060;2;0;0
CUBP6060;3;0;4
CUBP6060;1;0.029;1
CUBP6060;4;0.022;1
CUBP6060;5;0.095;1
CUBP6060;7;0;0
CUBP6060;13;0;0
CUBP6060;12;0;0
CUBP6060;6;0;4
CUBP6060;16;0;0
CUBP6060;10;0.019;1
CUBP6060;14;0.043;2
CUBP6060;8;0;0
CUBP6060;9;0;0
CUBP6060;15;0;0
CUBES9060;11;0;0
CUBES9060;2;0;0
CUBES9060;3;0;4
CUBES9060;1;0.011;1
CUBES9060;4;0.022;1
CUBES9060;5;0.055;1
CUBES9060;7;0;0
CUBES9060;13;0;0
CUBES9060;12;0;0
CUBES9060;6;0;4
CUBES9060;16;0;0
CUBES9060;10;0.019;1
CUBES9060;14;0.043;2
CUBES9060;8;0;0
CUBES9060;9;0;0
CUBES9060;15;0;0
CUBES9090;11;0;0
CUBES9090;2;0;0
CUBES9090;3;0;4
CUBES9090;1;0.029;1
CUBES9090;4;0.022;1
CUBES9090;5;0.095;1
CUBES9090;7;0;0
CUBES9090;13;0;0
CUBES9090;12;0;0
CUBES9090;6;0;4
CUBES9090;16;0;0
CUBES9090;10;0.019;1
CUBES9090;14;0.043;2
CUBES9090;8;0;0
CUBES9090;9;0;0
CUBES9090;15;0;0
CUEL140;11;0.018;3
CUEL140;2;0.066;7
CUEL140;3;0.148;7
CUEL140;1;0.029;2
CUEL140;4;0.032;2
CUEL140;5;0.165;2
CUEL140;7;0;0
CUEL140;13;0;0
CUEL140;12;0;0
CUEL140;6;0.02;7
CUEL140;16;0;0
CUEL140;10;0.109;1
CUEL140;14;0.043;2
CUEL140;8;0;0
CUEL140;9;0;0
CUEL140;15;0;0
E516;11;0.02;1
E516;2;0;0
E516;3;0;0
E516;1;0;0
E516;4;0;0
E516;5;0;0
E516;13;0;0
E516;12;0.15;1
E516;6;0;0
E516;16;0;0
E516;10;0;0
E516;14;0;0
E516;8;0;0
E516;9;0;0
E516;15;0;0
IWBSIA;11;0;0
IWBSIA;2;0;0
IWBSIA;3;0.057;1
IWBSIA;1;0;0
IWBSIA;4;0;0
IWBSIA;5;0;0
IWBSIA;7;0;0
IWBSIA;13;0;0
IWBSIA;12;0;0
IWBSIA;6;0.0048;1
IWBSIA;16;0;0
IWBSIA;10;0.025;1
IWBSIA;14;0.043;2
IWBSIA;8;0;0
IWBSIA;9;0;0
IWBSIA;15;0;0
IWMI;2;0.015;1
IWMI;3;0.0161;1
IWMI;1;0;0
IWMI;4;0;0
IWMI;5;0;0
IWMI;7;0;0
IWMI;13;0;0
IWMI;12;0;0
IWMI;6;0.002;1
IWMI;16;0;0
IWMI;10;0.0019;1
IWMI;14;0;0
IWMI;8;0;0
IWMI;9;0;0
IWMI;15;0;0
IWPH;11;0.015;1
IWPH;2;0;0
IWPH;3;0.035;1
IWPH;1;0;0
IWPH;4;0;0
IWPH;5;0;0
IWPH;7;0;0
IWPH;13;0;0
IWPH;12;0;0
IWPH;6;0.003;1
IWPH;16;0;0
IWPH;10;0.019;1
IWPH;14;0.023;2
IWPH;8;0;0
IWPH;9;0;0
IWPH;15;0;0
KBS;11;0;4
KBS;2;0;2
KBS;3;0;2
KBS;1;0.022;1
KBS;4;0.036;1
KBS;5;0.095;1
KBS;13;0;0
KBS;12;0;0
KBS;6;0;2
KBS;16;0;0
KBS;10;0.019;1
KBS;14;0.043;2
KBS;8;0;0
KBS;9;0;0
KBS;15;0;0
KLASS01;11;0.0255;8
KLASS01;2;0.07;1
KLASS01;3;0.079;3
KLASS01;1;0.0665;3
KLASS01;4;0.0746;3
KLASS01;5;0.053;3
KLASS01;7;0;0
KLASS01;13;0;0
KLASS01;12;0;0
KLASS01;6;0.049;3
KLASS01;16;0;0
KLASS01;10;0.0577;1
KLASS01;14;0.043;4
KLASS01;8;0;0
KLASS01;9;0;0
KLASS01;15;0;0
KLASS03;11;0;0
KLASS03;2;0;0
KLASS03;3;0.0056;1
KLASS03;1;0.158;12
KLASS03;4;0.1722;12
KLASS03;5;0;0
KLASS03;7;0;0
KLASS03;13;0;0
KLASS03;12;0;0
KLASS03;6;0.0115;1
KLASS03;16;0;0
KLASS03;10;0;0
KLASS03;14;0.0193;4
KLASS03;8;0;0
KLASS03;9;0.441;1
KLASS03;15;0;0
KLASS03;17;0;0
KLASS04;11;0;0
KLASS04;2;0;0
KLASS04;3;0.067;1
KLASS04;1;0.064;9
KLASS04;4;0.24;9
KLASS04;5;0;0
KLASS04;7;0;0
KLASS04;13;0;0
KLASS04;12;0;0
KLASS04;6;0.0048;1
KLASS04;16;0;0
KLASS04;10;0;0
KLASS04;14;0.043;2
KLASS04;8;0;0
KLASS04;9;0.037;1
KLASS04;15;0;0
MOB-14.1;11;0.0138;12
MOB-14.1;2;0;0
MOB-14.1;3;0.0428;3
MOB-14.1;1;0.0783;7
MOB-14.1;4;0.03;7
MOB-14.1;5;0;0
MOB-14.1;7;0;0
MOB-14.1;13;0;0
MOB-14.1;12;0;0
MOB-14.1;6;0.014;3
MOB-14.1;16;0;0
MOB-14.1;10;0;0
MOB-14.1;14;0;0
MOB-14.1;8;0.213;1
MOB-14.1;9;0;0
MOB-14.1;15;0;0
MOB-14.1;17;0;0
MOB-01;11;0;0
MOB-01;2;0.24;10
MOB-01;3;0.108;10
MOB-01;1;0.036;14
MOB-01;4;0.072;14
MOB-01;5;0.108;14
MOB-01;7;0;0
MOB-01;13;0;0
MOB-01;12;0;0
MOB-01;6;0.024;10
MOB-01;16;0;0
MOB-01;10;0.72;1
MOB-01;14;0.043;2
MOB-01;8;0;0
MOB-01;9;0;0
MOB-01;15;0;0
MOB-01;17;0;0
MOB-03;11;0;0
MOB-03;2;0;0
MOB-03;3;0;0
MOB-03;1;0.084;76
MOB-03;4;0.023;76
MOB-03;5;0;0
MOB-03;7;0;0
MOB-03;13;0;0
MOB-03;12;0;0
MOB-03;6;0;0
MOB-03;16;0;0
MOB-03;10;0;0
MOB-03;14;0.043;6
MOB-03;8;0;0
MOB-03;9;0.1524;1
MOB-03;15;0;0
MOB05.1-A;11;0.093;1
MOB05.1-A;2;0.11;8
MOB05.1-A;3;0.108;4
MOB05.1-A;1;0.057;2
MOB05.1-A;4;0.022;2
MOB05.1-A;5;0.095;2
MOB05.1-A;7;0;0
MOB05.1-A;13;0;0
MOB05.1-A;12;0;0
MOB05.1-A;6;0.02;5
MOB05.1-A;16;0;0
MOB05.1-A;10;0.102;1
MOB05.1-A;14;0.043;2
MOB05.1-A;8;0;0
MOB05.1-A;9;0;0
MOB05.1-A;15;0;0
MOB05.1-B;11;0.04;15
MOB05.1-B;2;0;0
MOB05.1-B;3;0.078;4
MOB05.1-B;1;0.204;12
MOB05.1-B;4;0.207;12
MOB05.1-B;5;0;0
MOB05.1-B;13;0;0
MOB05.1-B;12;0;0
MOB05.1-B;6;0.014;4
MOB05.1-B;16;0;0
MOB05.1-B;10;0;0
MOB05.1-B;14;0.043;2
MOB05.1-B;8;0;0
MOB05.1-B;9;0.1705;1
MOB05.1-B;15;0;0
MOB06.1-A;11;0.093;1
MOB06.1-A;2;0.11;8
MOB06.1-A;3;0.108;4
MOB06.1-A;1;0.057;2
MOB06.1-A;4;0.022;2
MOB06.1-A;5;0.095;2
MOB06.1-A;7;0;0
MOB06.1-A;13;0;0
MOB06.1-A;12;0;0
MOB06.1-A;6;0.02;5
MOB06.1-A;16;0;0
MOB06.1-A;10;0.102;1
MOB06.1-A;14;0.043;2
MOB06.1-A;8;0;0
MOB06.1-A;9;0;0
MOB06.1-A;15;0;0
MOB06.1-B;11;0.0182;1
MOB06.1-B;2;0.13;2
MOB06.1-B;3;0.13;2
MOB06.1-B;1;0.022;1
MOB06.1-B;4;0.0248;1
MOB06.1-B;5;0.02;1
MOB06.1-B;13;0;0
MOB06.1-B;12;0;0
MOB06.1-B;6;0.008;2
MOB06.1-B;16;0;0
MOB06.1-B;10;0;1
MOB06.1-B;14;0.043;2
MOB06.1-B;8;0;0
MOB06.1-B;9;0;0
MOB06.1-B;15;0;0
MOB06.1-C;11;0.002;18
MOB06.1-C;2;0;0
MOB06.1-C;3;0.078;4
MOB06.1-C;1;0.075;7
MOB06.1-C;4;0.061;7
MOB06.1-C;5;0;0
MOB06.1-C;13;0;0
MOB06.1-C;12;0;0
MOB06.1-C;6;0.002;1
MOB06.1-C;16;0;0
MOB06.1-C;10;0;0
MOB06.1-C;14;0;0
MOB06.1-C;8;0.112;1
MOB06.1-C;9;0;0
MOB06.1-C;15;0;0
MOB06.2-A;11;0.093;1
MOB06.2-A;2;0.11;8
MOB06.2-A;3;0.108;4
MOB06.2-A;1;0.057;2
MOB06.2-A;4;0.022;2
MOB06.2-A;5;0.095;2
MOB06.2-A;7;0;0
MOB06.2-A;13;0;0
MOB06.2-A;12;0;0
MOB06.2-A;6;0.02;5
MOB06.2-A;16;0;0
MOB06.2-A;10;0.102;1
MOB06.2-A;14;0.043;2
MOB06.2-A;8;0;0
MOB06.2-A;9;0;0
MOB06.2-A;15;0;0
MOB06.2-B;11;0.0182;1
MOB06.2-B;2;0.13;2
MOB06.2-B;3;0.13;2
MOB06.2-B;1;0.022;1
MOB06.2-B;4;0.0248;1
MOB06.2-B;5;0.02;1
MOB06.2-B;13;0;0
MOB06.2-B;12;0;0
MOB06.2-B;6;0.008;2
MOB06.2-B;16;0;0
MOB06.2-B;10;0;1
MOB06.2-B;14;0.043;2
MOB06.2-B;8;0;0
MOB06.2-B;9;0;0
MOB06.2-B;15;0;0
MOB06.2-C;11;0;0
MOB06.2-C;2;0;0
MOB06.2-C;3;0.078;4
MOB06.2-C;1;0.075;7
MOB06.2-C;4;0.062;7
MOB06.2-C;5;0;0
MOB06.2-C;13;0.042;1
MOB06.2-C;12;0;0
MOB06.2-C;6;0.02;5
MOB06.2-C;16;0;0
MOB06.2-C;10;0;0
MOB06.2-C;14;0;0
MOB06.2-C;8;0.112;1
MOB06.2-C;9;0;0
MOB06.2-C;15;0;0
MOB07.1-A;11;0;0
MOB07.1-A;2;0.19;8
MOB07.1-A;3;0.108;4
MOB07.1-A;1;0.043;2
MOB07.1-A;4;0.028;2
MOB07.1-A;5;0.095;2
MOB07.1-A;13;0;0
MOB07.1-A;12;0;0
MOB07.1-A;6;0.0144;4
MOB07.1-A;16;0;0
MOB07.1-A;10;0.026;1
MOB07.1-A;14;0.043;2
MOB07.1-A;8;0;0
MOB07.1-A;9;0;0
MOB07.1-A;15;0;0
MOB07.1-B;11;0.04;14
MOB07.1-B;2;0;0
MOB07.1-B;3;0.078;2
MOB07.1-B;1;0.204;12
MOB07.1-B;4;0.207;12
MOB07.1-B;5;0;0
MOB07.1-B;13;0;0
MOB07.1-B;12;0;0
MOB07.1-B;6;0.01;2
MOB07.1-B;16;0;0
MOB07.1-B;10;0;0
MOB07.1-B;14;0.043;2
MOB07.1-B;8;0;0
MOB07.1-B;9;0.1705;1
MOB07.1-B;15;0;0
MOB07.1-C;11;0.04;15
MOB07.1-C;2;0;0
MOB07.1-C;3;0.078;4
MOB07.1-C;1;0.204;14
MOB07.1-C;4;0.207;14
MOB07.1-C;5;0;0
MOB07.1-C;13;0;0
MOB07.1-C;12;0;0
MOB07.1-C;6;0.014;4
MOB07.1-C;16;0;0
MOB07.1-C;10;0;0
MOB07.1-C;14;0.043;2
MOB07.1-C;8;0;0
MOB07.1-C;9;0.1705;1
MOB07.1-C;15;0;0
MOB07.3-A;11;0;0
MOB07.3-A;2;0.19;8
MOB07.3-A;3;0.108;4
MOB07.3-A;1;0.043;2
MOB07.3-A;4;0.028;2
MOB07.3-A;5;0.095;2
MOB07.3-A;13;0;0
MOB07.3-A;12;0;0
MOB07.3-A;6;0.0144;4
MOB07.3-A;16;0;0
MOB07.3-A;10;0.026;1
MOB07.3-A;14;0.043;2
MOB07.3-A;8;0;0
MOB07.3-A;9;0;0
MOB07.3-A;15;0;0
MOB07.3-B;11;0.04;14
MOB07.3-B;2;0;0
MOB07.3-B;3;0.078;2
MOB07.3-B;1;0.204;12
MOB07.3-B;4;0.207;12
MOB07.3-B;5;0;0
MOB07.3-B;13;0;0
MOB07.3-B;12;0;0
MOB07.3-B;6;0.01;2
MOB07.3-B;16;0;0
MOB07.3-B;10;0;0
MOB07.3-B;14;0.043;2
MOB07.3-B;8;0;0
MOB07.3-B;9;0.1705;1
MOB07.3-B;15;0;0
MOB07.3-C;11;0.04;15
MOB07.3-C;2;0;0
MOB07.3-C;3;0.078;4
MOB07.3-C;1;0.305;18
MOB07.3-C;4;0.31;18
MOB07.3-C;5;0;0
MOB07.3-C;13;0;0
MOB07.3-C;12;0;0
MOB07.3-C;6;0.014;4
MOB07.3-C;16;0;0
MOB07.3-C;10;0;0
MOB07.3-C;14;0.043;2
MOB07.3-C;8;0;0
MOB07.3-C;9;0.1705;1
MOB07.3-C;15;0;0
MOB-08;11;0.278;2
MOB-08;2;0.22;20
MOB-08;3;0.878;4
MOB-08;1;0.282;9
MOB-08;4;0.078;9
MOB-08;5;0.568;10
MOB-08;13;0;0
MOB-08;12;0;0
MOB-08;6;0.02;4
MOB-08;16;0;0
MOB-08;10;0.103;1
MOB-08;14;0.043;2
MOB-08;8;0;0
MOB-08;9;0;0
MOB-08;15;0;0
MOB-09.2;11;0.002;2
MOB-09.2;2;0.44;13
MOB-09.2;3;0.046;7
MOB-09.2;1;0.043;1
MOB-09.2;4;0.191;1
MOB-09.2;5;0.095;1
MOB-09.2;7;0;0
MOB-09.2;13;0;0
MOB-09.2;12;0;0
MOB-09.2;6;0.02;9
MOB-09.2;16;0;0
MOB-09.2;10;0.102;1
MOB-09.2;14;0.043;2
MOB-09.2;8;0;0
MOB-09.2;9;0;0
MOB-09.2;15;0;0
MOB10-A;11;0;0
MOB10-A;2;0.044;4
MOB10-A;3;0.12;1
MOB10-A;1;0.252;13
MOB10-A;4;0.307;13
MOB10-A;5;0;0
MOB10-A;13;0;0
MOB10-A;12;0;0
MOB10-A;6;0.024;1
MOB10-A;16;0;0
MOB10-A;10;0;0
MOB10-A;14;0.043;2
MOB10-A;8;0;0
MOB10-A;9;0.1524;1
MOB10-A;15;0;0
MOB10-B;11;0.002;17
MOB10-B;2;0;0
MOB10-B;3;0.12;3
MOB10-B;1;0.084;2
MOB10-B;4;0.023;2
MOB10-B;5;0;0
MOB10-B;13;0.12;1
MOB10-B;12;0;0
MOB10-B;6;0.014;4
MOB10-B;16;0;0
MOB10-B;10;0;0
MOB10-B;14;0;0
MOB10-B;8;0.194;1
MOB10-B;9;0;0
MOB10-B;15;0;0
MOB10-C;11;0;0
MOB10-C;2;0.055;0
MOB10-C;3;0;0
MOB10-C;1;0.204;16
MOB10-C;4;0.207;16
MOB10-C;5;0;0
MOB10-C;13;0;0
MOB10-C;12;0;0
MOB10-C;6;0;0
MOB10-C;16;0;0
MOB10-C;10;0;0
MOB10-C;14;0.043;2
MOB10-C;8;0;0
MOB10-C;9;0.1069;1
MOB10-C;15;0;0
MOB-18;11;0;0
MOB-18;2;0.264;5
MOB-18;3;0.333;1
MOB-18;1;0.03;1
MOB-18;4;0.007;1
MOB-18;5;0.051;1
MOB-18;7;0;0
MOB-18;13;0;0
MOB-18;12;0;0
MOB-18;6;0.02;5
MOB-18;16;0;0
MOB-18;10;0.03;1
MOB-18;14;0.043;2
MOB-18;8;0;0
MOB-18;9;0;0
MOB-18;15;0;0
MOB-19;11;0.011;1
MOB-19;2;0.066;8
MOB-19;3;0.064;4
MOB-19;1;0.029;1
MOB-19;4;0.022;1
MOB-19;5;0.095;1
MOB-19;7;0;0
MOB-19;13;0;0
MOB-19;12;0;0
MOB-19;6;0.02;5
MOB-19;16;0;0
MOB-19;10;0.019;1
MOB-19;14;0.043;2
MOB-19;8;0;0
MOB-19;9;0;0
MOB-19;15;0;0
MOB-23;11;0.093;1
MOB-23;2;0.121;6
MOB-23;3;0.108;4
MOB-23;1;0.057;1
MOB-23;4;0.022;1
MOB-23;5;0.095;1
MOB-23;13;0;0
MOB-23;12;0;0
MOB-23;6;0.02;5
MOB-23;16;0;0
MOB-23;10;0.102;1
MOB-23;14;0.043;2
MOB-23;8;0;0
MOB-23;9;0;0
MOB-23;15;0;0
MUEB120;11;0.012;1
MUEB120;2;0.08;6
MUEB120;3;0.064;4
MUEB120;1;0.029;1
MUEB120;4;0.022;1
MUEB120;5;0.095;1
MUEB120;7;0;0
MUEB120;13;0;0
MUEB120;12;0;0
MUEB120;6;0.02;4
MUEB120;16;0;0
MUEB120;10;0.019;1
MUEB120;14;0;0
MUEB120;8;0;0
MUEB120;9;0;0
MUEB120;15;0;0
MUEB150;11;0.024;2
MUEB150;2;0.08;6
MUEB150;3;0.064;4
MUEB150;1;0.029;1
MUEB150;4;0.022;1
MUEB150;5;0.095;1
MUEB150;7;0;0
MUEB150;13;0;0
MUEB150;12;0;0
MUEB150;6;0.02;4
MUEB150;16;0;0
MUEB150;10;0.019;1
MUEB150;14;0;0
MUEB150;8;0;0
MUEB150;9;0;0
MUEB150;15;0;0
N924;11;0;0
N924;2;0;2
N924;3;0;0
N924;1;0;0
N924;4;0;0
N924;5;0;0
N924;7;0.02404;2
N924;13;0;0
N924;12;0;0
N924;6;0.086;3
N924;16;0.2906;1
N924;10;0;0
N924;14;0.043;1
N924;8;0;0
N924;9;0;0
N924;15;0;0
P120120;11;0.032;4
P120120;2;0.06;3
P120120;3;0.02;2
P120120;1;0.018;4
P120120;4;0;0
P120120;5;0;0
P120120;7;0.008;1
P120120;13;0.019;6
P120120;12;0;0
P120120;6;0.02;6
P120120;16;0;0
P120120;10;0;0
P120120;14;0;0
P120120;8;0;0
P120120;9;0;0
P120120;15;0.288;1
P12060;11;0.032;4
P12060;2;0.06;3
P12060;3;0;2
P12060;1;0.018;4
P12060;4;0;0
P12060;5;0;0
P12060;7;0.008;2
P12060;13;0.019;6
P12060;12;0;0
P12060;6;0.02;6
P12060;16;0;0
P12060;10;0;0
P12060;14;0;0
P12060;8;0;0
P12060;9;0;0
P12060;15;0.288;1
P12090;11;0.032;4
P12090;2;0.06;3
P12090;3;0;2
P12090;1;0.018;4
P12090;4;0;0
P12090;5;0;0
P12090;7;0.008;2
P12090;13;0.019;6
P12090;12;0;0
P12090;6;0.02;6
P12090;16;0;0
P12090;10;0;0
P12090;14;0;0
P12090;8;0;0
P12090;9;0;0
P12090;15;0.388;1
P16060;11;0.032;4
P16060;2;0.06;3
P16060;3;0.02;2
P16060;1;0.018;4
P16060;4;0;0
P16060;5;0;0
P16060;7;0.008;2
P16060;13;0.019;6
P16060;12;0;0
P16060;6;0.02;6
P16060;16;0;0
P16060;10;0;0
P16060;14;0;0
P16060;8;0;0
P16060;9;0;0
P16060;15;0.288;1
P16075;11;0.032;4
P16075;2;0.06;3
P16075;3;0.02;2
P16075;1;0.018;4
P16075;4;0;0
P16075;5;0;0
P16075;7;0.008;2
P16075;13;0.019;6
P16075;12;0;0
P16075;6;0.02;6
P16075;16;0;0
P16075;10;0;0
P16075;14;0;0
P16075;8;0;0
P16075;9;0;0
P16075;15;0.288;1
P16090;11;0.032;4
P16090;2;0.06;3
P16090;3;0.02;2
P16090;1;0.018;4
P16090;4;0;0
P16090;5;0;0
P16090;13;0.042;6
P16090;12;0;0
P16090;6;0.02;6
P16090;16;0;0
P16090;10;0;0
P16090;14;0;0
P16090;8;0;0
P16090;9;0;0
P16090;15;0.204;1
STRC2472;11;0;0
STRC2472;2;0.55;4
STRC2472;3;0.108;4
STRC2472;1;0.052;1
STRC2472;4;0.02;1
STRC2472;5;0.09;1
STRC2472;7;0;0
STRC2472;13;0;0
STRC2472;12;0;0
STRC2472;6;0.02;4
STRC2472;16;0;0
STRC2472;10;0.102;1
STRC2472;14;0.043;2
STRC2472;8;0;0
STRC2472;9;0;0
STRC2472;15;0;0
STRCONTBLSSIT;11;0;0
STRCONTBLSSIT;2;0.72;10
STRCONTBLSSIT;3;0.0322;3
STRCONTBLSSIT;1;0;0
STRCONTBLSSIT;4;0;0
STRCONTBLSSIT;5;0;0
STRCONTBLSSIT;7;0;0
STRCONTBLSSIT;13;0;0
STRCONTBLSSIT;12;0;0
STRCONTBLSSIT;6;0.0205;5
STRCONTBLSSIT;16;0;0
STRCONTBLSSIT;10;0.102;1
STRCONTBLSSIT;14;0.043;2
STRCONTBLSSIT;8;0;0
STRCONTBLSSIT;9;0;0
STRCONTBLSSIT;15;0;0
STRD3060-RE;11;0;0
STRD3060-RE;2;0.53;4
STRD3060-RE;3;0.108;4
STRD3060-RE;1;0.055;2
STRD3060-RE;4;0.019;2
STRD3060-RE;5;0.095;2
STRD3060-RE;7;0;0
STRD3060-RE;13;0;0
STRD3060-RE;12;0;0
STRD3060-RE;6;0.02;4
STRD3060-RE;16;0;0
STRD3060-RE;10;0.102;1
STRD3060-RE;14;0.043;2
STRD3060-RE;8;0;0
STRD3060-RE;9;0;0
STRD3060-RE;15;0;0
STRD3072;11;0;0
STRD3072;2;0.55;4
STRD3072;3;0.108;4
STRD3072;1;0.057;2
STRD3072;4;0.022;2
STRD3072;5;0.095;2
STRD3072;7;0;0
STRD3072;13;0;0
STRD3072;12;0;0
STRD3072;6;0.02;4
STRD3072;16;0;0
STRD3072;10;0.102;1
STRD3072;14;0.043;2
STRD3072;8;0;0
STRD3072;9;0;0
STRD3072;15;0;0
STRHB72;11;0;0
STRHB72;2;0;0
STRHB72;3;0.134;2
STRHB72;1;0.064;9
STRHB72;4;0.24;9
STRHB72;5;0;0
STRHB72;7;0;0
STRHB72;13;0;0
STRHB72;12;0;0
STRHB72;6;0.0092;2
STRHB72;16;0;0
STRHB72;10;0.37;1
STRHB72;14;0.043;2
STRHB72;8;0;0
STRHB72;9;0;0
STRHB72;15;0;0
STRRTHA;11;0;0
STRRTHA;2;0;0
STRRTHA;3;0;4
STRRTHA;1;0.029;1
STRRTHA;4;0.022;1
STRRTHA;5;0.095;1
STRRTHA;7;0;0
STRRTHA;13;0;0
STRRTHA;12;0;0
STRRTHA;6;0;4
STRRTHA;16;0;0
STRRTHA;10;0.019;1
STRRTHA;14;0.043;2
STRRTHA;8;0;0
STRRTHA;9;0;0
STRRTHA;15;0;0
Y-CANALETASENCILLA;11;0.278;1
Y-CANALETASENCILLA;2;0;0
Y-CANALETASENCILLA;3;0.003;1
Y-CANALETASENCILLA;1;0;0
Y-CANALETASENCILLA;4;0;0
Y-CANALETASENCILLA;5;0;0
Y-CANALETASENCILLA;7;0;0
Y-CANALETASENCILLA;13;0;0
Y-CANALETASENCILLA;12;0;0
Y-CANALETASENCILLA;6;0.038;1
Y-CANALETASENCILLA;16;0;0
Y-CANALETASENCILLA;10;0.069;1
Y-CANALETASENCILLA;14;0.043;2
Y-CANALETASENCILLA;8;0;0
Y-CANALETASENCILLA;9;0;0
Y-CANALETASENCILLA;15;0;0
STRCONT8;11;0;0
STRCONT8;2;0.05;4
STRCONT8;3;0.0322;4
STRCONT8;1;0.057;1
STRCONT8;4;0.022;1
STRCONT8;5;0.095;1
STRCONT8;7;0;0
STRCONT8;13;0;0
STRCONT8;12;0;0
STRCONT8;6;0.02;4
STRCONT8;16;0;0
STRCONT8;10;0.102;1
STRCONT8;14;0.043;2
STRCONT8;8;0;0
STRCONT8;9;0;0
STRCONT8;15;0;0
CUBREP120;11;0;0
CUBREP120;2;0;0
CUBREP120;3;0;4
CUBREP120;1;0.029;1
CUBREP120;4;0.022;1
CUBREP120;5;0.095;1
CUBREP120;7;0;0
CUBREP120;13;0;0
CUBREP120;12;0;0
CUBREP120;6;0;4
CUBREP120;16;0;0
CUBREP120;10;0.019;1
CUBREP120;14;0.043;2
CUBREP120;8;0;0
CUBREP120;9;0;0
CUBREP120;15;0;0
1008;11;0.0021;1
1008;2;0.05;2
1008;3;0.055;2
1008;1;0.057;1
1008;4;0.022;1
1008;5;0.095;1
1008;7;0;0
1008;13;0;0
1008;12;0;0
1008;6;0.02;3
1008;16;0;0
1008;10;0.102;1
1008;14;0.043;2
1008;8;0;0
1008;9;0;0
1008;15;0;0
STRCONTBELSIT;11;0.093;4
STRCONTBELSIT;2;0.105;7
STRCONTBELSIT;3;0.0322;7
STRCONTBELSIT;1;0;0
STRCONTBELSIT;4;0;0
STRCONTBELSIT;5;0;0
STRCONTBELSIT;7;0;0
STRCONTBELSIT;13;0;0
STRCONTBELSIT;12;0;0
STRCONTBELSIT;6;0.03;7
STRCONTBELSIT;16;0;0
STRCONTBELSIT;10;0.1;1
STRCONTBELSIT;14;0.043;2
STRCONTBELSIT;8;0;0
STRCONTBELSIT;9;0;0
STRCONTBELSIT;15;0;0
STRCONTBLSSTAND;11;0.043;2
STRCONTBLSSTAND;2;0.1;3
STRCONTBLSSTAND;3;0.0322;3
STRCONTBLSSTAND;1;0;0
STRCONTBLSSTAND;4;0;0
STRCONTBLSSTAND;5;0;0
STRCONTBLSSTAND;7;0;0
STRCONTBLSSTAND;13;0;0
STRCONTBLSSTAND;12;0;0
STRCONTBLSSTAND;6;0.03;3
STRCONTBLSSTAND;16;0;0
STRCONTBLSSTAND;10;0.1;1
STRCONTBLSSTAND;14;0.043;2
STRCONTBLSSTAND;8;0;0
STRCONTBLSSTAND;9;0;0
STRCONTBLSSTAND;15;0;0
STRCONTBELSTAND;11;0.093;4
STRCONTBELSTAND;2;0.145;7
STRCONTBELSTAND;3;0.0322;7
STRCONTBELSTAND;1;0;0
STRCONTBELSTAND;4;0;0
STRCONTBELSTAND;5;0;0
STRCONTBELSTAND;7;0;0
STRCONTBELSTAND;13;0;0
STRCONTBELSTAND;12;0;0
STRCONTBELSTAND;6;0.03;7
STRCONTBELSTAND;16;0;0
STRCONTBELSTAND;10;0.1;1
STRCONTBELSTAND;14;0.043;2
STRCONTBELSTAND;8;0;0
STRCONTBELSTAND;9;0;0
STRCONTBELSTAND;15;0;0
22501001;11;0.0014;1
22501001;2;0;0
22501001;3;0;0
22501001;1;0;0
22501001;4;0;0
22501001;5;0;0
22501001;13;0;0
22501001;12;0;0
22501001;6;0;0
22501001;16;0;0
22501001;10;0;0
22501001;14;0;0
22501001;8;0;0
22501001;9;0;0
22501001;15;0;0
22501105;11;0.014;1
22501105;2;0;0
22501105;3;0;0
22501105;1;0;0
22501105;4;0;0
22501105;5;0;0
22501105;13;0;0
22501105;12;0;0
22501105;6;0;0
22501105;16;0;0
22501105;10;0;0
22501105;14;0;0
22501105;8;0;0
22501105;9;0;0
22501105;15;0;0
22501003;11;0.0017;1
22501003;2;0;0
22501003;3;0;0
22501003;1;0;0
22501003;4;0;0
22501003;5;0;0
22501003;13;0;0
22501003;12;0;0
22501003;6;0;0
22501003;16;0;0
22501003;10;0;0
22501003;14;0;0
22501003;8;0;0
22501003;9;0;0
22501003;15;0;0
22501004;11;0.0017;1
22501004;2;0;0
22501004;3;0;0
22501004;1;0;0
22501004;4;0;0
22501004;5;0;0
22501004;13;0;0
22501004;12;0;0
22501004;6;0;0
22501004;16;0;0
22501004;10;0;0
22501004;14;0;0
22501004;8;0;0
22501004;9;0;0
22501004;15;0;0
603;11;0.0061;11
603;2;0;0
603;3;0.078;2
603;1;0.069;7
603;4;0.081;7
603;5;0;0
603;13;0;0
603;12;0;0
603;6;0.014;1
603;16;0;0
603;10;0;0
603;14;0;0
603;8;0;0
603;9;0.183;1
603;15;0;0
605;11;0;0
605;2;0;0
605;3;0;0
605;1;0.069;6
605;4;0.081;6
605;5;0;0
605;13;0;0
605;12;0;0
605;6;0;0
605;16;0;0
605;10;0;0
605;14;0;0
605;8;0;0
605;9;0.183;1
605;15;0;0
1156A;11;0;0
1156A;2;0.04;4
1156A;3;0.12;1
1156A;1;0.212;12
1156A;4;0.267;12
1156A;5;0;0
1156A;7;0;0
1156A;13;0;0
1156A;12;0;0
1156A;6;0.024;1
1156A;16;0;0
1156A;10;0;0
1156A;14;0;0
1156A;8;0;0
1156A;9;0.1324;1
1156A;15;0;0
1156B;11;0.03;15
1156B;2;0;0
1156B;3;0.11;3
1156B;1;0.027;2
1156B;4;0.023;2
1156B;5;0;0
1156B;7;0;0
1156B;13;0.167;1
1156B;12;0;0
1156B;6;0.014;4
1156B;16;0;0
1156B;10;0;0
1156B;14;0;0
1156B;8;0.147;1
1156B;9;0;0
1156B;15;0;0
328;11;0.0042;1
328;2;0.05;1
328;3;0;0
328;1;0;0
328;4;0;0
328;5;0;0
328;7;0;0
328;13;0.0226;2
328;12;0;0
328;6;0.005;2
328;16;0;0
328;10;0;0
328;14;0;0
328;8;0;0
328;9;0;0
328;15;0.055;1
1064;11;0.093;1
1064;2;0.01;5
1064;3;0.1;3
1064;1;0.074;1
1064;4;0.012;1
1064;5;0.075;1
1064;7;0;0
1064;13;0;0
1064;12;0;0
1064;6;0.02;4
1064;16;0;0
1064;10;0.102;1
1064;14;0.043;2
1064;8;0;0
1064;9;0;0
1064;15;0;0
1142;11;0.278;6
1142;2;0.22;23
1142;3;0.282;13
1142;1;0.078;4
1142;4;0.568;4
1142;5;0.38;4
1142;7;0;0
1142;13;0;0
1142;12;0;0
1142;6;0.02;19
1142;16;0;0
1142;10;0.103;1
1142;14;0.043;2
1142;8;0;0
1142;9;0;0
1142;15;0;0
919INT;11;0;0
919INT;2;0;0
919INT;3;0;0
919INT;1;0;0
919INT;4;0;0
919INT;5;0;0
919INT;13;0;0
919INT;12;0;0
919INT;6;0;0
919INT;16;0.2906;1
919INT;10;0;0
919INT;14;0;1
919INT;8;0;0
919INT;9;0;0
919INT;15;0;0
22501008;11;0.0039;0
22501008;2;0;0
22501008;3;0;0
22501008;1;0;0
22501008;4;0;0
22501008;5;0;0
22501008;13;0;0
22501008;12;0;0
22501008;6;0;0
22501008;16;0;0
22501008;10;0;0
22501008;14;0;0
22501008;8;0;0
22501008;9;0;0
22501008;15;0;0
1098;11;0;0
1098;2;0;0
1098;3;0;0
1098;1;0;0
1098;4;0;0
1098;5;0;0
1098;7;0;0
1098;13;0;0
1098;12;0;0
1098;6;0;0
1098;16;0;0
1098;10;0.019;1
1098;14;0.043;2
1098;8;0;0
1098;9;0;0
1098;15;0;0
1158;11;0;0
1158;2;0;0
1158;3;0;0
1158;1;0.081;8
1158;4;0.032;8
1158;5;0;0
1158;13;0;0
1158;12;0;0
1158;6;0;0
1158;16;0;0
1158;10;0;0
1158;14;0;0
1158;8;0;0
1158;9;0.194;1
1158;15;0;0
1041;11;0.04;18
1041;2;0.019;2
1041;3;0.11;7
1041;1;0.136;10
1041;4;0.6;10
1041;5;0;0
1041;7;0;0
1041;13;0;0
1041;12;0;0
1041;6;0.0096;7
1041;16;0;0
1041;10;0;0
1041;14;0.043;2
1041;8;0;1
1041;9;0.922;1
1041;15;0;0
278;11;0;0
278;2;0.0309;2
278;3;0.0084;2
278;1;0;0
278;4;0;0
278;5;0;0
278;7;0;0
278;13;0.0226;2
278;12;0;0
278;6;0.005;2
278;16;0;0
278;10;0;0
278;14;0;0
278;8;0;0
278;9;0;0
278;15;0.049;1
IWUT;11;0;0
IWUT;2;0;0
IWUT;3;0;0
IWUT;1;0;0
IWUT;4;0;0
IWUT;5;0;0
IWUT;7;0;0
IWUT;13;0;0
IWUT;12;0;0
IWUT;6;0.0048;1
IWUT;16;0;0
IWUT;10;0;0
IWUT;14;0;0
IWUT;8;0;0
IWUT;9;0;0
IWUT;15;0.025;1
1004;11;0;0
1004;2;0.091;5
1004;3;0.108;3
1004;1;0.057;1
1004;4;0.022;1
1004;5;0.095;1
1004;7;0;0
1004;13;0;0
1004;12;0;0
1004;6;0.02;3
1004;16;0;0
1004;10;0.102;1
1004;14;0.043;2
1004;8;0;0
1004;9;0;0
1004;15;0;0
CUBP7560;11;0;0
CUBP7560;2;0;0
CUBP7560;3;0;0
CUBP7560;1;0.035;1
CUBP7560;4;0.029;1
CUBP7560;5;0.095;1
CUBP7560;7;0;0
CUBP7560;13;0;0
CUBP7560;12;0;0
CUBP7560;6;0;4
CUBP7560;16;0;0
CUBP7560;10;0.019;1
CUBP7560;14;0.043;2
CUBP7560;8;0;0
CUBP7560;9;0;0
CUBP7560;15;0;0
667;11;0;0
667;2;0.0205;4
667;3;0.058;4
667;1;0.029;1
667;4;0.022;1
667;5;0.035;1
667;7;0;0
667;13;0;0
667;12;0;0
667;6;0.02;4
667;16;0;0
667;10;0.019;1
667;14;0.043;2
667;8;0;0
667;9;0;0
667;15;0;0
432;11;0;0
432;2;0;0
432;3;0;0
432;1;0;0
432;4;0;0
432;5;0;0
432;7;0.05;1
432;13;0;0
432;12;0;0
432;6;0;0
432;16;0.15;1
432;10;0;0
432;14;0;0
432;8;0;0
432;9;0;0
432;15;0;0
552;11;0.016;2
552;2;0.029;5
552;3;0.03;4
552;1;0.214;5
552;4;0.312;4
552;5;0;0
552;7;0;0
552;13;0.196;8
552;12;0;0
552;6;0.024;6
552;16;0;0
552;10;0;0
552;14;0.043;2
552;8;0;0
552;9;0.52;1
552;15;0;0
609;11;0;0
609;2;0.07;2
609;3;0.063;4
609;1;0.132;7
609;4;0.129;7
609;5;0;0
609;7;0;0
609;13;0;0
609;12;0;0
609;6;0.0101;4
609;16;0;0
609;10;0;0
609;14;0.043;2
609;8;0;0
609;9;0.561;1
609;15;0;0
389CC;11;0.0047;1
389CC;2;0.09;1
389CC;3;0;0
389CC;1;0;0
389CC;4;0;0
389CC;5;0;0
389CC;7;0;0
389CC;13;0.0226;2
389CC;12;0;0
389CC;6;0.005;2
389CC;16;0;0
389CC;10;0;0
389CC;14;0;0
389CC;8;0;0
389CC;9;0;0
389CC;15;0.055;1
AP120120;11;0.032;4
AP120120;2;0.06;3
AP120120;3;0.02;2
AP120120;1;0.025;5
AP120120;4;0;0
AP120120;5;0;0
AP120120;7;0.008;1
AP120120;13;0.019;9
AP120120;12;0;0
AP120120;6;0.02;6
AP120120;16;0;0
AP120120;10;0;0
AP120120;14;0;0
AP120120;8;0;0
AP120120;9;0;0
AP120120;15;0.288;1
AP12075;11;0.064;4
AP12075;2;0.06;3
AP12075;3;0;2
AP12075;1;0.025;3
AP12075;4;0;0
AP12075;5;0;0
AP12075;7;0.008;1
AP12075;13;0.29;9
AP12075;12;0;0
AP12075;6;0.02;6
AP12075;16;0;0
AP12075;10;0;0
AP12075;14;0;0
AP12075;8;0;0
AP12075;9;0;0
AP12075;15;0.296;1
AP12090;11;0.032;4
AP12090;2;0.06;3
AP12090;3;0;2
AP12090;1;0.028;5
AP12090;4;0;0
AP12090;5;0;0
AP12090;7;0.008;2
AP12090;13;0.019;9
AP12090;12;0;0
AP12090;6;0.02;6
AP12090;16;0;0
AP12090;10;0;0
AP12090;14;0;0
AP12090;8;0;0
AP12090;9;0;0
AP12090;15;0.388;1
433;11;0;0
433;2;0;0
433;3;0;0
433;1;0;0
433;4;0;0
433;5;0;0
433;7;0.05;1
433;13;0;0
433;12;0;0
433;6;0;0
433;16;0.15;1
433;10;0;0
433;14;0;0
433;8;0;0
433;9;0;0
433;15;0;0
619;11;0;0
619;2;0.43;2
619;3;0.11;3
619;1;0.026;1
619;4;0.013;1
619;5;0.191;1
619;7;0;0
619;13;0;0
619;12;0;0
619;6;0.02;3
619;16;0;0
619;10;0.102;1
619;14;0.043;2
619;8;0;0
619;9;0;0
619;15;0;0
AP12060;11;0.032;4
AP12060;2;0.06;3
AP12060;3;0;2
AP12060;1;0.048;4
AP12060;4;0;0
AP12060;5;0;0
AP12060;7;0.008;2
AP12060;13;0.019;9
AP12060;12;0;0
AP12060;6;0.02;6
AP12060;16;0;0
AP12060;10;0;0
AP12060;14;0;0
AP12060;8;0;0
AP12060;9;0;0
AP12060;15;0.288;1
529;11;0.039;1
529;2;0;0
529;3;0;0
529;1;0.066;2
529;4;0.049;2
529;5;0.073;2
529;7;0;0
529;13;0;0
529;12;0;0
529;6;0;0
529;16;0;0
529;10;0.057;1
529;14;0.043;2
529;8;0;0
529;9;0;0
529;15;0;0
MD515S;11;0;0
MD515S;2;0;0
MD515S;3;0;0
MD515S;1;0;0
MD515S;4;0;0
MD515S;5;0;0
MD515S;13;0;0
MD515S;12;0;0
MD515S;6;0;0
MD515S;16;0.104;1
MD515S;10;0;0
MD515S;14;0;0
MD515S;8;0;0
MD515S;9;0;0
MD515S;15;0;0
22501101;11;0.0111;1
22501101;2;0;0
22501101;3;0;0
22501101;1;0;0
22501101;4;0;0
22501101;5;0;0
22501101;13;0;0
22501101;12;0;0
22501101;6;0;0
22501101;16;0;0
22501101;10;0;0
22501101;14;0;0
22501101;8;0;0
22501101;9;0;0
22501101;15;0;0
DP12060;11;0.032;4
DP12060;2;0.06;3
DP12060;3;0;2
DP12060;1;0.018;2
DP12060;4;0;0
DP12060;5;0;0
DP12060;7;0;0
DP12060;13;0.019;9
DP12060;12;0;0
DP12060;6;0.02;6
DP12060;16;0;0
DP12060;10;0;0
DP12060;14;0;0
DP12060;8;0;0
DP12060;9;0;0
DP12060;15;0.288;1
P12075;11;0.064;4
P12075;2;0.06;3
P12075;3;0;2
P12075;1;0.015;2
P12075;4;0;0
P12075;5;0;0
P12075;7;0.008;1
P12075;13;0.29;6
P12075;12;0;0
P12075;6;0.02;6
P12075;16;0;0
P12075;10;0;0
P12075;14;0;0
P12075;8;0;0
P12075;9;0;0
P12075;15;0.296;1
557;11;0.093;4
557;2;0.033;5
557;3;0.134;4
557;1;0.192;3
557;4;0.105;2
557;5;0;0
557;7;0;0
557;13;0.676;9
557;12;0;0
557;6;0.019;4
557;16;0;0
557;10;0;0
557;14;0.043;2
557;8;0;0
557;9;0.52;1
557;15;0;0
296;11;0;0
296;2;0;0
296;3;0.01;1
296;1;0;0
296;4;0;0
296;5;0;0
296;7;0;0
296;13;0.0226;1
296;12;0;0
296;6;0.005;2
296;16;0;0
296;10;0;0
296;14;0;0
296;8;0;0
296;9;0;0
296;15;0.029;1
1010-1;11;0.002;2
1010-1;2;0.24;5
1010-1;3;0.091;3
1010-1;1;0.046;1
1010-1;4;0.043;1
1010-1;5;0.191;1
1010-1;7;0;0
1010-1;13;0;0
1010-1;12;0;0
1010-1;6;0.02;4
1010-1;16;0;0
1010-1;10;0.102;1
1010-1;14;0.043;2
1010-1;8;0;0
1010-1;9;0;0
1010-1;15;0;0
735;11;0;0
735;2;0.04;2
735;3;0.03;3
735;1;0.136;4
735;4;0.085;4
735;5;0;0
735;7;0;0
735;13;0;0
735;12;0;0
735;6;0.0003;3
735;16;0;0
735;10;0;0
735;14;0.022;2
735;8;0;0
735;9;0.5688;1
735;15;0;0
735;17;0;0
681;11;0;0
681;2;0;0
681;3;0;0
681;1;0;0
681;4;0;0
681;5;0;0
681;13;0;0
681;12;0;0
681;6;0.002;2
681;16;0;0
681;10;0.019;1
681;14;0.043;2
681;8;0;0
681;9;0;0
681;15;0;0
MOB-09.3;11;0.04;7
MOB-09.3;2;0.54;18
MOB-09.3;3;0.056;10
MOB-09.3;1;0.073;3
MOB-09.3;4;0.191;3
MOB-09.3;5;0.095;3
MOB-09.3;7;0;0
MOB-09.3;13;0;0
MOB-09.3;12;0;0
MOB-09.3;6;0.03;17
MOB-09.3;16;0;0
MOB-09.3;10;0.382;1
MOB-09.3;14;0.043;4
MOB-09.3;8;0;0
MOB-09.3;9;0;0
MOB-09.3;15;0;0
P160120;11;0.032;4
P160120;2;0.07;3
P160120;3;0;2
P160120;1;0.019;4
P160120;4;0;0
P160120;5;0;0
P160120;7;0.009;2
P160120;13;0.019;6
P160120;12;0;0
P160120;6;0.02;6
P160120;16;0;0
P160120;10;0;0
P160120;14;0;0
P160120;8;0;0
P160120;9;0;0
P160120;15;0.32;1
624;11;0;0
624;2;0.286;5
624;3;0.952;7
624;1;0.25;2
624;4;0.568;2
624;5;0.6;2
624;7;0;0
624;13;0;0
624;12;0;0
624;6;0.02;7
624;16;0;0
624;10;0.069;1
624;14;0.043;2
624;8;0;0
624;9;0;0
624;15;0;0
22501107;11;0.033;1
22501107;2;0;0
22501107;3;0;0
22501107;1;0;0
22501107;4;0;0
22501107;5;0;0
22501107;13;0;0
22501107;12;0;0
22501107;6;0;0
22501107;16;0;0
22501107;10;0;0
22501107;14;0;0
22501107;8;0;0
22501107;9;0;0
22501107;15;0;0
22901005;11;0;0
22901005;2;0.028;2
22901005;3;0.12;1
22901005;1;0;0
22901005;4;0;0
22901005;5;0;0
22901005;13;0;0
22901005;12;0;0
22901005;6;0;0
22901005;16;0;0
22901005;10;0;0
22901005;14;0.043;0
22901005;8;0;0
22901005;9;0;0
22901005;15;0;0
1007;11;0.0021;1
1007;2;0.06;2
1007;3;0.055;2
1007;1;0.077;1
1007;4;0.042;1
1007;5;0.095;1
1007;7;0;0
1007;13;0;0
1007;12;0;0
1007;6;0.02;3
1007;16;0;0
1007;10;0.102;1
1007;14;0.043;2
1007;8;0;0
1007;9;0;0
1007;15;0;0
MF202N;11;0.045;2
MF202N;2;0;0
MF202N;3;0.055;1
MF202N;1;0;0
MF202N;4;0;0
MF202N;5;0;0
MF202N;7;0;0
MF202N;13;0;0
MF202N;12;0;0
MF202N;6;0.002;1
MF202N;16;0.03;1
MF202N;10;0;0
MF202N;14;0.043;2
MF202N;8;0;0
MF202N;9;0;0
MF202N;15;0;0
22901003;11;0;0
22901003;2;0.018;2
22901003;3;0.039;1
22901003;1;0;0
22901003;4;0;0
22901003;5;0;0
22901003;13;0;0
22901003;12;0;0
22901003;6;0;0
22901003;16;0;0
22901003;10;0;0
22901003;14;0.0043;0
22901003;8;0;0
22901003;9;0;0
22901003;15;0;0
389;11;0.0047;1
389;2;0.09;1
389;3;0;0
389;1;0;0
389;4;0;0
389;5;0;0
389;7;0;0
389;13;0.0226;2
389;12;0;0
389;6;0.003;1
389;16;0;0
389;10;0;0
389;14;0;0
389;8;0;0
389;9;0;0
389;15;0.055;1
MOB-11;11;0;0
MOB-11;2;0.264;5
MOB-11;3;0.333;1
MOB-11;1;0.03;1
MOB-11;4;0.007;1
MOB-11;5;0.051;1
MOB-11;7;0;0
MOB-11;13;0;0
MOB-11;12;0;0
MOB-11;6;0.02;5
MOB-11;16;0;0
MOB-11;10;0.03;1
MOB-11;14;0.043;2
MOB-11;8;0;0
MOB-11;9;0;0
MOB-11;15;0;0
22501005;11;0.01;1
22501005;2;0;0
22501005;3;0;0
22501005;1;0;0
22501005;4;0;0
22501005;5;0;0
22501005;13;0;0
22501005;12;0;0
22501005;6;0;0
22501005;16;0;0
22501005;10;0;0
22501005;14;0;0
22501005;8;0;0
22501005;9;0;0
22501005;15;0;0
22501006;11;0.01;1
22501006;2;0;0
22501006;3;0;0
22501006;1;0;0
22501006;4;0;0
22501006;5;0;0
22501006;13;0;0
22501006;12;0;0
22501006;6;0;0
22501006;16;0;0
22501006;10;0;0
22501006;14;0;0
22501006;8;0;0
22501006;9;0;0
22501006;15;0;0
1065;11;0.093;1
1065;2;0.01;5
1065;3;0.1;3
1065;1;0.054;1
1065;4;0.01;1
1065;5;0.065;1
1065;7;0;0
1065;13;0;0
1065;12;0;0
1065;6;0.02;4
1065;16;0;0
1065;10;0.102;1
1065;14;0.043;2
1065;8;0;0
1065;9;0;0
1065;15;0;0
238A;11;0.04;15
238A;2;0;0
238A;3;0;0
238A;1;0.031;3
238A;4;0.173;3
238A;5;0;0
238A;7;0;0
238A;13;0;0
238A;12;0;0
238A;6;0;0
238A;16;0;0
238A;10;0;0
238A;14;0.043;2
238A;8;0;0
238A;9;0.164;1
238A;15;0;0
238B;11;0.02;13
238B;2;0;0
238B;3;0.108;3
238B;1;0.05;7
238B;4;0.03;7
238B;5;0;0
238B;7;0;0
238B;13;0;0
238B;12;0;0
238B;6;0.014;4
238B;16;0;0
238B;10;0;0
238B;14;0;0
238B;8;0.077;1
238B;9;0;0
238B;15;0;0
DP120120;11;0.032;4
DP120120;2;0.06;3
DP120120;3;0;2
DP120120;1;0.018;2
DP120120;4;0;0
DP120120;5;0;0
DP120120;7;0;0
DP120120;13;0.019;9
DP120120;12;0;0
DP120120;6;0.02;6
DP120120;16;0;0
DP120120;10;0;0
DP120120;14;0;0
DP120120;8;0;0
DP120120;9;0;0
DP120120;15;0.488;1
DP160120;11;0.032;4
DP160120;2;0.06;3
DP160120;3;0;2
DP160120;1;0.018;2
DP160120;4;0;0
DP160120;5;0;0
DP160120;7;0;0
DP160120;13;0.019;9
DP160120;12;0;0
DP160120;6;0.02;6
DP160120;16;0;0
DP160120;10;0;0
DP160120;14;0;0
DP160120;8;0;0
DP160120;9;0;0
DP160120;15;0.558;1
1074;11;0.066;40
1074;2;0.06;2
1074;3;0.049;12
1074;1;0.075;9
1074;4;0.062;9
1074;5;0;0
1074;7;0;0
1074;13;0.085;1
1074;12;0;0
1074;6;0.01;6
1074;16;0;0
1074;10;0;0
1074;14;0;0
1074;8;0.597;1
1074;9;0;0
1074;15;0;0
551;11;0.036;3
551;2;0.033;3
551;3;0.0976;5
551;1;0.105;3
551;4;0.312;2
551;5;0;0
551;7;0;0
551;13;0.256;8
551;12;0;0
551;6;0.019;3
551;16;0;0
551;10;0;0
551;14;0.043;2
551;8;0;0
551;9;0.52;1
551;15;0;0
1070;11;0.002;18
1070;2;0;0
1070;3;0.078;4
1070;1;0.075;8
1070;4;0.061;8
1070;5;0;0
1070;7;0;0
1070;13;0.002;1
1070;12;0;0
1070;6;0.019;5
1070;16;0;0
1070;10;0;0
1070;14;0;0
1070;8;0.112;1
1070;9;0;0
1070;15;0;0
1108;11;0;0
1108;2;0.225;13
1108;3;0.11;7
1108;1;0.1213;1
1108;4;0.078;1
1108;5;0.568;1
1108;7;0;0
1108;13;0;0
1108;12;0;0
1108;6;0.02;7
1108;16;0;0
1108;10;0.103;1
1108;14;0.043;2
1108;8;0;0
1108;9;0;0
1108;15;0;0
251;11;0;0
251;2;0;0
251;3;0;0
251;1;0;0
251;4;0;0
251;5;0;0
251;7;0.05;1
251;13;0;0
251;12;0;0
251;6;0;0
251;16;0.15;1
251;10;0;0
251;14;0;0
251;8;0;0
251;9;0;0
251;15;0;0
444;11;0;0
444;2;0;0
444;3;0;0
444;1;0;0
444;4;0;0
444;5;0;0
444;7;0.05;1
444;13;0;0
444;12;0;0
444;6;0;0
444;16;0.15;1
444;10;0;0
444;14;0;0
444;8;0;0
444;9;0;0
444;15;0;0
628;11;0;0
628;2;0.06;2
628;3;0.116;3
628;1;0.067;2
628;4;0.047;2
628;5;0.091;2
628;13;0;0
628;12;0;0
628;6;0.0192;5
628;16;0;0
628;10;0.089;1
628;14;0.043;2
628;8;0;0
628;9;0;0
628;15;0;0
509;11;0;0
509;2;0.24;10
509;3;0.108;10
509;1;0.036;14
509;4;0.072;14
509;5;0.108;14
509;7;0;0
509;13;0;0
509;12;0;0
509;6;0.024;10
509;16;0;0
509;10;0.72;1
509;14;0.043;2
509;8;0;0
509;9;0;0
509;15;0;0
1022;11;0;0
1022;2;0.066;2
1022;3;0.09;4
1022;1;0.204;10
1022;4;0.207;10
1022;5;0;0
1022;7;0;0
1022;13;0;0
1022;12;0;0
1022;6;0.01;2
1022;16;0;0
1022;10;0;0
1022;14;0.043;4
1022;8;0;0
1022;9;0.922;1
1022;15;0;0
2009;11;0;0
2009;2;0;0
2009;3;0;0
2009;1;0.188;10
2009;4;0.174;10
2009;5;0;0
2009;7;0;0
2009;13;0;0
2009;12;0;0
2009;6;0;0
2009;16;0;0
2009;10;0;0
2009;14;0.043;2
2009;8;0;0
2009;9;0.799;1
2009;15;0;0
ZU103;11;0.032;1
ZU103;2;0.16;2
ZU103;3;0.26;4
ZU103;1;0.029;1
ZU103;4;0.022;1
ZU103;5;0.095;1
ZU103;7;0;0
ZU103;13;0;0
ZU103;12;0;0
ZU103;6;0.02;4
ZU103;16;0;0
ZU103;10;0.059;1
ZU103;14;0.043;0
ZU103;8;0;0
ZU103;9;0;0
ZU103;15;0;0
ZU139;11;0.012;1
ZU139;2;0.06;2
ZU139;3;0.12;3
ZU139;1;0.029;1
ZU139;4;0.022;1
ZU139;5;0.055;1
ZU139;7;0;0
ZU139;13;0;0
ZU139;12;0;0
ZU139;6;0.02;4
ZU139;16;0;0
ZU139;10;0.05;1
ZU139;14;0.043;0
ZU139;8;0;0
ZU139;9;0;0
ZU139;15;0;0
ZU600;11;0;0
ZU600;2;0.11;2
ZU600;3;0.1041;3
ZU600;1;0.057;2
ZU600;4;0.022;2
ZU600;5;0.095;2
ZU600;7;0;0
ZU600;13;0;0
ZU600;12;0;0
ZU600;6;0.02;3
ZU600;16;0;0
ZU600;10;0.102;1
ZU600;14;0.043;2
ZU600;8;0;0
ZU600;9;0;0
ZU600;15;0;0
737;11;0.018;2
737;2;0;0
737;3;0.138;7
737;1;0.029;2
737;4;0.032;2
737;5;0.165;2
737;13;0;0
737;12;0;0
737;6;0.02;7
737;16;0;0
737;10;0.109;1
737;14;0.043;0
737;8;0;0
737;9;0;0
737;15;0;0
742;11;0.012;1
742;2;0.17;0
742;3;0.084;4
742;1;0.029;1
742;4;0.022;1
742;5;0.095;1
742;7;0;0
742;13;0;0
742;12;0;0
742;6;0.02;4
742;16;0;0
742;10;0.019;1
742;14;0.043;2
742;8;0;0
742;9;0;0
742;15;0;0
802;11;0;0
802;2;0.28;5
802;3;0.159;3
802;1;0.102;3
802;4;0.098;3
802;5;0.08;3
802;7;0;0
802;13;0;0
802;12;0;0
802;6;0.02;3
802;16;0;0
802;10;0.17;1
802;14;0.043;2
802;8;0;0
802;9;0;0
802;15;0;0
915;11;0;0
915;2;0;0
915;3;0;0
915;1;0;0
915;4;0;0
915;5;0;0
915;7;0.2404;2
915;13;0;0
915;12;0;0
915;6;0;0
915;16;0;0
915;10;0;0
915;14;0;1
915;8;0;0
915;9;0;0
915;15;0;0
691;11;0;0
691;2;0;0
691;3;0;0
691;1;0;0
691;4;0;0
691;5;0;0
691;7;0.05;1
691;13;0;0
691;12;0;0
691;6;0;0
691;16;0.12;1
691;10;0;0
691;14;0;0
691;8;0;0
691;9;0;0
691;15;0;0
22401011;11;0;0
22401011;2;0.0053;1
22401011;3;0;0
22401011;1;0;0
22401011;4;0;0
22401011;5;0;0
22401011;13;0;0
22401011;12;0;0
22401011;6;0;0
22401011;16;0;0
22401011;10;0;0
22401011;14;0;0
22401011;8;0;0
22401011;9;0;0
22401011;15;0;0
1021;11;0;0
1021;2;0.06;2
1021;3;0.09;4
1021;1;0.2;10
1021;4;0.201;10
1021;5;0;0
1021;7;0;0
1021;13;0;0
1021;12;0;0
1021;6;0.01;2
1021;16;0;0
1021;10;0;0
1021;14;0.043;4
1021;8;0;0
1021;9;0.922;1
1021;15;0;0
2026;11;0.01;2
2026;2;0.06;1
2026;3;0.014;1
2026;1;0.043;0
2026;4;0.042;0
2026;5;0;0
2026;13;0;0
2026;12;0;0
2026;6;0.0096;1
2026;16;0;0
2026;10;0;0
2026;14;0.043;2
2026;8;0;0
2026;9;0.064;1
2026;15;0;0
555;11;0.006;4
555;2;0.04;5
555;3;0.026;4
555;1;0.136;3
555;4;0.085;2
555;5;0;0
555;7;0;0
555;13;0.0648;5
555;12;0;0
555;6;0.041;4
555;16;0;0
555;10;0;0
555;14;0.0193;2
555;8;0;0
555;9;0.2522;1
555;15;0;0
555;17;0;0
2002;11;0;0
2002;2;0;0
2002;3;0;0
2002;1;0.128;8
2002;4;0.114;8
2002;5;0;0
2002;7;0;0
2002;13;0;0
2002;12;0;0
2002;6;0;0
2002;16;0;0
2002;10;0;0
2002;14;0.043;2
2002;8;0;0
2002;9;0.779;1
2002;15;0;0
2042;11;0;0
2042;2;0;0
2042;3;0;0
2042;1;0.023;1
2042;4;0.002;1
2042;5;0;0
2042;13;0;0
2042;12;0;0
2042;6;0;0
2042;16;0;0
2042;10;0;0
2042;14;0.023;2
2042;8;0;0
2042;9;0.064;1
2042;15;0;0
554;11;0.016;2
554;2;0.029;5
554;3;0.03;4
554;1;0.434;5
554;4;0.312;4
554;5;0;0
554;7;0;0
554;13;0.156;6
554;12;0;0
554;6;0.024;6
554;16;0;0
554;10;0;0
554;14;0.043;2
554;8;0;0
554;9;0.52;1
554;15;0;0
378;11;0;0
378;2;0;0
378;3;0;0
378;1;0;0
378;4;0;0
378;5;0;0
378;7;0;0
378;13;0;0
378;12;0.12;1
378;6;0.04;1
378;16;0.18;1
378;10;0;0
378;14;0;0
378;8;0;0
378;9;0;0
378;15;0;0
22501012;11;0.0012;0
22501012;2;0;0
22501012;3;0;0
22501012;1;0;0
22501012;4;0;0
22501012;5;0;0
22501012;13;0;0
22501012;12;0;0
22501012;6;0;0
22501012;16;0;0
22501012;10;0;0
22501012;14;0;0
22501012;8;0;0
22501012;9;0;0
22501012;15;0;0
ZUD490;11;0.125;1
ZUD490;2;0;0
ZUD490;3;0.23;7
ZUD490;1;0.28;4
ZUD490;4;0.153;3
ZUD490;5;0;0
ZUD490;7;0;0
ZUD490;13;0.02;13
ZUD490;12;0;0
ZUD490;6;0.09;2
ZUD490;16;0;0
ZUD490;10;0.026;1
ZUD490;14;0.043;2
ZUD490;8;0;0
ZUD490;9;0.315;1
ZUD490;15;0;0
ZUC2903;11;0.016;2
ZUC2903;2;0.029;5
ZUC2903;3;0.03;4
ZUC2903;1;0.234;5
ZUC2903;4;0.312;4
ZUC2903;5;0;0
ZUC2903;7;0;0
ZUC2903;13;0.156;13
ZUC2903;12;0;0
ZUC2903;6;0.024;6
ZUC2903;16;0;0
ZUC2903;10;0;0
ZUC2903;14;0.043;2
ZUC2903;8;0;0
ZUC2903;9;0.52;1
ZUC2903;15;0;0
ZU757;11;0.0576;2
ZU757;2;0;0
ZU757;3;0.1728;1
ZU757;1;0.234;9
ZU757;4;0.312;9
ZU757;5;0;0
ZU757;7;0;0
ZU757;13;0;0
ZU757;12;0;0
ZU757;6;0.024;1
ZU757;16;0;0
ZU757;10;0;0
ZU757;14;0.043;2
ZU757;8;0;0
ZU757;9;0.3456;1
ZU757;15;0;0
ZU3103;11;0.016;2
ZU3103;2;0.029;5
ZU3103;3;0.03;4
ZU3103;1;0.214;5
ZU3103;4;0.312;4
ZU3103;5;0;0
ZU3103;7;0;0
ZU3103;13;0.196;18
ZU3103;12;0;0
ZU3103;6;0.024;6
ZU3103;16;0;0
ZU3103;10;0;0
ZU3103;14;0.043;2
ZU3103;8;0;0
ZU3103;9;0.52;1
ZU3103;15;0;0
117;11;0.052;3
117;2;0.046;2
117;3;0.094;4
117;1;0.036;1
117;4;0.031;1
117;5;0.095;1
117;13;0;0
117;12;0;0
117;6;0.05;4
117;16;0;0
117;10;0.32;1
117;14;0.043;2
117;8;0;0
117;9;0;0
117;15;0;0
127SKT;11;0.032;2
127SKT;2;0.036;1
127SKT;3;0.074;2
127SKT;1;0.026;1
127SKT;4;0.021;1
127SKT;5;0.015;1
127SKT;13;0;0
127SKT;12;0;0
127SKT;6;0.005;3
127SKT;16;0;0
127SKT;10;0.12;1
127SKT;14;0.023;2
127SKT;8;0;0
127SKT;9;0;0
127SKT;15;0;0
22901002;11;0;0
22901002;2;0.013;2
22901002;3;0.049;1
22901002;1;0;0
22901002;4;0;0
22901002;5;0;0
22901002;13;0;0
22901002;12;0;0
22901002;6;0;0
22901002;16;0;0
22901002;10;0;0
22901002;14;0.0043;0
22901002;8;0;0
22901002;9;0;0
22901002;15;0;0
22501007;11;0.001;1
22501007;2;0;0
22501007;3;0;0
22501007;1;0;0
22501007;4;0;0
22501007;5;0;0
22501007;13;0;0
22501007;12;0;0
22501007;6;0;0
22501007;16;0;0
22501007;10;0;0
22501007;14;0;0
22501007;8;0;0
22501007;9;0;0
22501007;15;0;0
616;11;0;0
616;2;0;0
616;3;0;0
616;1;0;0
616;4;0;0
616;5;0;0
616;7;0;0
616;13;0;0
616;12;0;0
616;6;0;0
616;16;0;0
616;10;0.01;1
616;14;0.083;2
616;8;0;0
616;9;0;0
616;15;0;0
553;11;0.036;3
553;2;0.033;3
553;3;0.0976;5
553;1;0.105;3
553;4;0.312;2
553;5;0;0
553;7;0;0
553;13;0.256;6
553;12;0;0
553;6;0.019;3
553;16;0;0
553;10;0;0
553;14;0.043;2
553;8;0;0
553;9;0.52;1
553;15;0;0
1032;11;0.04;18
1032;2;0.019;2
1032;3;0.11;7
1032;1;0.136;10
1032;4;0.6;10
1032;5;0;0
1032;7;0;0
1032;13;0.1104;1
1032;12;0;0
1032;6;0.0096;7
1032;16;0;0
1032;10;0;0
1032;14;0.043;4
1032;8;0;1
1032;9;0.922;1
1032;15;0;0
2004;11;0;0
2004;2;0;0
2004;3;0;0
2004;1;0.139;8
2004;4;0.2406;8
2004;5;0.0854;8
2004;7;0;0
2004;13;0;0
2004;12;0;0
2004;6;0;0
2004;16;0;0
2004;10;0;0
2004;14;0.034;2
2004;8;0;0
2004;9;0.5607;1
2004;15;0;0
212;11;0.0387;1
212;2;0.037;2
212;3;0;0
212;1;0;0
212;4;0;0
212;5;0;0
212;7;0;0
212;13;0.0286;1
212;12;0;0
212;6;0.0168;1
212;16;0;0
212;10;0;0
212;14;0.0101;2
212;8;0;0
212;9;0.037;1
212;15;0;0
1011-1;11;0.002;2
1011-1;2;0.35;9
1011-1;3;0.12;3
1011-1;1;0.24;2
1011-1;4;0.032;2
1011-1;5;0.03;1
1011-1;7;0;0
1011-1;13;0;0
1011-1;12;0;0
1011-1;6;0.019;5
1011-1;16;0;0
1011-1;10;0.0096;1
1011-1;14;0.043;2
1011-1;8;0;0
1011-1;9;0;0
1011-1;15;0;0
1026;11;0;0
1026;2;0.066;2
1026;3;0.09;4
1026;1;0.282;8
1026;4;0.301;8
1026;5;0;0
1026;7;0;0
1026;13;0;0
1026;12;0;0
1026;6;0.01;2
1026;16;0;0
1026;10;0;0
1026;14;0.043;2
1026;8;0;0
1026;9;0.922;1
1026;15;0;0
1012-1;11;0.002;2
1012-1;2;0.35;5
1012-1;3;0.108;3
1012-1;1;0.24;1
1012-1;4;0.022;1
1012-1;5;0.03;1
1012-1;7;0;0
1012-1;13;0;0
1012-1;12;0;0
1012-1;6;0.019;5
1012-1;16;0;0
1012-1;10;0.0096;1
1012-1;14;0.043;2
1012-1;8;0;0
1012-1;9;0;0
1012-1;15;0;0
313;11;0.2;52
313;2;0;0
313;3;0.12;4
313;1;0.25;10
313;4;0.19;10
313;5;0;0
313;7;0;0
313;13;0.02;1
313;12;0;0
313;6;0.07;5
313;16;0;0
313;10;0;0
313;14;0;0
313;8;0.6;1
313;9;0;0
313;15;0;0
533;11;0.45;0
533;2;0;0
533;3;0;0
533;1;0.72;16
533;4;0.506;16
533;5;0;0
533;7;0;0
533;13;0;0
533;12;0;0
533;6;0;0
533;16;0;0
533;10;0;0
533;14;0.17;2
533;8;0;0
533;9;0.85;1
533;15;0;0
MOB-04.1;11;0.066;0
MOB-04.1;2;0.18;0
MOB-04.1;3;0.2;0
MOB-04.1;1;0.22;39
MOB-04.1;4;0.19;39
MOB-04.1;5;0;0
MOB-04.1;7;0;0
MOB-04.1;13;0.13;0
MOB-04.1;12;0;0
MOB-04.1;6;0.066;0
MOB-04.1;16;0;0
MOB-04.1;10;0;0
MOB-04.1;14;0.065;0
MOB-04.1;8;0;0
MOB-04.1;9;0.19;1
MOB-04.1;15;0;0
429;11;0;0
429;2;0;0
429;3;0;0
429;1;0;0
429;4;0;0
429;5;0;0
429;7;0.05;1
429;13;0;0
429;12;0;0
429;6;0;0
429;16;0.12;1
429;10;0;0
429;14;0;0
429;8;0;0
429;9;0;0
429;15;0;0
465;11;0;0
465;2;0;0
465;3;0;0
465;1;0;0
465;4;0;0
465;5;0;0
465;7;0;0
465;13;0;0
465;12;0;0
465;6;0;0
465;16;0.12;1
465;10;0;0
465;14;0;0
465;8;0;0
465;9;0;0
465;15;0;0
1002;11;0.0178;1
1002;2;0.0915;2
1002;3;0.0608;4
1002;1;0.0286;2
1002;4;0.0317;2
1002;5;0.0265;2
1002;7;0;0
1002;13;0;0
1002;12;0;0
1002;6;0.041;5
1002;16;0;0
1002;10;0.0577;1
1002;14;0.0193;2
1002;8;0;0
1002;9;0;0
1002;15;0;0
1002;17;0;0
IW12060;11;0.032;4
IW12060;2;0.06;3
IW12060;3;0;1
IW12060;1;0.018;4
IW12060;4;0;0
IW12060;5;0;0
IW12060;7;0.008;2
IW12060;13;0.019;8
IW12060;12;0;0
IW12060;6;0.02;6
IW12060;16;0;0
IW12060;10;0;0
IW12060;14;0;0
IW12060;8;0;0
IW12060;9;0;0
IW12060;15;0.23;1
IW160120;11;0.092;4
IW160120;2;0.06;3
IW160120;3;0;1
IW160120;1;0.018;4
IW160120;4;0;0
IW160120;5;0;0
IW160120;7;0.008;2
IW160120;13;0.019;8
IW160120;12;0;0
IW160120;6;0.02;6
IW160120;16;0;0
IW160120;10;0;0
IW160120;14;0;0
IW160120;8;0;0
IW160120;9;0;0
IW160120;15;0.288;1
IW16075;11;0.032;4
IW16075;2;0.06;3
IW16075;3;0;1
IW16075;1;0.018;4
IW16075;4;0;0
IW16075;5;0;0
IW16075;7;0.008;2
IW16075;13;0.019;8
IW16075;12;0;0
IW16075;6;0.02;6
IW16075;16;0;0
IW16075;10;0;0
IW16075;14;0;0
IW16075;8;0;0
IW16075;9;0;0
IW16075;15;0.288;1
1112;11;0.1;18
1112;2;0;0
1112;3;0.04;2
1112;1;0.11;17
1112;4;0.04;17
1112;5;0;0
1112;7;0;0
1112;13;0;0
1112;12;0;0
1112;6;0.04;2
1112;16;0;0
1112;10;0;0
1112;14;0;0
1112;8;0.26;1
1112;9;0;0
1112;15;0;0
915;17;0.2906;1
919;11;0;0
919;2;0;0
919;3;0;0
919;1;0;0
919;4;0;0
919;5;0;0
919;7;0.120228571;1
919;13;0;0
919;12;0;0
919;6;0;0
919;16;0;0
919;10;0;0
919;14;0;0
919;8;0;0
919;9;0;0
919;15;0;0
PIW12075;11;0.064;4
PIW12075;2;0.06;3
PIW12075;3;0;2
PIW12075;1;0.015;2
PIW12075;4;0;0
PIW12075;5;0;0
PIW12075;7;0.008;1
PIW12075;13;0.29;9
PIW12075;12;0;0
PIW12075;6;0.02;6
PIW12075;16;0;0
PIW12075;10;0;0
PIW12075;14;0;0
PIW12075;8;0;0
PIW12075;9;0;0
PIW12075;15;0.296;1
236A;11;0.04;6
236A;2;0;0
236A;3;0;0
236A;1;0.031;3
236A;4;0.173;3
236A;5;0;0
236A;7;0;0
236A;13;0;0
236A;12;0;0
236A;6;0;0
236A;16;0;0
236A;10;0;0
236A;14;0.043;2
236A;8;0;0
236A;9;0.164;1
236A;15;0;0
236B;11;0.02;13
236B;2;0;0
236B;3;0.108;3
236B;1;0.05;7
236B;4;0.03;7
236B;5;0;0
236B;7;0;0
236B;13;0;0
236B;12;0;0
236B;6;0.014;4
236B;16;0;0
236B;10;0;0
236B;14;0;0
236B;8;0.077;1
236B;9;0;0
236B;15;0;0
IW12090;11;0.032;4
IW12090;2;0.06;3
IW12090;3;0;1
IW12090;1;0.018;4
IW12090;4;0;0
IW12090;5;0;0
IW12090;7;0.008;2
IW12090;13;0.019;8
IW12090;12;0;0
IW12090;6;0.02;6
IW12090;16;0;0
IW12090;10;0;0
IW12090;14;0;0
IW12090;8;0;0
IW12090;9;0;0
IW12090;15;0.23;1
F4680;11;0;0
F4680;2;0.43;3
F4680;3;0.11;4
F4680;1;0.026;1
F4680;4;0.013;1
F4680;5;0.191;1
F4680;7;0;0
F4680;13;0;0
F4680;12;0;0
F4680;6;0.02;4
F4680;16;0;0
F4680;10;0.102;1
F4680;14;0;0
F4680;8;0;0
F4680;9;0;0
F4680;15;0;0
F2962;11;0.039;1
F2962;2;0;0
F2962;3;0;0
F2962;1;0.036;1
F2962;4;0.029;1
F2962;5;0.073;1
F2962;7;0;0
F2962;13;0;0
F2962;12;0;0
F2962;6;0;0
F2962;16;0;0
F2962;10;0.057;1
F2962;14;0;0
F2962;8;0;0
F2962;9;0;0
F2962;15;0;0
F2713;11;0.039;1
F2713;2;0;0
F2713;3;0;0
F2713;1;0.066;2
F2713;4;0.049;2
F2713;5;0.073;2
F2713;7;0;0
F2713;13;0;0
F2713;12;0;0
F2713;6;0;0
F2713;16;0;0
F2713;10;0.057;1
F2713;14;0;0
F2713;8;0;0
F2713;9;0;0
F2713;15;0;0
IW120120;11;0.032;4
IW120120;2;0.06;3
IW120120;3;0;1
IW120120;1;0.018;4
IW120120;4;0;0
IW120120;5;0;0
IW120120;7;0.008;2
IW120120;13;0.019;8
IW120120;12;0;0
IW120120;6;0.02;6
IW120120;16;0;0
IW120120;10;0;0
IW120120;14;0;0
IW120120;8;0;0
IW120120;9;0;0
IW120120;15;0.288;1
PIW12090;11;0.032;4
PIW12090;2;0.06;3
PIW12090;3;0;1
PIW12090;1;0.018;4
PIW12090;4;0;0
PIW12090;5;0;0
PIW12090;7;0.008;2
PIW12090;13;0.019;9
PIW12090;12;0;0
PIW12090;6;0.02;6
PIW12090;16;0;0
PIW12090;10;0;0
PIW12090;14;0;0
PIW12090;8;0;0
PIW12090;9;0;0
PIW12090;15;0.388;1
CUBP9060;11;0;0
CUBP9060;2;0;0
CUBP9060;3;0;0
CUBP9060;1;0.035;1
CUBP9060;4;0.029;1
CUBP9060;5;0.095;1
CUBP9060;7;0;0
CUBP9060;13;0;0
CUBP9060;12;0;0
CUBP9060;6;0;4
CUBP9060;16;0;0
CUBP9060;10;0.019;1
CUBP9060;14;0.043;2
CUBP9060;8;0;0
CUBP9060;9;0;0
CUBP9060;15;0;0
10509139;11;0;0
10509139;2;0.038;1
10509139;3;0;0
10509139;1;0;0
10509139;4;0;0
10509139;5;0;0
10509139;13;0;0
10509139;12;0;0
10509139;6;0;0
10509139;16;0;0
10509139;10;0;0
10509139;14;0;0
10509139;8;0;0
10509139;9;0;0
10509139;15;0;0
470;11;0;0
470;2;0;0
470;3;0;0
470;1;0;0
470;4;0;0
470;5;0;0
470;7;0;0
470;13;0;0
470;12;0;0
470;6;0;0
470;16;0.12;1
470;10;0;0
470;14;0;0
470;8;0;0
470;9;0;0
470;15;0;0
1028;11;0;0
1028;2;0.066;2
1028;3;0.09;4
1028;1;0.224;8
1028;4;0.237;8
1028;5;0;0
1028;7;0;0
1028;13;0;0
1028;12;0;0
1028;6;0.01;2
1028;16;0;0
1028;10;0;0
1028;14;0.043;2
1028;8;0;0
1028;9;0.922;1
1028;15;0;0
1130;11;0.375;3
1130;2;0.429;34
1130;3;0.456;14
1130;1;0.106;3
1130;4;0.375;3
1130;5;0.375;3
1130;7;0;0
1130;13;0;0
1130;12;0;0
1130;6;0.105;17
1130;16;0;0
1130;10;0.24;1
1130;14;0.105;6
1130;8;0;0
1130;9;0;0
1130;15;0;0
389A;11;0.0047;1
389A;2;0.09;1
389A;3;0;0
389A;1;0;0
389A;4;0;0
389A;5;0;0
389A;7;0;0
389A;13;0.0226;2
389A;12;0;0
389A;6;0.003;1
389A;16;0;0
389A;10;0;0
389A;14;0;0
389A;8;0;0
389A;9;0;0
389A;15;0.055;1
CUB15060;11;0;0
CUB15060;2;0;0
CUB15060;3;0;4
CUB15060;1;0.039;1
CUB15060;4;0.032;1
CUB15060;5;0.095;1
CUB15060;7;0;0
CUB15060;13;0;0
CUB15060;12;0;0
CUB15060;6;0;4
CUB15060;16;0;0
CUB15060;10;0.019;1
CUB15060;14;0.043;2
CUB15060;8;0;0
CUB15060;9;0;0
CUB15060;15;0;0
CUBP12060;11;0;0
CUBP12060;2;0;0
CUBP12060;3;0;0
CUBP12060;1;0.029;1
CUBP12060;4;0.022;1
CUBP12060;5;0.045;1
CUBP12060;7;0;0
CUBP12060;13;0;0
CUBP12060;12;0;0
CUBP12060;6;0;0
CUBP12060;16;0;0
CUBP12060;10;0.019;1
CUBP12060;14;0.043;2
CUBP12060;8;0;0
CUBP12060;9;0;0
CUBP12060;15;0;0
134AA;11;0;0
134AA;2;0;0
134AA;3;0;0
134AA;1;0.029;1
134AA;4;0.022;1
134AA;5;0.045;1
134AA;7;0;0
134AA;13;0;0
134AA;12;0;0
134AA;6;0;0
134AA;16;0;0
134AA;10;0.019;1
134AA;14;0.043;2
134AA;8;0;0
134AA;9;0;0
134AA;15;0;0
PIW12060;11;0.032;4
PIW12060;2;0.06;3
PIW12060;3;0;2
PIW12060;1;0.018;4
PIW12060;4;0;0
PIW12060;5;0;0
PIW12060;7;0.008;2
PIW12060;13;0.019;9
PIW12060;12;0;0
PIW12060;6;0.02;6
PIW12060;16;0;0
PIW12060;10;0;0
PIW12060;14;0;0
PIW12060;8;0;0
PIW12060;9;0;0
PIW12060;15;0.288;1
CUB6060;11;0;0
CUB6060;2;0;0
CUB6060;3;0;4
CUB6060;1;0.029;1
CUB6060;4;0.022;1
CUB6060;5;0.095;1
CUB6060;7;0;0
CUB6060;13;0;0
CUB6060;12;0;0
CUB6060;6;0;4
CUB6060;16;0;0
CUB6060;10;0.019;1
CUB6060;14;0.043;2
CUB6060;8;0;0
CUB6060;9;0;0
CUB6060;15;0;0
IW16060;11;0.092;4
IW16060;2;0.06;3
IW16060;3;0;1
IW16060;1;0.018;4
IW16060;4;0;0
IW16060;5;0;0
IW16060;7;0.008;2
IW16060;13;0.019;8
IW16060;12;0;0
IW16060;6;0.02;6
IW16060;16;0;0
IW16060;10;0;0
IW16060;14;0;0
IW16060;8;0;0
IW16060;9;0;0
IW16060;15;0.288;1
PIW16060;11;0.032;4
PIW16060;2;0.06;3
PIW16060;3;0.02;2
PIW16060;1;0.018;4
PIW16060;4;0;0
PIW16060;5;0;0
PIW16060;7;0.008;2
PIW16060;13;0.019;9
PIW16060;12;0;0
PIW16060;6;0.02;6
PIW16060;16;0;0
PIW16060;10;0;0
PIW16060;14;0;0
PIW16060;8;0;0
PIW16060;9;0;0
PIW16060;15;0.288;1
PIW160120;11;0.032;4
PIW160120;2;0.07;3
PIW160120;3;0;2
PIW160120;1;0.019;4
PIW160120;4;0;0
PIW160120;5;0;0
PIW160120;7;0.009;2
PIW160120;13;0.019;9
PIW160120;12;0;0
PIW160120;6;0.02;6
PIW160120;16;0;0
PIW160120;10;0;0
PIW160120;14;0;0
PIW160120;8;0;0
PIW160120;9;0;0
PIW160120;15;0.32;1
CUB9060;11;0;0
CUB9060;2;0;0
CUB9060;3;0;0
CUB9060;1;0.011;1
CUB9060;4;0.022;1
CUB9060;5;0.055;1
CUB9060;7;0;0
CUB9060;13;0;0
CUB9060;12;0;0
CUB9060;6;0;4
CUB9060;16;0;0
CUB9060;10;0.019;1
CUB9060;14;0.043;2
CUB9060;8;0;0
CUB9060;9;0;0
CUB9060;15;0;0
2041;11;0;0
2041;2;0;0
2041;3;0;0
2041;1;0.068;1
2041;4;0.063;1
2041;5;0;0
2041;7;0;0
2041;13;0;0
2041;12;0;0
2041;6;0;0
2041;16;0;0
2041;10;0;0
2041;14;0;0
2041;8;0;0
2041;9;0.0454;1
2041;15;0;0
SETT01;11;0.1457;1
SETT01;2;0;0
SETT01;3;0.0697;1
SETT01;1;0;0
SETT01;4;0;0
SETT01;5;0;0
SETT01;7;0;0
SETT01;13;0.0634;1
SETT01;12;0;0
SETT01;6;0.038;1
SETT01;16;0;0
SETT01;10;0;0
SETT01;14;0.066;2
SETT01;8;0;0
SETT01;9;0;0
SETT01;15;0.0432;1
SETT02;11;0.0994;1
SETT02;2;0;0
SETT02;3;0.0475;1
SETT02;1;0;0
SETT02;4;0;0
SETT02;5;0;0
SETT02;7;0;0
SETT02;13;0;0
SETT02;12;0;0
SETT02;6;0.0258;1
SETT02;16;0;0
SETT02;10;0;0
SETT02;14;0.033;2
SETT02;8;0;0
SETT02;9;0;0
SETT02;15;0.0432;1
SETT03;11;0.2186;1
SETT03;2;0;0
SETT03;3;0.1045;1
SETT03;1;0;0
SETT03;4;0;0
SETT03;5;0;0
SETT03;7;0;0
SETT03;13;0;0
SETT03;12;0;0
SETT03;6;0.057;1
SETT03;16;0;0
SETT03;10;0;0
SETT03;14;0.066;2
SETT03;8;0;0
SETT03;9;0;0
SETT03;15;0.095;1
SETT04;11;0.308;1
SETT04;2;0;0
SETT04;3;0.1339;1
SETT04;1;0;0
SETT04;4;0;0
SETT04;5;0;0
SETT04;7;0;0
SETT04;13;0;0
SETT04;12;0;0
SETT04;6;0.0804;1
SETT04;16;0;0
SETT04;10;0;0
SETT04;14;0.099;2
SETT04;8;0;0
SETT04;9;0;0
SETT04;15;0.1339;1
SETT05;11;0.0895;1
SETT05;2;0;0
SETT05;3;0.0428;1
SETT05;1;0;0
SETT05;4;0;0
SETT05;5;0;0
SETT05;7;0;0
SETT05;13;0;0
SETT05;12;0;0
SETT05;6;0.0233;1
SETT05;16;0;0
SETT05;10;0;0
SETT05;14;0.099;2
SETT05;8;0;0
SETT05;9;0;0
SETT05;15;0.0389;1
SETT06;11;0.2484;1
SETT06;2;0;0
SETT06;3;0.1188;1
SETT06;1;0;0
SETT06;4;0;0
SETT06;5;0;0
SETT06;7;0;0
SETT06;13;0;0
SETT06;12;0;0
SETT06;6;0.0648;1
SETT06;16;0;0
SETT06;10;0;0
SETT06;14;0.099;2
SETT06;8;0;0
SETT06;9;0;0
SETT06;15;0.108;1
SETT20;11;0.0276;4
SETT20;2;0;0
SETT20;3;0.0856;1
SETT20;1;0.12;7
SETT20;4;0.0944;7
SETT20;5;0;0
SETT20;7;0;0
SETT20;13;0;0
SETT20;12;0;0
SETT20;6;0.0224;2
SETT20;16;0;0
SETT20;10;0;0
SETT20;14;0.0122;2
SETT20;8;0.224;1
SETT20;9;0;0
SETT20;15;0;0
SETT22;11;0.0138;4
SETT22;2;0;0
SETT22;3;0.0428;2
SETT22;1;0.0693;7
SETT22;4;0.0428;7
SETT22;5;0;0
SETT22;7;0;0
SETT22;13;0;0
SETT22;12;0;0
SETT22;6;0.0112;2
SETT22;16;0;0
SETT22;10;0;0
SETT22;14;0.0061;2
SETT22;8;0.147;1
SETT22;9;0;0
SETT22;15;0;0
2021;11;0.0468;4
2021;2;0.056;1
2021;3;0.0624;1
2021;1;0.0342;1
2021;4;0.0404;1
2021;5;0;0
2021;7;0;0
2021;13;0;0
2021;12;0;0
2021;6;0.0248;1
2021;16;0;0
2021;10;0;0
2021;14;0.0156;2
2021;8;0;0
2021;9;0.0712;1
2021;15;0;0
636;11;0;0
636;2;0;0
636;3;0;0
636;1;0;0
636;4;0;0
636;5;0;0
636;7;0;0
636;13;0;0
636;12;0;0
636;6;0;0
636;16;0;0
636;10;0.01;1
636;14;0.083;2
636;8;0;0
636;9;0;0
636;15;0;0
UEL140;11;0.018;3
UEL140;2;0.066;7
UEL140;3;0.148;7
UEL140;1;0.029;2
UEL140;4;0.032;2
UEL140;5;0.165;2
UEL140;7;0;0
UEL140;13;0;0
UEL140;12;0;0
UEL140;6;0.02;7
UEL140;16;0;0
UEL140;10;0.109;1
UEL140;14;0.043;2
UEL140;8;0;0
UEL140;9;0;0
UEL140;15;0;0
IW16090;11;0.032;4
IW16090;2;0.06;3
IW16090;3;0;1
IW16090;1;0.018;4
IW16090;4;0;0
IW16090;5;0;0
IW16090;13;0.042;8
IW16090;12;0;0
IW16090;6;0.02;6
IW16090;16;0;0
IW16090;10;0;0
IW16090;14;0;0
IW16090;7;0.008;2
IW16090;8;0;0
IW16090;9;0;0
IW16090;15;0.204;1
F4855;11;0.002;2
F4855;2;0.44;8
F4855;3;0.11;4
F4855;1;0.046;1
F4855;4;0.043;1
F4855;5;0.191;1
F4855;7;0;0
F4855;13;0;0
F4855;12;0;0
F4855;6;0.02;5
F4855;16;0;0
F4855;10;0.102;1
F4855;14;0;0
F4855;8;0;0
F4855;9;0;0
F4855;15;0;0
F4856;11;0.093;1
F4856;2;0.11;8
F4856;3;0.108;4
F4856;1;0.057;2
F4856;4;0.022;2
F4856;5;0.095;1
F4856;7;0;0
F4856;13;0;0
F4856;12;0;0
F4856;6;0.02;5
F4856;16;0;0
F4856;10;0.102;1
F4856;14;0;0
F4856;8;0;0
F4856;9;0;0
F4856;15;0;0
149SA;11;0;0
149SA;2;0;0
149SA;3;0;0
149SA;1;0.029;1
149SA;4;0.022;1
149SA;5;0.022;1
149SA;7;0;0
149SA;13;0;0
149SA;12;0;0
149SA;6;0;0
149SA;16;0;0
149SA;10;0.019;1
149SA;14;0.043;2
149SA;8;0;0
149SA;9;0;0
149SA;15;0;0
7-95MWFAB;11;0;0
7-95MWFAB;2;0;0
7-95MWFAB;3;0;0
7-95MWFAB;1;0;0
7-95MWFAB;4;0;0
7-95MWFAB;5;0;0
7-95MWFAB;13;0;0
7-95MWFAB;12;0;0
7-95MWFAB;6;0;0
7-95MWFAB;16;0.104;1
7-95MWFAB;10;0;0
7-95MWFAB;14;0;0
7-95MWFAB;8;0;0
7-95MWFAB;9;0;0
7-95MWFAB;15;0;0
MR202N;11;0.045;2
MR202N;2;0;0
MR202N;3;0.055;1
MR202N;1;0;0
MR202N;4;0;0
MR202N;5;0;0
MR202N;13;0;0
MR202N;12;0;0
MR202N;6;0.002;1
MR202N;16;0.03;1
MR202N;10;0;0
MR202N;14;0.043;2
MR202N;8;0;0
MR202N;9;0;0
MR202N;15;0;0
MOB-04.2;11;0;0
MOB-04.2;2;0;0
MOB-04.2;3;0;0
MOB-04.2;1;0.24;41
MOB-04.2;4;0.21;41
MOB-04.2;5;0;0
MOB-04.2;7;0;0
MOB-04.2;13;0;0
MOB-04.2;12;0;0
MOB-04.2;6;0;0
MOB-04.2;16;0;0
MOB-04.2;10;0;0
MOB-04.2;14;0;0
MOB-04.2;8;0;0
MOB-04.2;9;0.779;1
MOB-04.2;15;0;0
F4853;11;0.019;1
F4853;2;0;0
F4853;3;0.015;1
F4853;1;0;0
F4853;4;0;0
F4853;5;0;0
F4853;13;0;0
F4853;12;0;0
F4853;6;0.009;1
F4853;16;0;0
F4853;10;0.011;1
F4853;14;0;0
F4853;8;0;0
F4853;9;0;0
F4853;15;0;0
545;11;0;0
545;2;0.72;6
545;3;0.18;16
545;1;0.6;11
545;4;0.48;11
545;5;0.6;11
545;13;0;0
545;12;0;0
545;6;0.3;16
545;16;0;0
545;10;0.54;1
545;14;0.18;2
545;8;0;0
545;9;0;0
545;15;0;0
330;11;0.0047;1
330;2;0.05;1
330;3;0;0
330;1;0;0
330;4;0;0
330;5;0;0
330;7;0;0
330;13;0.0226;1
330;12;0;0
330;6;0.005;1
330;16;0;0
330;10;0;0
330;14;0;0
330;8;0;0
330;9;0;0
330;15;0.055;1
UEB120;11;0.012;1
UEB120;2;0.08;6
UEB120;3;0.064;4
UEB120;1;0.029;1
UEB120;4;0.022;1
UEB120;5;0.095;1
UEB120;7;0;0
UEB120;13;0;0
UEB120;12;0;0
UEB120;6;0.02;4
UEB120;16;0;0
UEB120;10;0.019;1
UEB120;14;0;0
UEB120;8;0;0
UEB120;9;0;0
UEB120;15;0;0
UMJ150;11;0.024;2
UMJ150;2;0.08;6
UMJ150;3;0.064;4
UMJ150;1;0.029;1
UMJ150;4;0.022;1
UMJ150;5;0.095;1
UMJ150;7;0;0
UMJ150;13;0;0
UMJ150;12;0;0
UMJ150;6;0.02;4
UMJ150;16;0;0
UMJ150;10;0.019;1
UMJ150;14;0;0
UMJ150;8;0;0
UMJ150;9;0;0
UMJ150;15;0;0
216;11;0;0
216;2;0;0
216;3;0;0
216;1;0;0
216;4;0;0
216;5;0;0
216;13;0;0
216;12;0.0205;1
216;6;0;0
216;16;0.104;1
216;10;0;0
216;14;0;0
216;8;0;0
216;9;0;0
216;15;0;0
PIW120120;11;0.032;4
PIW120120;2;0.06;3
PIW120120;3;0.02;1
PIW120120;1;0.018;4
PIW120120;4;0;0
PIW120120;5;0;0
PIW120120;7;0.008;1
PIW120120;13;0.019;9
PIW120120;12;0;0
PIW120120;6;0.02;9
PIW120120;16;0;0
PIW120120;10;0;0
PIW120120;14;0;0
PIW120120;8;0;0
PIW120120;9;0;0
PIW120120;15;0.288;1
PIW16075;11;0.032;4
PIW16075;2;0.06;3
PIW16075;3;0.02;1
PIW16075;1;0.018;4
PIW16075;4;0;0
PIW16075;5;0;0
PIW16075;7;0.008;2
PIW16075;13;0.019;9
PIW16075;12;0;0
PIW16075;6;0.02;6
PIW16075;16;0;0
PIW16075;10;0;0
PIW16075;14;0;0
PIW16075;8;0;0
PIW16075;9;0;0
PIW16075;15;0.288;1
CUBP15060;11;0;0
CUBP15060;2;0;0
CUBP15060;3;0;4
CUBP15060;1;0.039;1
CUBP15060;4;0.032;1
CUBP15060;5;0.095;1
CUBP15060;7;0;0
CUBP15060;13;0;0
CUBP15060;12;0;0
CUBP15060;6;0;4
CUBP15060;16;0;0
CUBP15060;10;0.019;1
CUBP15060;14;0.043;2
CUBP15060;8;0;0
CUBP15060;9;0;0
CUBP15060;15;0;0
461;11;0.02;1
461;2;0;0
461;3;0;0
461;1;0;0
461;4;0;0
461;5;0;0
461;13;0;0
461;12;0.0205;1
461;6;0.014;1
461;16;0.104;1
461;10;0;0
461;14;0;0
461;8;0;0
461;9;0;0
461;15;0;0
F4869;11;0.093;4
F4869;2;0;0
F4869;3;0.064;3
F4869;1;0.046;1
F4869;4;0.043;1
F4869;5;0.045;1
F4869;7;0;0
F4869;13;0;0
F4869;12;0;0
F4869;6;0.02;3
F4869;16;0;0
F4869;10;0.027;1
F4869;14;0;0
F4869;8;0;0
F4869;9;0;0
F4869;15;0;0
227;11;0.0576;2
227;2;0;0
227;3;0;0
227;1;0.0907;7
227;4;0.1728;7
227;5;0;0
227;7;0;0
227;13;0;0
227;12;0;0
227;6;0.0173;2
227;16;0;0
227;10;0;0
227;14;0.0288;2
227;8;0;0
227;9;0.4608;1
227;15;0;0
F2856;11;0.002;12
F2856;2;0.15;8
F2856;3;0.0996;9
F2856;1;0.084;11
F2856;4;0.078;11
F2856;5;0.095;3
F2856;7;0;0
F2856;13;0;0
F2856;12;0;0
F2856;6;0.0372;9
F2856;16;0;0
F2856;10;0.03;1
F2856;14;0;0
F2856;8;0.077;1
F2856;9;0;0
F2856;15;0;0
IW12075;11;0.032;4
IW12075;2;0.06;3
IW12075;3;0;0
IW12075;1;0.018;4
IW12075;4;0;0
IW12075;5;0;0
IW12075;7;0.008;2
IW12075;13;0.019;8
IW12075;12;0;0
IW12075;6;0.02;6
IW12075;16;0;0
IW12075;10;0;0
IW12075;14;0;0
IW12075;8;0;0
IW12075;9;0;0
IW12075;15;0.296;1
F4876;11;0;0
F4876;2;0;0
F4876;3;0.192;3
F4876;1;0.03;1
F4876;4;0.007;1
F4876;5;0.051;1
F4876;13;0;0
F4876;12;0;0
F4876;6;0.0096;1
F4876;16;0;0
F4876;10;0.03;1
F4876;14;0;0
F4876;8;0;0
F4876;9;0;0
F4876;15;0;0
BASE-911;11;0;0
BASE-911;2;0;0
BASE-911;3;0;0
BASE-911;1;0.12;10
BASE-911;4;0;0
BASE-911;5;0;0
BASE-911;13;0;0
BASE-911;12;0;0
BASE-911;6;0;0
BASE-911;16;0.31;31
BASE-911;10;0;0
BASE-911;14;0;0
BASE-911;8;0;0
BASE-911;9;0;0
BASE-911;15;0;0
F4890;11;0.0084;1
F4890;2;0.03;1
F4890;3;0;0
F4890;1;0;0
F4890;4;0;0
F4890;5;0;0
F4890;7;0;0
F4890;13;0.0226;2
F4890;12;0;0
F4890;6;0.005;2
F4890;16;0;0
F4890;10;0;0
F4890;14;0;0
F4890;8;0;0
F4890;9;0;0
F4890;15;0.049;1
186;11;0.0468;1
186;2;0.0624;4
186;3;0.0437;3
186;1;0.0468;1
186;4;0.0368;1
186;5;0.0468;1
186;7;0;0
186;13;0;0
186;12;0;0
186;6;0.0156;3
186;16;0;0
186;10;0.0406;1
186;14;0.0094;2
186;8;0;0
186;9;0;0
186;15;0.049;0
325CC;11;0.0047;1
325CC;2;0.05;1
325CC;3;0;0
325CC;1;0;0
325CC;4;0;0
325CC;5;0;0
325CC;7;0;0
325CC;13;0.0226;2
325CC;12;0;0
325CC;6;0.005;2
325CC;16;0;0
325CC;10;0;0
325CC;14;0;0
325CC;8;0;0
325CC;9;0;0
325CC;15;0.055;1
BASE-911;17;0;0
BASE-912;11;0;0
BASE-912;2;0;0
BASE-912;3;0;0
BASE-912;1;0.12;16
BASE-912;4;0;0
BASE-912;5;0;0
BASE-912;13;0;0
BASE-912;12;0;0
BASE-912;6;0;0
BASE-912;16;0.31;31
BASE-912;10;0;0
BASE-912;14;0;0
BASE-912;8;0;0
BASE-912;9;0;0
BASE-912;15;0;0
BASE-912;17;0;0
BASE-913;11;0;0
BASE-913;2;0;0
BASE-913;3;0;0
BASE-913;1;0.12;16
BASE-913;4;0;0
BASE-913;5;0;0
BASE-913;13;0;0
BASE-913;12;0;0
BASE-913;6;0;0
BASE-913;16;0.31;31
BASE-913;10;0;0
BASE-913;14;0;0
BASE-913;8;0;0
BASE-913;9;0;0
BASE-913;15;0;0
K16BW03;11;0.02;2
K16BW03;2;0.051;10
K16BW03;3;0;0
K16BW03;1;0.0213;2
K16BW03;4;0;0
K16BW03;5;0;0
K16BW03;7;0;0
K16BW03;13;0.097;3
K16BW03;12;0;0
K16BW03;6;0.05;6
K16BW03;16;0;0
K16BW03;10;0;0
K16BW03;14;0;0
K16BW03;8;0;0
K16BW03;9;0;0
K16BW03;15;0;0
K16BW03;17;0;0
607;11;0;0
607;2;0.0968;2
607;3;0.06;3
607;1;0.1003;7
607;4;0.1305;7
607;5;0;0
607;7;0;0
607;13;0;0
607;12;0;0
607;6;0.0033;3
607;16;0;0
607;10;0;0
607;14;0.022;2
607;8;0;0
607;9;0.4073;1
607;15;0;0
607;17;0;0
F4887;11;0.0412;3
F4887;2;0;0
F4887;3;0.0495;1
F4887;1;0.0941;3
F4887;4;0.0975;3
F4887;5;0.1816;3
F4887;7;0;0
F4887;13;0;0
F4887;12;0;0
F4887;6;0.1247;2
F4887;16;0;0
F4887;10;0.0647;1
F4887;14;0;0
F4887;8;0;0
F4887;9;0;0
F4887;15;0;0
F4887;17;0;0
153SA;11;0;0
153SA;2;0;0
153SA;3;0;0
153SA;1;0.029;1
153SA;4;0.022;1
153SA;5;0.022;1
153SA;7;0;0
153SA;13;0;0
153SA;12;0;0
153SA;6;0;0
153SA;16;0;0
153SA;10;0.019;1
153SA;14;0.043;2
153SA;8;0;0
153SA;9;0;0
153SA;15;0;0
153SA;17;0;0
18090;11;0.0336;4
18090;2;0.1344;3
18090;3;0.0336;1
18090;1;0.0538;4
18090;4;0;0
18090;5;0;0
18090;7;0.0336;2
18090;13;0.168;5
18090;12;0;0
18090;6;0.0269;5
18090;16;0;0
18090;10;0;0
18090;14;0;0
18090;8;0;0
18090;9;0;0
18090;15;0.1882;1
18090;17;0;0
F4894;11;0.0112;2
F4894;2;0.0899;4
F4894;3;0.2006;4
F4894;1;0.1809;2
F4894;4;0.2056;2
F4894;5;0.2106;2
F4894;7;0;0
F4894;13;0;0
F4894;12;0;0
F4894;6;0.0768;6
F4894;16;0;0
F4894;10;0.1021;1
F4894;14;0;0
F4894;8;0;0
F4894;9;0;0
F4894;15;0;0
F4894;17;0;0
F4895;11;0.0112;2
F4895;2;0.0899;4
F4895;3;0.2006;4
F4895;1;0.1809;2
F4895;4;0.2056;2
F4895;5;0.2106;2
F4895;7;0;0
F4895;13;0;0
F4895;12;0;0
F4895;6;0.0768;6
F4895;16;0;0
F4895;10;0.1021;1
F4895;14;0;0
F4895;8;0;0
F4895;9;0;0
F4895;15;0;0
F4895;17;0;0
PIW16090;11;0.032;5
PIW16090;2;0.06;3
PIW16090;3;0.0338;2
PIW16090;1;0.018;2
PIW16090;4;0;0
PIW16090;5;0;0
PIW16090;7;0;0
PIW16090;13;0.019;9
PIW16090;12;0;0
PIW16090;6;0.02;6
PIW16090;16;0;0
PIW16090;10;0;0
PIW16090;14;0;0
PIW16090;8;0;0
PIW16090;9;0;0
PIW16090;15;0.288;1
1109;11;0;0
1109;2;0.2508;6
1109;3;0.264;4
1109;1;0.066;1
1109;4;0.1584;1
1109;5;0.1116;1
1109;7;0;0
1109;13;0;0
1109;12;0;0
1109;6;0.066;4
1109;16;0;0
1109;10;0.1188;1
1109;14;0.0792;2
1109;8;0;0
1109;9;0;0
1109;15;0;0
22001011;11;0;0
22001011;2;0.022;10
22001011;3;0;0
22001011;1;0;0
22001011;4;0;0
22001011;5;0;0
22001011;7;0;0
22001011;13;0;0
22001011;12;0.021935;1
22001011;6;0;0
22001011;16;0;0
22001011;10;0;0
22001011;14;0;0
22001011;8;0;0
22001011;9;0;0
22001011;15;0;0
BASE-913;17;0;0
2020;11;0;0
2020;2;0.0345;1
2020;3;0.0384;1
2020;1;0.0211;1
2020;4;0.0249;1
2020;5;0;0
2020;7;0;0
2020;13;0;0
2020;12;0;0
2020;6;0.0153;1
2020;16;0;0
2020;10;0;0
2020;14;0;0
2020;8;0;0
2020;9;0.0392;1
2020;15;0;0
2020;17;0;0
2006;11;0;0
2006;2;0;0
2006;3;0;0
2006;1;0.139;8
2006;4;0.2413;8
2006;5;0.0787;8
2006;7;0;0
2006;13;0;0
2006;12;0;0
2006;6;0;0
2006;16;0;0
2006;10;0;0
2006;14;0.0405;2
2006;8;0;0
2006;9;0.5607;1
2006;15;0;0
2006;17;0;0
2008;11;0;0
2008;2;0;0
2008;3;0;0
2008;1;0.2109;10
2008;4;0.2045;10
2008;5;0;0
2008;7;0;0
2008;13;0;0
2008;12;0;0
2008;6;0;0
2008;16;0;0
2008;10;0;0
2008;14;0.036;2
2008;8;0;0
2008;9;0.6165;1
2008;15;0;0
2008;17;0;0
247;11;0;0
247;2;0.117;10
247;3;0.155;10
247;1;0.0784;1
247;4;0.0568;1
247;5;0.0236;1
247;7;0;0
247;13;0;0
247;12;0;0
247;6;0.0432;10
247;16;0;0
247;10;0.1047;1
247;14;0.034;1
247;8;0;0
247;9;0;0
247;15;0;0
247;17;0;0
F4910;11;0;0
F4910;2;0;0
F4910;3;0;0
F4910;1;0.0784;1
F4910;4;0.0568;1
F4910;5;0.0236;1
F4910;7;0;0
F4910;13;0;0
F4910;12;0;0
F4910;6;0;0
F4910;16;0;0
F4910;10;0.0419;1
F4910;14;0;0
F4910;8;0;0
F4910;9;0;0
F4910;15;0;0
F4910;17;0;0
558;11;0.1392;3
558;2;0.0974;8
558;3;0.1392;4
558;1;0.1392;6
558;4;0.2088;6
558;5;0;0
558;7;0;0
558;13;0.2784;9
558;12;0;0
558;6;0.1392;3
558;16;0;0
558;10;0;0
558;14;0.0696;2
558;8;0;0
558;9;0.181;1
558;15;0;0
558;17;0;0
559;11;0.12;6
559;2;0.084;9
559;3;0.12;4
559;1;0.12;4
559;4;0.18;4
559;5;0;0
559;7;0;0
559;13;0.24;9
559;12;0;0
559;6;0.12;2
559;16;0;0
559;10;0;0
559;14;0.06;2
559;8;0;0
559;9;0.156;1
559;15;0;0
559;17;0;0
535B;11;0.12;6
535B;2;0;0
535B;3;0;0
535B;1;0;0
535B;4;0.0614;1
535B;5;0.0325;1
535B;7;0.0418;1
535B;13;0;0
535B;12;0;0
535B;6;0;0
535B;16;0;0
535B;10;0.0186;1
535B;14;0.0737;1
535B;8;0;0
535B;9;0;0
535B;15;0;0
535B;17;0;0
535A;11;0;0
535A;2;0;0
535A;3;0;0
535A;1;0.0614;1
535A;4;0.0325;1
535A;5;0.0418;1
535A;7;0;0
535A;13;0;0
535A;12;0;0
535A;6;0;0
535A;16;0;0
535A;10;0.0737;1
535A;14;0.0186;2
535A;8;0;0
535A;9;0;0
535A;15;0;0
535A;17;0;0
808A;11;0;0
808A;2;0;0
808A;3;0;0
808A;1;0.0614;1
808A;4;0.0325;1
808A;5;0.0418;1
808A;7;0;0
808A;13;0;0
808A;12;0;0
808A;6;0;0
808A;16;0;0
808A;10;0.0737;1
808A;14;0.0186;2
808A;8;0;0
808A;9;0;0
808A;15;0;0
808A;17;0;0
807;11;0.1704;6
807;2;0.426;10
807;3;0.2045;7
807;1;0.315;4
807;4;0.0258;4
807;5;0.2556;4
807;7;0;0
807;13;0;0
807;12;0;0
807;6;0.0852;11
807;16;0;0
807;10;0.1704;1
807;14;0.0511;4
807;8;0;0
807;9;0;0
807;15;0;0
807;17;0;0
620;11;0;0
620;2;0.1584;2
620;3;0.0792;3
620;1;0.0634;1
620;4;0.0634;1
620;5;0.0624;1
620;7;0;0
620;13;0;0
620;12;0;0
620;6;0.0264;3
620;16;0;0
620;10;0.0528;1
620;14;0.0158;2
620;8;0;0
620;9;0;0
620;15;0;0
620;17;0;0
F4753;11;0.04135;16
F4753;2;0.124;3
F4753;3;0.124;6
F4753;1;0.124;6
F4753;4;0.0992;6
F4753;5;0.124;6
F4753;7;0;0
F4753;13;0;0
F4753;12;0;0
F4753;6;0.04135;6
F4753;16;0;0
F4753;10;0;0
F4753;14;0;0
F4753;8;0;0
F4753;9;0.10745;1
F4753;15;0;0
F4753;17;0;0
F4913;11;0;0
F4913;2;0;0
F4913;3;0;0
F4913;1;0.2344;13
F4913;4;0.4531;13
F4913;5;0.3125;13
F4913;7;0;0
F4913;13;0;0
F4913;12;0;0
F4913;6;0;0
F4913;16;0;0
F4913;10;0.2344;1
F4913;14;0;0
F4913;8;0;0
F4913;9;0;0
F4913;15;0;0
F4913;17;0;0
2040;11;0;0
2040;2;0;0
2040;3;0;0
2040;1;0.035;1
2040;4;0.0375;1
2040;5;0.023;1
2040;7;0;0
2040;13;0;0
2040;12;0;0
2040;6;0;0
2040;16;0;0
2040;10;0;0
2040;14;0.017;2
2040;8;0;0
2040;9;0.027;1
2040;15;0;0
2040;17;0;0
1120;11;0.016;4
1120;2;0.168;6
1120;3;0;0
1120;1;0.084;1
1120;4;0;0
1120;5;0.126;1
1120;7;0;0
1120;13;0.168;4
1120;12;0;0
1120;6;0.0672;4
1120;16;0;0
1120;10;0;0
1120;14;0.042;2
1120;8;0;0
1120;9;0;0
1120;15;0.1848;1
1120;17;0;0
F4896;11;0;0
F4896;2;0.0263;1
F4896;3;0.1645;1
F4896;1;0.198;22
F4896;4;0.8541;22
F4896;5;0;0
F4896;7;0;0
F4896;13;0;0
F4896;12;0;0
F4896;6;0.0135;1
F4896;16;0;0
F4896;10;0;0
F4896;14;0;0
F4896;8;0;0
F4896;9;1.3185;1
F4896;15;0;0
F4896;17;0;0
314;11;0;0
314;2;0;0
314;3;0;0
314;1;0.087;9
314;4;0.1335;9
314;5;0;0
314;7;0;0
314;13;0;0
314;12;0;0
314;6;0;0
314;16;0;0
314;10;0;0
314;14;0;0
314;8;0;0
314;9;0.1481;1
314;15;0;0
314;17;0;0
F4892;11;0;0
F4892;2;0;0
F4892;3;0;0
F4892;1;0.0208;3
F4892;4;0;0
F4892;5;0;0
F4892;7;0.0464;1
F4892;13;0;0
F4892;12;0;0
F4892;6;0;0
F4892;16;0.5241;1
F4892;10;0;0
F4892;14;0;0
F4892;8;0;0
F4892;9;0;0
F4892;15;0;0
F4892;17;0;0
1123;11;0;0
1123;2;0;0
1123;3;0;0
1123;1;0.02075;2
1123;4;0;0
1123;5;0;0
1123;7;0.0463875;1
1123;13;0;0
1123;12;0;0
1123;6;0;0
1123;16;0;0
1123;10;0.5241;1
1123;14;0.01904375;2
1123;8;0;0
1123;9;0;0
1123;15;0;0
1123;17;0;0
F3590;11;0;0
F3590;2;0.24;10
F3590;3;0.108;10
F3590;1;0.036;14
F3590;4;0.072;14
F3590;5;0.108;14
F3590;7;0;0
F3590;13;0;0
F3590;12;0;0
F3590;6;0.024;10
F3590;16;0;0
F3590;10;0.72;1
F3590;14;0;0
F3590;8;0;0
F3590;9;0;0
F3590;15;0;0
F3590;17;0;0
F2866;11;0.1284;14
F2866;2;0.0912;4
F2866;3;0.0996;9
F2866;1;0.084;10
F2866;4;0.078;10
F2866;5;0.1082;2
F2866;7;0;0
F2866;13;0;0
F2866;12;0;0
F2866;6;0.0372;9
F2866;16;0;0
F2866;10;0.0408;1
F2866;14;0;0
F2866;8;0.061573333;1
F2866;9;0;0
F2866;15;0;0
F2866;17;0;0
F4957;11;0.0158;1
F4957;2;0.113;12
F4957;3;0.026;5
F4957;1;0.0315;1
F4957;4;0.0097;1
F4957;5;0.0255;1
F4957;7;0;0
F4957;13;0;0
F4957;12;0;0
F4957;6;0.041;5
F4957;16;0;0
F4957;10;0.0528;1
F4957;14;0;0
F4957;8;0;0
F4957;9;0;0
F4957;15;0;0
F4957;17;0;0
2010;11;0;0
2010;2;0;0
2010;3;0;0
2010;1;0.2111;10
2010;4;0.2642;10
2010;5;0;0
2010;7;0;0
2010;13;0;0
2010;12;0;0
2010;6;0;0
2010;16;0;0
2010;10;0;0
2010;14;0.036;4
2010;8;0;0
2010;9;0.6161;1
2010;15;0;0
2010;17;0;0
838;11;0;0
838;2;0;0
838;3;0;0
838;1;0;0
838;4;0;0
838;5;0;0
838;7;0.05;1
838;13;0;0
838;12;0;0
838;6;0;0
838;16;0.12;1
838;10;0;0
838;14;0;0
838;8;0;0
838;9;0;0
838;15;0;0
F4926;11;0;0
F4926;2;0.0203;8
F4926;3;0;0
F4926;1;0.0703;2
F4926;4;0;0
F4926;5;0;0
F4926;7;0.025;2
F4926;13;0;0
F4926;12;0;0
F4926;6;0;0
F4926;16;0;0
F4926;10;0.1175;1
F4926;14;0;0
F4926;8;0;0
F4926;9;0;0
F4926;15;0;0
F4926;17;0;0
F4924;11;0;0
F4924;2;0.0203;8
F4924;3;0;0
F4924;1;0.0703;2
F4924;4;0;0
F4924;5;0;0
F4924;7;0.025;2
F4924;13;0;0
F4924;12;0;0
F4924;6;0;0
F4924;16;0;0
F4924;10;0;0
F4924;14;0;0
F4924;8;0;0
F4924;9;0;0
F4924;15;0.1175;1
F4924;17;0;0
F4923;11;0;0
F4923;2;0.0203;8
F4923;3;0;0
F4923;1;0.0703;2
F4923;4;0;0
F4923;5;0;0
F4923;7;0.025;2
F4923;13;0;0
F4923;12;0;0
F4923;6;0;0
F4923;16;0;0
F4923;10;0;0
F4923;14;0;0
F4923;8;0;0
F4923;9;0;0
F4923;15;0.1175;1
F4923;17;0;0
F4920;11;0;0
F4920;2;0.0203;8
F4920;3;0;0
F4920;1;0.0703;2
F4920;4;0;0
F4920;5;0;0
F4920;7;0.025;2
F4920;13;0;0
F4920;12;0;0
F4920;6;0;0
F4920;16;0;0
F4920;10;0;0
F4920;14;0;0
F4920;8;0;0
F4920;9;0;0
F4920;15;0.1175;1
F4920;17;0;0
F4931;11;0;0
F4931;2;0;0
F4931;3;0;0
F4931;1;0.1304;7
F4931;4;0.1858;7
F4931;5;0;0
F4931;7;0;0
F4931;13;0;0
F4931;12;0;0
F4931;6;0;0
F4931;16;0;0
F4931;10;0;0
F4931;14;0;0
F4931;8;0;0
F4931;9;0.4334;1
F4931;15;0;0
F4931;17;0;0
2043;11;0;0
2043;2;0;0
2043;3;0;0
2043;1;0.032266667;1
2043;4;0.0252;1
2043;5;0;0
2043;7;0;0
2043;13;0;0
2043;12;0;0
2043;6;0;0
2043;16;0;0
2043;10;0;0
2043;14;0.016733333;2
2043;8;0;0
2043;9;0.327;1
2043;15;0;0
2043;17;0;0
F4929;11;0.0061;11
F4929;2;0;0
F4929;3;0.078;2
F4929;1;0.069;7
F4929;4;0.081;7
F4929;5;0;0
F4929;13;0;0
F4929;12;0;0
F4929;6;0.014;1
F4929;16;0;0
F4929;10;0;0
F4929;14;0;0
F4929;8;0;0
F4929;9;0.183;1
F4929;15;0;0
F4929;17;0;0
F4914;11;0.0605;12
F4914;2;0.0725;4
F4914;3;0.0806;2
F4914;1;0.0823;3
F4914;4;0.0893;3
F4914;5;0;0
F4914;13;0;0
F4914;12;0;0
F4914;6;0.0337;2
F4914;16;0;0
F4914;10;0;0
F4914;14;0;0
F4914;8;0;0
F4914;9;0.113;1
F4914;15;0;0
F4914;17;0;0
F4915;11;0.056;12
F4915;2;0.069;4
F4915;3;0.0648;2
F4915;1;0.4276;14
F4915;4;0.3833;14
F4915;5;0;0
F4915;13;0;0
F4915;12;0;0
F4915;6;0.0312;2
F4915;16;0;0
F4915;10;0;0
F4915;14;0;0
F4915;8;0;0
F4915;9;1.1027;1
F4915;15;0;0
F4915;17;0;0
F4940B;11;0.02915;2
F4940B;2;0;0
F4940B;3;0;0
F4940B;1;0.026;1
F4940B;4;0.0291;1
F4940B;5;0.0191;1
F4940B;13;0;0
F4940B;12;0;0
F4940B;6;0.0312;2
F4940B;16;0;0
F4940B;10;0.01945;1
F4940B;14;0;0
F4940B;8;0;0
F4940B;9;0;0
F4940B;15;0;0
F4940B;17;0;0
F4940A;11;0;0
F4940A;2;0;0
F4940A;3;0;0
F4940A;1;0.066;4
F4940A;4;0.0589;4
F4940A;5;0.0744;4
F4940A;13;0;0
F4940A;12;0;0
F4940A;6;0;0
F4940A;16;0;0
F4940A;10;0.0558;1
F4940A;14;0;0
F4940A;8;0;0
F4940A;9;0;0
F4940A;15;0;0
F4940A;17;0;0
F2855;11;0.132;12
F2855;2;0.0777;4
F2855;3;0.1037;6
F2855;1;0.084;10
F2855;4;0.0816;10
F2855;5;0.1118;2
F2855;13;0;0
F2855;12;0;0
F2855;6;0.0384;6
F2855;16;0;0
F2855;10;0.0432;1
F2855;14;0;0
F2855;8;0.0706;1
F2855;9;0;0
F2855;15;0;0
F2855;17;0;0
F4928;11;0.176;46
F4928;2;0.1214;11
F4928;3;0.506;17
F4928;1;0.9139;115
F4928;4;2.628;115
F4928;5;0;0
F4928;13;0;0
F4928;12;0;0
F4928;6;0.083;17
F4928;16;0;0
F4928;10;0;0
F4928;14;0;0
F4928;8;0;0
F4928;9;4.116;1
F4928;15;0;0
F4928;17;0;0
F3903;11;0.2801;2
F3903;2;0.3618;7
F3903;3;0.3276;7
F3903;1;0.0872;1
F3903;4;0.1994;1
F3903;5;0.2534;1
F3903;7;0;0
F3903;13;0;0
F3903;12;0;0
F3903;6;0.1404;7
F3903;16;0;0
F3903;10;0.2959;1
F3903;14;0;0
F3903;8;0;0
F3903;9;0;0
F3903;15;0;0
F3903;17;0;0
F4868A;11;0.03;15
F4868A;2;0;0
F4868A;3;0.11;3
F4868A;1;0.027;2
F4868A;4;0.023;2
F4868A;5;0;0
F4868A;7;0;0
F4868A;13;0.167;1
F4868A;12;0;0
F4868A;6;0.014;4
F4868A;16;0;0
F4868A;10;0;0
F4868A;14;0;0
F4868A;8;0.147;1
F4868A;9;0;0
F4868A;15;0;0
F4868A;17;0;0
705;11;0;0
705;2;0;0
705;3;0;0
705;1;0.192;12
705;4;0.2044;12
705;5;0;0
705;7;0;0
705;13;0;0
705;12;0;0
705;6;0;0
705;16;0;0
705;10;0;0
705;14;0.011;2
705;8;0;0
705;9;0.1396;1
705;15;0;0
705;17;0;0
F4959;11;0.018;2
F4959;2;0.066;10
F4959;3;0.029;7
F4959;1;0.032;3
F4959;4;0.165;3
F4959;5;0.165;3
F4959;7;0;0
F4959;13;0;0
F4959;12;0;0
F4959;6;0.02;8
F4959;16;0;0
F4959;10;0.109;1
F4959;14;0;0
F4959;8;0;0
F4959;9;0;0
F4959;15;0;0
F4959;17;0;0
21818;11;0;0
21818;2;0;0
21818;3;0;0
21818;1;1.53;17
21818;4;1.0842;17
21818;5;0.2658;17
21818;7;0;0
21818;13;0;0
21818;12;0;0
21818;6;0;0
21818;16;0;0
21818;10;1.2;1
21818;14;0.083;4
21818;8;0;0
21818;9;0;0
21818;15;0;0
21818;17;0;0
F4991;11;0;0
F4991;2;0.06;2
F4991;3;0.06;3
F4991;1;0.047;2
F4991;4;0.022;2
F4991;5;0.065;2
F4991;7;0;0
F4991;13;0;0
F4991;12;0;0
F4991;6;0.002;3
F4991;16;0;0
F4991;10;0.092;1
F4991;14;0;0
F4991;8;0;0
F4991;9;0;0
F4991;15;0;0
900S;11;0;0
900S;2;0;0
900S;3;0;0
900S;1;0;0
900S;4;0;0
900S;5;0;0
900S;7;0;0
900S;13;0;0
900S;12;0;0
900S;6;0;0
900S;16;0;0
900S;10;0;0
900S;14;0;0
900S;8;0;0
900S;9;0;0
900S;15;0;0
900S;17;0.2906;1
CUBIERTA919/929;11;0;0
CUBIERTA919/929;2;0;0
CUBIERTA919/929;3;0;0
CUBIERTA919/929;1;0.039;1
CUBIERTA919/929;4;0.032;1
CUBIERTA919/929;5;0.095;1
CUBIERTA919/929;7;0;0
CUBIERTA919/929;13;0;0
CUBIERTA919/929;12;0;0
CUBIERTA919/929;6;0;0
CUBIERTA919/929;16;0.019;1
CUBIERTA919/929;10;0;0
CUBIERTA919/929;14;0;0
CUBIERTA919/929;8;0;0
CUBIERTA919/929;9;0;0
CUBIERTA919/929;15;0;0
22401013;11;0;0
22401013;2;0.0216;1
22401013;3;0;0
22401013;1;0;0
22401013;4;0;0
22401013;5;0;0
22401013;7;0;0
22401013;13;0;0
22401013;12;0;0
22401013;6;0;0
22401013;16;0;0
22401013;10;0;0
22401013;14;0;0
22401013;8;0;0
22401013;9;0;0
22401013;15;0;0
22401013;17;0;0
597;11;0;0
597;2;0;0
597;3;0;0
597;1;0;0
597;4;0;0
597;5;0;0
597;7;0;0
597;13;0;0
597;12;0;0
597;6;0;0
597;16;0;0
597;10;0.0528;1
597;14;0.0264;2
597;8;0;0
597;9;0;0
597;15;0;0
597;17;0;0
STRCST;11;0;0
STRCST;2;0;0
STRCST;3;0.08;1
STRCST;1;0.406;12
STRCST;4;0.25;12
STRCST;5;0;0
STRCST;7;0;0
STRCST;13;0;0
STRCST;12;0;0
STRCST;6;0.053;1
STRCST;16;0;0
STRCST;10;0;0
STRCST;14;0.08;4
STRCST;8;0;0
STRCST;9;0.6085;1
STRCST;15;0;0
STRCST;17;0;0
265;11;0.0464;4
265;2;0.2083;8
265;3;0.2473;3
265;1;0.0344;1
265;4;0.023;1
265;5;0.0547;1
265;7;0;0
265;13;0;0
265;12;0;0
265;6;0.0331;3
265;16;0;0
265;10;0.0583;1
265;14;0.0324;2
265;8;0;0
265;9;0;0
265;15;0;0
265;17;0;0
F3538;11;0.6912;1
F3538;2;0.8295;26
F3538;3;0.7834;4
F3538;1;0.288;8
F3538;4;0.6912;8
F3538;5;0.4608;1
F3538;7;0;0
F3538;13;0;0
F3538;12;0;0
F3538;6;0.2304;4
F3538;16;0;0
F3538;10;0.576;1
F3538;14;0;0
F3538;8;0;0
F3538;9;0;0
F3538;15;0;0
F3538;17;0;0
F4986;11;0.006;4
F4986;2;0.04;5
F4986;3;0.026;4
F4986;1;0.136;3
F4986;4;0.085;2
F4986;5;0;0
F4986;7;0;0
F4986;13;0.0648;3
F4986;12;0;0
F4986;6;0.041;4
F4986;16;0;0
F4986;10;0;0
F4986;14;0;0
F4986;8;0;0
F4986;9;0.2522;1
F4986;15;0;0
F4986;17;0;0
F4983;11;0;0
F4983;2;0;0
F4983;3;0;0
F4983;1;0.0198;7
F4983;4;0.0125;7
F4983;5;0.0528;7
F4983;7;0;0
F4983;13;0;0
F4983;12;0;0
F4983;6;0;0
F4983;16;0;0
F4983;10;0.0449;1
F4983;14;0;0
F4983;8;0;0
F4983;9;0;0
F4983;15;0;0
F4983;17;0;0
630E;11;0;0
630E;2;0;0
630E;3;0;0
630E;1;0.0791;1
630E;4;0.0667;1
630E;5;0.0667;1
630E;7;0;0
630E;13;0;0
630E;12;0;0
630E;6;0;0
630E;16;0;0
630E;10;0.105;1
630E;14;0.015;2
630E;8;0;0
630E;9;0;0
630E;15;0;0
630E;17;0;0
630F;11;0;0
630F;2;0;0
630F;3;0;0
630F;1;0.0791;1
630F;4;0.0667;1
630F;5;0.0667;1
630F;7;0;0
630F;13;0;0
630F;12;0;0
630F;6;0;0
630F;16;0;0
630F;10;0.105;1
630F;14;0.015;2
630F;8;0;0
630F;9;0;0
630F;15;0;0
630F;17;0;0
LITSC801;11;0.0552;2
LITSC801;2;0.0969;7
LITSC801;3;0.0828;4
LITSC801;1;0.0135;4
LITSC801;4;0.1655;4
LITSC801;5;0.1656;4
LITSC801;7;0;0
LITSC801;13;0;0
LITSC801;12;0;0
LITSC801;6;0.0276;4
LITSC801;16;0;0
LITSC801;10;0.0938;1
LITSC801;14;0.0166;2
LITSC801;8;0;0
LITSC801;9;0;0
LITSC801;15;0;0
LITSC801;17;0;0
22401012;11;0;0
22401012;2;0.0216;1
22401012;3;0;0
22401012;1;0;0
22401012;4;0;0
22401012;5;0;0
22401012;7;0;0
22401012;13;0;0
22401012;12;0;0
22401012;6;0;0
22401012;16;0;0
22401012;10;0;0
22401012;14;0;0
22401012;8;0;0
22401012;9;0;0
22401012;15;0;0
22401012;17;0;0
F4980;11;0.016;2
F4980;2;0.029;5
F4980;3;0.03;4
F4980;1;0.434;5
F4980;4;0.312;4
F4980;5;0;0
F4980;7;0;0
F4980;13;0.156;4
F4980;12;0;0
F4980;6;0.024;6
F4980;16;0;0
F4980;10;0;0
F4980;14;0;0
F4980;8;0;0
F4980;9;0.52;1
F4980;15;0;0
796;11;0;0
796;2;0;0
796;3;0.0648;1
796;1;0.162;8
796;4;0.1944;8
796;5;0;0
796;7;0;0
796;13;0;0
796;12;0;0
796;6;0.0324;1
796;16;0;0
796;10;0;0
796;14;0.0324;2
796;8;0;0
796;9;0.1296;1
796;15;0;0
796;17;0;0
F4997A;11;0.2514;3
F4997A;2;0;0
F4997A;3;0.1432;1
F4997A;1;0.2756;3
F4997A;4;0.2356;3
F4997A;5;0.2976;3
F4997A;7;0;0
F4997A;13;0;0
F4997A;12;0;0
F4997A;6;0.0496;1
F4997A;16;0;0
F4997A;10;0.2352;1
F4997A;14;0;0
F4997A;8;0;0
F4997A;9;0;0
F4997A;15;0;0
F4997A;17;0;0
F4979;11;0.1392;3
F4979;2;0.0974;8
F4979;3;0.1392;4
F4979;1;0.1392;6
F4979;4;0.2088;6
F4979;5;0;0
F4979;7;0;0
F4979;13;0.2784;3
F4979;12;0;0
F4979;6;0.1392;3
F4979;16;0;0
F4979;10;0;0
F4979;14;0;0
F4979;8;0;0
F4979;9;0.181;1
F4979;15;0;0
F4979;17;0;0
ZU290;11;0.006;6
ZU290;2;0.04;7
ZU290;3;0.026;4
ZU290;1;0.136;5
ZU290;4;0.085;4
ZU290;5;0;0
ZU290;7;0;0
ZU290;13;0.0648;6
ZU290;12;0;0
ZU290;6;0.041;6
ZU290;16;0;0
ZU290;10;0;0
ZU290;14;0.0193;2
ZU290;8;0;0
ZU290;9;0.2522;1
ZU290;15;0;0
ZU290;17;0;0
ZU310;11;0.016;2
ZU310;2;0.029;5
ZU310;3;0.03;4
ZU310;1;0.214;5
ZU310;4;0.312;4
ZU310;5;0;0
ZU310;7;0;0
ZU310;13;0.196;21
ZU310;12;0;0
ZU310;6;0.024;6
ZU310;16;0;0
ZU310;10;0;0
ZU310;14;0.043;2
ZU310;8;0;0
ZU310;9;0.52;1
ZU310;15;0;0
ZU310;17;0;0
55139;11;0.0504;1
55139;2;0.0672;2
55139;3;0.047;3
55139;1;0.0504;1
55139;4;0.0504;1
55139;5;0.0504;1
55139;7;0;0
55139;13;0;0
55139;12;0;0
55139;6;0.0168;3
55139;16;0;0
55139;10;0.0437;1
55139;14;0.0101;2
55139;8;0;0
55139;9;0;0
55139;15;0;0
55139;17;0;0
ZU490;11;0.125;2
ZU490;2;0;0
ZU490;3;0.23;1
ZU490;1;0.28;4
ZU490;4;0.153;3
ZU490;5;0;0
ZU490;7;0;0
ZU490;13;0.02;13
ZU490;12;0;0
ZU490;6;0.09;6
ZU490;16;0;0
ZU490;10;0;0
ZU490;14;0.021;2
ZU490;8;0;0
ZU490;9;0.315;1
ZU490;15;0;0
ZU490;17;0;0
7-95MWMET;11;0;0
7-95MWMET;2;0;0
7-95MWMET;3;0;0
7-95MWMET;1;0;0
7-95MWMET;4;0;0
7-95MWMET;5;0;0
7-95MWMET;7;0;0
7-95MWMET;13;0;0
7-95MWMET;12;0;0
7-95MWMET;6;0;0
7-95MWMET;16;0.102;1
7-95MWMET;10;0;0
7-95MWMET;14;0.04;1
7-95MWMET;8;0;0
7-95MWMET;9;0;0
7-95MWMET;15;0;0
7-95MWMET;17;0;0
719-KIT;11;0.0059;5
719-KIT;2;0;0
719-KIT;3;0.0065;1
719-KIT;1;0;0
719-KIT;4;0;0
719-KIT;5;0;0
719-KIT;7;0;0
719-KIT;13;0;0
719-KIT;12;0;0
719-KIT;6;0.0058;1
719-KIT;16;0;0
719-KIT;10;0.0089;1
719-KIT;14;0.0046;2
719-KIT;8;0;0
719-KIT;9;0;0
719-KIT;15;0;0
719-KIT;17;0;0
F5022;11;0.0662;11
F5022;2;0;0
F5022;3;0.0464;4
F5022;1;0.1192;9
F5022;4;0.1457;9
F5022;5;0;0
F5022;7;0;0
F5022;13;0.0331;1
F5022;12;0;0
F5022;6;0.0199;5
F5022;16;0;0
F5022;10;0;0
F5022;14;0;0
F5022;8;0.2318;1
F5022;9;0;0
F5022;15;0;0
F5022;17;0;0
264;11;0.046;6
264;2;0.2083;6
264;3;0.2473;3
264;1;0.034;1
264;4;0.023;1
264;5;0.054675;1
264;7;0;0
264;13;0;0
264;12;0;0
264;6;0.033125;3
264;16;0;0
264;10;0.0583;1
264;14;0.0276;2
264;8;0;0
264;9;0;0
264;15;0;0
264;17;0;0
MOB-05.1(KIT);11;0;0
MOB-05.1(KIT);2;0.0212;2
MOB-05.1(KIT);3;0;0
MOB-05.1(KIT);1;0.035557143;1
MOB-05.1(KIT);4;0.053285714;1
MOB-05.1(KIT);5;0.0126;1
MOB-05.1(KIT);7;0;0
MOB-05.1(KIT);13;0;0
MOB-05.1(KIT);12;0;0
MOB-05.1(KIT);6;0.0123;2
MOB-05.1(KIT);16;0;0
MOB-05.1(KIT);10;0.047328571;1
MOB-05.1(KIT);14;0.008642857;2
MOB-05.1(KIT);8;0;0
MOB-05.1(KIT);9;0;0
MOB-05.1(KIT);15;0;0
MOB-05.1(KIT);17;0;0
MOB-07.1(KIT);11;0;0
MOB-07.1(KIT);2;0.0212;2
MOB-07.1(KIT);3;0;0
MOB-07.1(KIT);1;0.035557143;1
MOB-07.1(KIT);4;0.053285714;1
MOB-07.1(KIT);5;0.0126;1
MOB-07.1(KIT);7;0;0
MOB-07.1(KIT);13;0;0
MOB-07.1(KIT);12;0;0
MOB-07.1(KIT);6;0.0123;2
MOB-07.1(KIT);16;0;0
MOB-07.1(KIT);10;0.047328571;1
MOB-07.1(KIT);14;0.008642857;2
MOB-07.1(KIT);8;0;0
MOB-07.1(KIT);9;0;0
MOB-07.1(KIT);15;0;0
MOB-07.1(KIT);17;0;0
1053;11;0;0
1053;2;0.1548;2
1053;3;0.1548;4
1053;1;0.09288;9
1053;4;0.1651;9
1053;5;0;0
1053;7;0;0
1053;13;0;0
1053;12;0;0
1053;6;0.0516;4
1053;16;0;0
1053;10;0;0
1053;14;0.051;4
1053;8;0;0
1053;9;0.258;1
1053;15;0;0
1053;17;0;0
1012A;11;0;0
1012A;2;0;0
1012A;3;0;0
1012A;1;0.025;1
1012A;4;0.082;1
1012A;5;0.082;1
1012A;7;0;0
1012A;13;0;0
1012A;12;0;0
1012A;6;0;0
1012A;16;0;0
1012A;10;0.034;1
1012A;14;0.018;2
1012A;8;0;0
1012A;9;0;0
1012A;15;0;0
1012A;17;0;0
22501097;11;0.05;1
22501097;2;0;0
22501097;3;0;0
22501097;1;0;0
22501097;4;0;0
22501097;5;0;0
22501097;7;0;0
22501097;13;0;0
22501097;12;0;0
22501097;6;0;0
22501097;16;0;0
22501097;10;0;0
22501097;14;0;0
22501097;8;0;0
22501097;9;0;0
22501097;15;0;0
22501097;17;0;0
ZU733;11;0.036;1
ZU733;2;0.072;2
ZU733;3;0.054;4
ZU733;1;0.108;1
ZU733;4;0.108;1
ZU733;5;0.108;1
ZU733;7;0;0
ZU733;13;0;0
ZU733;12;0;0
ZU733;6;0.018;1
ZU733;16;0;0
ZU733;10;0.072;1
ZU733;14;0;0
ZU733;8;0;0
ZU733;9;0;0
ZU733;15;0;0
ZU733;17;0;0
ZU293-1;11;0.006;6
ZU293-1;2;0.04;6
ZU293-1;3;0.026;4
ZU293-1;1;0.136;5
ZU293-1;4;0.085;4
ZU293-1;5;0;0
ZU293-1;7;0;0
ZU293-1;13;0.0648;18
ZU293-1;12;0;0
ZU293-1;6;0.041;7
ZU293-1;16;0;0
ZU293-1;10;0;0
ZU293-1;14;0.0193;2
ZU293-1;8;0;0
ZU293-1;9;0.2522;1
ZU293-1;15;0;0
ZU293-1;17;0;0
ZU135;11;0;0
ZU135;2;0;0
ZU135;3;0;0
ZU135;1;0.282;9
ZU135;4;0.24816;9
ZU135;5;0;0
ZU135;7;0;0
ZU135;13;0;0
ZU135;12;0;0
ZU135;6;0;0
ZU135;16;0;0
ZU135;10;0;0
ZU135;14;0.0564;2
ZU135;8;0;0
ZU135;9;0.2256;1
ZU135;15;0;0
ZU135;17;0;0
ZU3103BOX2;11;0;0
ZU3103BOX2;2;0.0269;2
ZU3103BOX2;3;0.1822;4
ZU3103BOX2;1;0.1133;1
ZU3103BOX2;4;0;0
ZU3103BOX2;5;0;0
ZU3103BOX2;7;0;0
ZU3103BOX2;13;0;0
ZU3103BOX2;12;0;0
ZU3103BOX2;6;0.083;1
ZU3103BOX2;16;0;0
ZU3103BOX2;10;0;0
ZU3103BOX2;14;0;0
ZU3103BOX2;8;0;0
ZU3103BOX2;9;0.1467;1
ZU3103BOX2;15;0;0
ZU3103BOX2;17;0;0
BASE-921;11;0;0
BASE-921;2;0;0
BASE-921;3;0;0
BASE-921;1;0.12;10
BASE-921;4;0;0
BASE-921;5;0;0
BASE-921;13;0;0
BASE-921;12;0;0
BASE-921;6;0;0
BASE-921;16;0.31;31
BASE-921;10;0;0
BASE-921;14;0;0
BASE-921;8;0;0
BASE-921;9;0;0
BASE-921;15;0;0
ZU735;11;0;0
ZU735;2;0.04;2
ZU735;3;0.03;3
ZU735;1;0.136;4
ZU735;4;0.085;4
ZU735;5;0;0
ZU735;7;0;0
ZU735;13;0;0
ZU735;12;0;0
ZU735;6;0.0003;3
ZU735;16;0;0
ZU735;10;0;0
ZU735;14;0.022;2
ZU735;8;0;0
ZU735;9;0.5688;1
ZU735;15;0;0
ZU735;17;0;0
F5020;11;0;0
F5020;2;0;0
F5020;3;0;0
F5020;1;0;0
F5020;4;0;0
F5020;5;0.051;1
F5020;13;0;0
F5020;12;0;0
F5020;6;0;0
F5020;16;0;0
F5020;10;0.03;1
F5020;14;0.043;4
F5020;8;0;0
F5020;9;0;0
F5020;15;0;0
CUBSETT-S150;11;0.0072;2
CUBSETT-S150;2;0.0108;2
CUBSETT-S150;3;0.0264;1
CUBSETT-S150;1;0.0456;1
CUBSETT-S150;4;0.0084;1
CUBSETT-S150;5;0.006;1
CUBSETT-S150;7;0;0
CUBSETT-S150;13;0;0
CUBSETT-S150;12;0;0
CUBSETT-S150;6;0.0048;1
CUBSETT-S150;16;0;0
CUBSETT-S150;10;0.0108;1
CUBSETT-S150;14;0.0214;2
CUBSETT-S150;8;0;0
CUBSETT-S150;9;0;0
CUBSETT-S150;15;0;0
CUBSETT-S150;17;0;0
135G;11;0;0
135G;2;0;0
135G;3;0;0
135G;1;0.021;1
135G;4;0.0196;1
135G;5;0.0252;1
135G;7;0;0
135G;13;0;0
135G;12;0;0
135G;6;0;0
135G;16;0;0
135G;10;0;0
135G;14;0.19;1
135G;8;0;0
135G;9;0.036;1
135G;15;0;0
135G;17;0;0
SKT;11;0;0
SKT;2;0;0
SKT;3;0;0
SKT;1;0.0358;1
SKT;4;0.0156;1
SKT;5;0.024;1
SKT;7;0;0
SKT;13;0;0
SKT;12;0;0
SKT;6;0;0
SKT;16;0;0
SKT;10;0.0192;1
SKT;14;0.0048;2
SKT;8;0;0
SKT;9;0;0
SKT;15;0;0
SKT;17;0;0
F5029;11;0.0198;12
F5029;2;0;0
F5029;3;0.00225;3
F5029;1;0.05057;7
F5029;4;0.05291;7
F5029;5;0;0
F5029;7;0;0
F5029;13;0;0
F5029;12;0;0
F5029;6;0.01361;3
F5029;16;0;0
F5029;10;0;0
F5029;14;0;0
F5029;8;0.22582;1
F5029;9;0;0
F5029;15;0;0
F5029;17;0;0
249;11;0;0
249;2;0;0
249;3;0;0
249;1;0;0
249;4;0;0
249;5;0;0
249;7;0;0
249;13;0;0
249;12;0;0
249;6;0;0
249;16;0.38;1
249;10;0;0
249;14;0;0
249;8;0;0
249;9;0;0
249;15;0;0
249;17;0;0
F5032;11;0.0396;2
F5032;2;0;0
F5032;3;0;0
F5032;1;0.099;3
F5032;4;0.0798;3
F5032;5;0.039;3
F5032;7;0;0
F5032;13;0;0
F5032;12;0;0
F5032;6;0.011;2
F5032;16;0;0
F5032;10;0.1188;3
F5032;14;0.0198;2
F5032;8;0;0
F5032;9;0;0
F5032;15;0;0
F5032;17;0;0
IL-18075;11;0.0448;4
IL-18075;2;0.0807;28
IL-18075;3;0;0
IL-18075;1;0.0782;2
IL-18075;4;0;0
IL-18075;5;0;0
IL-18075;7;0.025;2
IL-18075;13;0.0888;1
IL-18075;12;0;0
IL-18075;6;0.0043;4
IL-18075;16;0;0
IL-18075;10;0;0
IL-18075;14;0;0
IL-18075;8;0;0
IL-18075;9;0;0
IL-18075;15;0.1243;1
IL-18075;17;0;0
POST-180T;11;0.0088;2
POST-180T;2;0.022;7
POST-180T;3;0;0
POST-180T;1;0;0
POST-180T;4;0;0
POST-180T;5;0;0
POST-180T;7;0;0
POST-180T;13;0.01775;7
POST-180T;12;0;0
POST-180T;6;0.0062;1
POST-180T;16;0;0
POST-180T;10;0;0
POST-180T;14;0;0
POST-180T;8;0;0
POST-180T;9;0;0
POST-180T;15;0.02485;1
POST-180T;17;0;0
POST-180X;11;0.0088;2
POST-180X;2;0.022;9
POST-180X;3;0;0
POST-180X;1;0;0
POST-180X;4;0;0
POST-180X;5;0;0
POST-180X;7;0;0
POST-180X;13;0.01775;9
POST-180X;12;0;0
POST-180X;6;0.0062;1
POST-180X;16;0;0
POST-180X;10;0;0
POST-180X;14;0;0
POST-180X;8;0;0
POST-180X;9;0;0
POST-180X;15;0.02485;1
AC-140150;11;0.0345;2
AC-140150;2;0.0728;20
AC-140150;3;0;0
AC-140150;1;0.0927;8
AC-140150;4;0;0
AC-140150;5;0;0
AC-140150;7;0.025;2
AC-140150;13;0.1296;2
AC-140150;12;0;0
AC-140150;6;0.0116;2
AC-140150;16;0;0
AC-140150;10;0;0
AC-140150;14;0;0
AC-140150;8;0;0
AC-140150;9;0;0
AC-140150;15;0.1814;1
DES846MADERA;11;0;0
DES846MADERA;2;0;0
DES846MADERA;3;0;0
DES846MADERA;1;0.07;1
DES846MADERA;4;0.02;1
DES846MADERA;5;0.1;1
DES846MADERA;7;0;0
DES846MADERA;13;0;0
DES846MADERA;12;0;0
DES846MADERA;6;0;0
DES846MADERA;16;0;0
DES846MADERA;10;0;0
DES846MADERA;14;0.03;2
DES846MADERA;8;0;0
DES846MADERA;9;0;0
DES846MADERA;15;0;0
DES846MADERA;17;0;0
F5049;11;0;0
F5049;2;0;0
F5049;3;0;0
F5049;1;0.1434;4
F5049;4;0.1248;4
F5049;5;0;0
F5049;7;0;0
F5049;13;0;0
F5049;12;0;0
F5049;6;0;0
F5049;16;0;0
F5049;10;0;0
F5049;14;0.0482;2
F5049;8;0;0
F5049;9;0.8569;1
F5049;15;0;0
F5049;17;0;0
900KIT;11;0.0035;4
900KIT;2;0.0076;2
900KIT;3;0.012;2
900KIT;1;0;0
900KIT;4;0;0
900KIT;5;0;0
900KIT;7;0;0
900KIT;13;0;0
900KIT;12;0;0
900KIT;6;0.0224;2
900KIT;16;0;0
900KIT;10;0;0
900KIT;14;0.0072;2
900KIT;8;0;0
900KIT;9;0.036;1
900KIT;15;0;0
900KIT;17;0;0
SET2P-MET;11;0.0065;8
SET2P-MET;2;0.0096;4
SET2P-MET;3;0.12;4
SET2P-MET;1;0;0
SET2P-MET;4;0;0
SET2P-MET;5;0;0
SET2P-MET;7;0;0
SET2P-MET;13;0;0
SET2P-MET;12;0;0
SET2P-MET;6;0.0224;4
SET2P-MET;16;0.1666;1
SET2P-MET;10;0;0
SET2P-MET;14;0;0
SET2P-MET;8;0;0
SET2P-MET;9;0;0
SET2P-MET;15;0;0
SET2P-MET;17;0;0
SET3P-MET;11;0.0065;8
SET3P-MET;2;0.0096;4
SET3P-MET;3;0.12;4
SET3P-MET;1;0;0
SET3P-MET;4;0;0
SET3P-MET;5;0;0
SET3P-MET;7;0;0
SET3P-MET;13;0;0
SET3P-MET;12;0;0
SET3P-MET;6;0.0224;4
SET3P-MET;16;0.1666;1
SET3P-MET;10;0;0
SET3P-MET;14;0;0
SET3P-MET;8;0;0
SET3P-MET;9;0;0
SET3P-MET;15;0;0
SET3P-MET;17;0;0
F5056;11;0.006;2
F5056;2;0.04;5
F5056;3;0.026;4
F5056;1;0.136;5
F5056;4;0.085;4
F5056;5;0;0
F5056;7;0;0
F5056;13;0.0648;4
F5056;12;0;0
F5056;6;0.041;6
F5056;16;0;0
F5056;10;0;0
F5056;14;0.0193;2
F5056;8;0;0
F5056;9;0.2522;1
F5056;15;0;0
F5056;17;0;0
1152;11;0.2445;15
1152;2;0.3229;2
1152;3;0.179;2
1152;1;0.4279;13
1152;4;0.4804;13
1152;5;0;0
1152;7;0;0
1152;13;0;0
1152;12;0;0
1152;6;0;0
1152;16;0;0
1152;10;0;0
1152;14;0.292;4
1152;8;0.258;1
1152;9;1.0465;1
1152;15;0;0
1152;17;0;0
105A;11;0;0
105A;2;0;0
105A;3;0;0
105A;1;0.025;1
105A;4;0.0156;1
105A;5;0.0067;1
105A;7;0;0
105A;13;0;0
105A;12;0;0
105A;6;0;0
105A;16;0;0
105A;10;0;0
105A;14;0.01;2
105A;8;0.021;1
105A;9;0;0
105A;15;0;0
105A;17;0;0
F4971;11;0;0
F4971;2;0;0
F4971;3;0;0
F4971;1;0.216;4
F4971;4;0.3511;4
F4971;5;0.4635;4
F4971;7;0;0
F4971;13;0;0
F4971;12;0;0
F4971;6;0.0421;4
F4971;16;0;0
F4971;10;0.1966;1
F4971;14;0.0124;2
F4971;8;0;0
F4971;9;0;0
F4971;15;0;0
F4971;17;0;0
F5036;11;0;0
F5036;2;0;0
F5036;3;0.0258;2
F5036;1;0.6529;26
F5036;4;0.8705;26
F5036;5;0;0
F5036;7;0;0
F5036;13;0;0
F5036;12;0;0
F5036;6;0.0158;2
F5036;16;0;0
F5036;10;0;0
F5036;14;0.1451;4
F5036;8;0;0
F5036;9;0.7455;1
F5036;15;0;0
F5036;17;0;0
2027;11;0.0234;4
2027;2;0.028;2
2027;3;0.0312;1
2027;1;0;0
2027;4;0;0
2027;5;0;0
2027;7;0;0
2027;13;0;0
2027;12;0;0
2027;6;0.0124;1
2027;16;0;0
2027;10;0.0556;1
2027;14;0.0078;2
2027;8;0;0
2027;9;0;0
2027;15;0;0
2027;17;0;0
2000;11;0;0
2000;2;0;0
2000;3;0;0
2000;1;0.163;8
2000;4;0.2322;8
2000;5;0;0
2000;7;0;0
2000;13;0;0
2000;12;0;0
2000;6;0;0
2000;16;0;0
2000;10;0;0
2000;14;0.03005;2
2000;8;0;0
2000;9;0.5418;1
2000;15;0;0
2000;17;0;0
2028;11;0.0198;4
2028;2;0.0237;2
2028;3;0.0264;1
2028;1;0;0
2028;4;0;0
2028;5;0;0
2028;7;0;0
2028;13;0;0
2028;12;0;0
2028;6;0.0105;1
2028;16;0;0
2028;10;0;0
2028;14;0.0066;2
2028;8;0;0
2028;9;0.0532;1
2028;15;0;0
2028;17;0;0
F5046;11;0.011;2
F5046;2;0.06;6
F5046;3;0.063;4
F5046;1;0.029;1
F5046;4;0.022;1
F5046;5;0.095;1
F5046;7;0;0
F5046;13;0;0
F5046;12;0;0
F5046;6;0.02;5
F5046;16;0;0
F5046;10;0.019;1
F5046;14;0.043;2
F5046;8;0;0
F5046;9;0;0
F5046;15;0;0
1106;11;0.9984;12
1106;2;1.1784;68
1106;3;1.188;36
1106;1;0.245;7
1106;4;0.7877;7
1106;5;0.7992;7
1106;7;0;0
1106;13;0;0
1106;12;0;0
1106;6;0.3096;36
1106;16;0;0
1106;10;0.5592;1
1106;14;0.3715;8
1106;8;0;0
1106;9;0;0
1106;15;0;0
1106;17;0;0
2022;11;0.0198;4
2022;2;0.0237;2
2022;3;0.0264;1
2022;1;0.0145;1
2022;4;0.0172;1
2022;5;0;0
2022;7;0;0
2022;13;0;0
2022;12;0;0
2022;6;0.0105;1
2022;16;0;0
2022;10;0;0
2022;14;0.0066;2
2022;8;0;0
2022;9;0.0332;1
2022;15;0;0
2022;17;0;0
F3214;11;0;0
F3214;2;0;0
F3214;3;0;0
F3214;1;0.0652;1
F3214;4;0.0652;1
F3214;5;0.0652;1
F3214;7;0;0
F3214;13;0;0
F3214;12;0;0
F3214;6;0;0
F3214;16;0;0
F3214;10;0.0734;1
F3214;14;0.0354;2
F3214;8;0;0
F3214;9;0;0
F3214;15;0;0
F3214;17;0;0
STRCONT60;11;0.0258;1
STRCONT60;2;0.0322;2
STRCONT60;3;0.0322;2
STRCONT60;1;0.2094;1
STRCONT60;4;0.1094;1
STRCONT60;5;0.1094;1
STRCONT60;7;0;0
STRCONT60;13;0;0
STRCONT60;12;0;0
STRCONT60;6;0.1287;3
STRCONT60;16;0;0
STRCONT60;10;0.0775;1
STRCONT60;14;0.039;2
STRCONT60;8;0;0
STRCONT60;9;0;0
STRCONT60;15;0;0
STRCONT60;17;0;0
D807;11;0.1704;6
D807;2;0.426;10
D807;3;0.2045;7
D807;1;0.315;4
D807;4;0.0258;4
D807;5;0.2556;4
D807;7;0;0
D807;13;0;0
D807;12;0;0
D807;6;0.0852;11
D807;16;0;0
D807;10;0.1704;1
D807;14;0.0511;4
D807;8;0;0
D807;9;0;0
D807;15;0;0
D807;17;0;0
F3099;11;0.0576;2
F3099;2;0;0
F3099;3;0;0
F3099;1;0.1555;6
F3099;4;0.0864;6
F3099;5;0;0
F3099;7;0;0
F3099;13;0;0
F3099;12;0;0
F3099;6;0.0173;2
F3099;16;0;0
F3099;10;0;0
F3099;14;0.0288;2
F3099;8;0;0
F3099;9;0.1152;1
F3099;15;0;0
F3099;17;0;0
F3100;11;0.035;5
F3100;2;0;0
F3100;3;0.035;3
F3100;1;0.021;1
F3100;4;0.027;1
F3100;5;0;0
F3100;7;0;0
F3100;13;0;0
F3100;12;0;0
F3100;6;0.0052;3
F3100;16;0;0
F3100;10;0;0
F3100;14;0.0058;2
F3100;8;0;0
F3100;9;0.023;1
F3100;15;0;0
F3100;17;0;0
F5073;11;0;0
F5073;2;0.1523;13
F5073;3;0.16145;7
F5073;1;0.083;1
F5073;4;0.031325;1
F5073;5;0.129675;1
F5073;7;0;0
F5073;13;0;0
F5073;12;0;0
F5073;6;0.028075;7
F5073;16;0;0
F5073;10;0.14585;1
F5073;14;0.0626;4
F5073;8;0;0
F5073;9;0;0
F5073;15;0;0
F5073;17;0;0
F5078;11;0;0
F5078;2;0.114;6
F5078;3;0.12;4
F5078;1;0.006266667;1
F5078;4;0.072;1
F5078;5;0.071766667;1
F5078;7;0;0
F5078;13;0;0
F5078;12;0;0
F5078;6;0.03;4
F5078;16;0;0
F5078;10;0.054;1
F5078;14;0.036;2
F5078;8;0;0
F5078;9;0;0
F5078;15;0;0
F5078;17;0;0
175J;11;0.033;2
175J;2;0;0
175J;3;0;0
175J;1;0;0
175J;4;0;0
175J;5;0;0
175J;7;0;0
175J;13;0;0
175J;12;0;0
175J;6;0.01;2
175J;16;0;0
175J;10;0;0
175J;14;0;0
175J;8;0;0
175J;9;0.025;1
175J;15;0;0
175J;17;0;0
FB122M;11;0;0
FB122M;2;0;0
FB122M;3;0.073;1
FB122M;1;0.242;11
FB122M;4;0.363;11
FB122M;5;0;0
FB122M;7;0;0
FB122M;13;0;0
FB122M;12;0;0
FB122M;6;0;0
FB122M;16;0;0
FB122M;10;0;0
FB122M;14;0.024;4
FB122M;8;0;0
FB122M;9;0.435;1
FB122M;15;0;0
FB122M;17;0;0
STRBK;11;0;0
STRBK;2;0.1008;3
STRBK;3;0.1008;3
STRBK;1;0.1008;3
STRBK;4;0.08064;3
STRBK;5;0.1008;3
STRBK;7;0;0
STRBK;13;0;0
STRBK;12;0;0
STRBK;6;0.0336;3
STRBK;16;0;0
STRBK;10;0;0
STRBK;14;0.0336;2
STRBK;8;0;0
STRBK;9;0.08736;1
STRBK;15;0;0
STRBK;17;0;0
STRRECCURPW;11;0.05472;2
STRRECCURPW;2;0.2036;2
STRRECCURPW;3;0;0
STRRECCURPW;1;0.2334;4
STRRECCURPW;4;0.1896;4
STRRECCURPW;5;0;0
STRRECCURPW;7;0;0
STRRECCURPW;13;0.1985;8
STRRECCURPW;12;0;0
STRRECCURPW;6;0.0412;4
STRRECCURPW;16;0;0
STRRECCURPW;10;0;0
STRRECCURPW;14;0.0912;4
STRRECCURPW;8;0;0
STRRECCURPW;9;0.21184;1
STRRECCURPW;15;0;0
STRRECCURPW;17;0;0
F5088;11;0.0132;1
F5088;2;0.01518;2
F5088;3;0.08464;4
F5088;1;0.03248;1
F5088;4;0.0241;1
F5088;5;0.09976;1
F5088;7;0;0
F5088;13;0;0
F5088;12;0;0
F5088;6;0.02732;4
F5088;16;0;0
F5088;10;0.023;1
F5088;14;0;0
F5088;8;0;0
F5088;9;0;0
F5088;15;0;0
F5088;17;0;0
SV751;11;0.08736;1
SV751;2;0.2016;7
SV751;3;0.1008;7
SV751;1;0.047;2
SV751;4;0.0318;2
SV751;5;0.08064;2
SV751;7;0;0
SV751;13;0;0
SV751;12;0;0
SV751;6;0.0336;8
SV751;16;0;0
SV751;10;0.14784;1
SV751;14;0.02016;2
SV751;8;0;0
SV751;9;0;0
SV751;15;0;0
SV751;17;0;0
246;11;0.048;0
246;2;0.0864;5
246;3;0.0816;2
246;1;0.072;1
246;4;0.0388;1
246;5;0.0236;1
246;7;0;0
246;13;0;0
246;12;0;0
246;6;0.0288;5
246;16;0;0
246;10;0.0638;1
246;14;0.024;2
246;8;0;0
246;9;0;0
246;15;0;0
246;17;0;0
434;11;0;0
434;2;0;0
434;3;0;0
434;1;0;0
434;4;0;0
434;5;0;0
434;7;0.02;1
434;13;0;0
434;12;0;0
434;6;0;0
434;16;0.618;1
434;10;0;0
434;14;0;0
434;8;0;0
434;9;0;0
434;15;0;0
434;17;0;0
F5082;11;0.0147375;8
F5082;2;0.136075;3
F5082;3;0;0
F5082;1;0.0433;4
F5082;4;0;0
F5082;5;0;0
F5082;7;0;0
F5082;13;0.1546;5
F5082;12;0;0
F5082;6;0.0186;5
F5082;16;0;0
F5082;10;0;0
F5082;14;0.0215625;2
F5082;8;0;0
F5082;9;0;0
F5082;15;0.1474;1
F5082;17;0;0
2055;11;0.0525;4
2055;2;0;0
2055;3;0.0245;2
2055;1;0.0686;1
2055;4;0.0464;1
2055;5;0.0564;1
2055;7;0;0
2055;13;0;0
2055;12;0;0
2055;6;0.0098;2
2055;16;0;0
2055;10;0.0368;1
2055;14;0.0123;2
2055;8;0;0
2055;9;0;0
2055;15;0;0
2055;17;0;0
N106A;11;0;0
N106A;2;0;0
N106A;3;0;0
N106A;1;0.01385;1
N106A;4;0.00735;1
N106A;5;0;0
N106A;7;0;0
N106A;13;0;0
N106A;12;0;0
N106A;6;0;0
N106A;16;0;0
N106A;10;0;0
N106A;14;0;0
N106A;8;0.0171;1
N106A;9;0;0
N106A;15;0;0
N106A;17;0;0
N106F;11;0;0
N106F;2;0;0
N106F;3;0;0
N106F;1;0.0138;1
N106F;4;0.0074;1
N106F;5;0;0
N106F;7;0;0
N106F;13;0;0
N106F;12;0;0
N106F;6;0;0
N106F;16;0;0
N106F;10;0;0
N106F;14;0;0
N106F;8;0.0171;1
N106F;9;0;0
N106F;15;0;0
N106F;17;0;0
N106LD;11;0;0
N106LD;2;0;0
N106LD;3;0;0
N106LD;1;0.009;1
N106LD;4;0.0048;1
N106LD;5;0;0
N106LD;7;0;0
N106LD;13;0;0
N106LD;12;0;0
N106LD;6;0;0
N106LD;16;0;0
N106LD;10;0;0
N106LD;14;0;0
N106LD;8;0.0171;1
N106LD;9;0;0
N106LD;15;0;0
N106LD;17;0;0
1000A;11;0;0
1000A;2;0;0
1000A;3;0;0
1000A;1;0.0254;1
1000A;4;0.0237;1
1000A;5;0.052;1
1000A;7;0;0
1000A;13;0;0
1000A;12;0;0
1000A;6;0;0
1000A;16;0;0
1000A;10;0.056;1
1000A;14;0.042;2
1000A;8;0;0
1000A;9;0;0
1000A;15;0;0
1000A;17;0;0
1156AF;11;0;0
1156AF;2;0;0
1156AF;3;0;0
1156AF;1;0.025;1
1156AF;4;0.008;1
1156AF;5;0.036;1
1156AF;7;0;0
1156AF;13;0;0
1156AF;12;0;0
1156AF;6;0;0
1156AF;16;0;0
1156AF;10;0;0
1156AF;14;0.016;2
1156AF;8;0;0
1156AF;9;0.012;1
1156AF;15;0;0
1156AF;17;0;0
22001013;11;0;0
22001013;2;0.022;1
22001013;3;0;0
22001013;1;0;0
22001013;4;0;0
22001013;5;0;0
22001013;7;0;0
22001013;13;0;0
22001013;12;0.021935;1
22001013;6;0;0
22001013;16;0;0
22001013;10;0;0
22001013;14;0;0
22001013;8;0;0
22001013;9;0;0
22001013;15;0;0
22001013;17;0;0
F5100;11;0;0
F5100;2;0;0
F5100;3;0;0
F5100;1;0.2376;6
F5100;4;0.1584;6
F5100;5;0;0
F5100;7;0;0
F5100;13;0;0
F5100;12;0;0
F5100;6;0.0039;24
F5100;16;0;0
F5100;10;0;0
F5100;14;0.0396;2
F5100;8;0;0
F5100;9;0.1584;1
F5100;15;0;0
F5100;17;0;0
STRCURRECTOP;11;0.06756;2
STRCURRECTOP;2;0.03228;2
STRCURRECTOP;3;0.21864;4
STRCURRECTOP;1;0.13596;1
STRCURRECTOP;4;0;0
STRCURRECTOP;5;0;0
STRCURRECTOP;7;0;0
STRCURRECTOP;13;0;0
STRCURRECTOP;12;0;0
STRCURRECTOP;6;0.0996;1
STRCURRECTOP;16;0;0
STRCURRECTOP;10;0;0
STRCURRECTOP;14;0;0
STRCURRECTOP;8;0;0
STRCURRECTOP;9;0.17604;1
STRCURRECTOP;15;0;0
STRCURRECTOP;17;0;0
1006A;11;0;0
1006A;2;0;0
1006A;3;0;0
1006A;1;0.001;1
1006A;4;0.0648;1
1006A;5;0.0648;1
1006A;7;0;0
1006A;13;0;0
1006A;12;0;0
1006A;6;0;0
1006A;16;0;0
1006A;10;0.0432;1
1006A;14;0.0216;2
1006A;8;0;0
1006A;9;0;0
1006A;15;0;0
1006A;17;0;0
1062X;11;0;0
1062X;2;0;0
1062X;3;0.0305;1
1062X;1;0;0
1062X;4;0;0
1062X;5;0;0
1062X;7;0;0
1062X;13;0;0
1062X;12;0;0
1062X;6;0.0128;1
1062X;16;0;0
1062X;10;0.0256;1
1062X;14;0.02;2
1062X;8;0;0
1062X;9;0;0
1062X;15;0;0
1062X;17;0;0
F5107;11;0.0247;2
F5107;2;0;0
F5107;3;0.0195;1
F5107;1;0;0
F5107;4;0;0
F5107;5;0;0
F5107;7;0;0
F5107;13;0;0
F5107;12;0;0
F5107;6;0.0117;1
F5107;16;0;0
F5107;10;0.0143;1
F5107;14;0.0104;2
F5107;8;0;0
F5107;9;0;0
F5107;15;0;0
F5107;17;0;0
F5117;11;0;0
F5117;2;0;0
F5117;3;0;0
F5117;1;0.2376;6
F5117;4;0.1584;6
F5117;5;0;0
F5117;7;0;0
F5117;13;0;0
F5117;12;0;0
F5117;6;0.0039;24
F5117;16;0;0
F5117;10;0;0
F5117;14;0.0396;2
F5117;8;0;0
F5117;9;0.1584;1
F5117;15;0;0
F5117;17;0;0
AC-120120;11;0.0312;4
AC-120120;2;0.0618;16
AC-120120;3;0;0
AC-120120;1;0.06;2
AC-120120;4;0;0
AC-120120;5;0;0
AC-120120;7;0.025;2
AC-120120;13;0.1008;1
AC-120120;12;0;0
AC-120120;6;0.0083;1
AC-120120;16;0;0
AC-120120;10;0;0
AC-120120;14;0;0
AC-120120;8;0;0
AC-120120;9;0;0
AC-120120;15;0.1411;1
AC-120120;17;0;0
AC-120150;11;0.0345;2
AC-120150;2;0.0655;20
AC-120150;3;0;0
AC-120150;1;0.0803;4
AC-120150;4;0;0
AC-120150;5;0;0
AC-120150;7;0.025;2
AC-120150;13;0.1152;3
AC-120150;12;0;0
AC-120150;6;0.0116;3
AC-120150;16;0;0
AC-120150;10;0;0
AC-120150;14;0;0
AC-120150;8;0;0
AC-120150;9;0;0
AC-120150;15;0.1612;1
AC-120150;17;0;0
POST-120I;11;0.0067;2
POST-120I;2;0.0168;6
POST-120I;3;0;0
POST-120I;1;0;0
POST-120I;4;0;0
POST-120I;5;0;0
POST-120I;7;0;0
POST-120I;13;0.0134;5
POST-120I;12;0;0
POST-120I;6;0.0047;1
POST-120I;16;0;0
POST-120I;10;0;0
POST-120I;14;0;0
POST-120I;8;0;0
POST-120I;9;0;0
POST-120I;15;0.0188;1
POST-120I;17;0;0
POST-120T;11;0.0069;2
POST-120T;2;0.0174;7
POST-120T;3;0;0
POST-120T;1;0;0
POST-120T;4;0;0
POST-120T;5;0;0
POST-120T;7;0;0
POST-120T;13;0.0139;7
POST-120T;12;0;0
POST-120T;6;0.0049;1
POST-120T;16;0;0
POST-120T;10;0;0
POST-120T;14;0;0
POST-120T;8;0;0
POST-120T;9;0;0
POST-120T;15;0.0195;1
POST-120T;17;0;0
AP-120120;11;0.0312;4
AP-120120;2;0.0622;7
AP-120120;3;0;0
AP-120120;1;0.0553;4
AP-120120;4;0;0
AP-120120;5;0;0
AP-120120;7;0.025;2
AP-120120;13;0.096;1
AP-120120;12;0;0
AP-120120;6;0.0083;1
AP-120120;16;0;0
AP-120120;10;0;0
AP-120120;14;0;0
AP-120120;8;0;0
AP-120120;9;0;0
AP-120120;15;0.11;1
AP-120120;17;0;0
IL-12075;11;0.0336;1
IL-12075;2;0.0792;4
IL-12075;3;0;0
IL-12075;1;0.0603;4
IL-12075;4;0;0
IL-12075;5;0;0
IL-12075;7;0.025;2
IL-12075;13;0.0678;1
IL-12075;12;0;0
IL-12075;6;0.0057;1
IL-12075;16;0;0
IL-12075;10;0;0
IL-12075;14;0.0058;2
IL-12075;8;0;0
IL-12075;9;0;0
IL-12075;15;0.1075;1
IL-12075;17;0;0
POST-120V;11;0.0067;2
POST-120V;2;0.0168;5
POST-120V;3;0;0
POST-120V;1;0;0
POST-120V;4;0;0
POST-120V;5;0;0
POST-120V;7;0;0
POST-120V;13;0.01345;5
POST-120V;12;0;0
POST-120V;6;0.0047;1
POST-120V;16;0;0
POST-120V;10;0;0
POST-120V;14;0;0
POST-120V;8;0;0
POST-120V;9;0;0
POST-120V;15;0.0188;1
POST-120V;17;0;0
POST-120Y;11;0.00695;2
POST-120Y;2;0.0174;5
POST-120Y;3;0;0
POST-120Y;1;0;0
POST-120Y;4;0;0
POST-120Y;5;0;0
POST-120Y;7;0;0
POST-120Y;13;0.0139;6
POST-120Y;12;0;0
POST-120Y;6;0.00485;1
POST-120Y;16;0;0
POST-120Y;10;0;0
POST-120Y;14;0;0
POST-120Y;8;0;0
POST-120Y;9;0;0
POST-120Y;15;0.0195;1
POST-120Y;17;0;0
526A;11;0;0
526A;2;0;0
526A;3;0;0
526A;1;0.019514286;1
526A;4;0.0298;1
526A;5;0.0348;1
526A;7;0;0
526A;13;0;0
526A;12;0;0
526A;6;0;0
526A;16;0;0
526A;10;0.0458;1
526A;14;0.0158;2
526A;8;0;0
526A;9;0;0
526A;15;0;0
526A;17;0;0
762C;11;0;0
762C;2;0;0
762C;3;0;0
762C;1;0;0
762C;4;0;0
762C;5;0.08;1
762C;7;0;0
762C;13;0;0
762C;12;0;0
762C;6;0.0054;4
762C;16;0;0
762C;10;0.1008;1
762C;14;0.0738;2
762C;8;0;0
762C;9;0;0
762C;15;0;0
762C;17;0;0
22120006;11;0.0035;1
22120006;2;0;0
22120006;3;0;0
22120006;1;0;0
22120006;4;0;0
22120006;5;0;0
22120006;7;0;0
22120006;13;0;0
22120006;12;0;0
22120006;6;0;0
22120006;16;0;0
22120006;10;0;0
22120006;14;0;0
22120006;8;0;0
22120006;9;0;0
22120006;15;0;0
22120006;17;0;0
22120005;11;0.0035;1
22120005;2;0;0
22120005;3;0;0
22120005;1;0;0
22120005;4;0;0
22120005;5;0;0
22120005;7;0;0
22120005;13;0;0
22120005;12;0;0
22120005;6;0;0
22120005;16;0;0
22120005;10;0;0
22120005;14;0;0
22120005;8;0;0
22120005;9;0;0
22120005;15;0;0
22120005;17;0;0
1145;11;0.7632;12
1145;2;0.9;38
1145;3;0.9084;22
1145;1;0.149;7
1145;4;0.5995;7
1145;5;0.6096;7
1145;7;0;0
1145;13;0;0
1145;12;0;0
1145;6;0.2364;34
1145;16;0;0
1145;10;0.4272;1
1145;14;0.2837;12
1145;8;0;0
1145;9;0;0
1145;15;0;0
1145;17;0;0
IWBSI150;11;0.0485625;5
IWBSI150;2;0;0
IWBSI150;3;0.0485625;1
IWBSI150;1;0;0
IWBSI150;4;0;0
IWBSI150;5;0;0
IWBSI150;7;0;0
IWBSI150;13;0;0
IWBSI150;12;0;0
IWBSI150;6;0.02325;1
IWBSI150;16;0;0
IWBSI150;10;0.0276;1
IWBSI150;14;0;0
IWBSI150;8;0;0
IWBSI150;9;0;0
IWBSI150;15;0;0
IWBSI150;17;0;0
CUBZIG120;11;0.0019;4
CUBZIG120;2;0.0185;3
CUBZIG120;3;0;0
CUBZIG120;1;0.0392;1
CUBZIG120;4;0.039;1
CUBZIG120;5;0.0433;1
CUBZIG120;7;0;0
CUBZIG120;13;0;0
CUBZIG120;12;0;0
CUBZIG120;6;0.009;7
CUBZIG120;16;0;0
CUBZIG120;10;0.0597;1
CUBZIG120;14;0.045;2
CUBZIG120;8;0;0
CUBZIG120;9;0;0
CUBZIG120;15;0;0
CUBZIG120;17;0;0
SETT23;11;0.0138;4
SETT23;2;0;0
SETT23;3;0.0472;1
SETT23;1;0.0652;7
SETT23;4;0.0428;7
SETT23;5;0;0
SETT23;7;0;0
SETT23;13;0;0
SETT23;12;0;0
SETT23;6;0.0112;2
SETT23;16;0;0
SETT23;10;0;0
SETT23;14;0.0061;2
SETT23;8;0.147;1
SETT23;9;0;0
SETT23;15;0;0
SETT23;17;0;0
F5121;11;0;0
F5121;2;0;0
F5121;3;0;0
F5121;1;0.2693;5
F5121;4;0.4488;5
F5121;5;0.5924;5
F5121;7;0;0
F5121;13;0;0
F5121;12;0;0
F5121;6;0.0539;8
F5121;16;0;0
F5121;10;0.2513;1
F5121;14;0;0
F5121;8;0;0
F5121;9;0;0
F5121;15;0;0
F5121;17;0;0
MOB-03RDL;11;0;0
MOB-03RDL;2;0;0
MOB-03RDL;3;0;0
MOB-03RDL;1;0.0182;1
MOB-03RDL;4;0.0032;1
MOB-03RDL;5;0;0
MOB-03RDL;7;0;0
MOB-03RDL;13;0;0
MOB-03RDL;12;0;0
MOB-03RDL;6;0;0
MOB-03RDL;16;0;0
MOB-03RDL;10;0;0
MOB-03RDL;14;0.057;2
MOB-03RDL;8;0;0
MOB-03RDL;9;0.0171;1
MOB-03RDL;15;0;0
MOB-03RDL;17;0;0
DES305;11;0;0
DES305;2;0;0
DES305;3;0;0
DES305;1;0.025;1
DES305;4;0.01;1
DES305;5;0;0
DES305;7;0;0
DES305;13;0;0
DES305;12;0;0
DES305;6;0;0
DES305;16;0;0
DES305;10;0;0
DES305;14;0.001;2
DES305;8;0.0225;1
DES305;9;0;0
DES305;15;0;0
DES305;17;0;0
2211;11;0;0
2211;2;0;0
2211;3;0;0
2211;1;0.008;2
2211;4;0;0
2211;5;0;0
2211;7;0.018;3
2211;13;0;0
2211;12;0.036;1
2211;6;0.024;1
2211;16;0.028;1
2211;10;0;0
2211;14;0;0
2211;8;0;0
2211;9;0;0
2211;15;0;0
2211;17;0;0
A658;11;0;0
A658;2;0.036;3
A658;3;0.0432;3
A658;1;0;0
A658;4;0;0
A658;5;0;0
A658;7;0.018;3
A658;13;0;0
A658;12;0;0
A658;6;0.072;3
A658;16;0.144;1
A658;10;0;0
A658;14;0.0108;2
A658;8;0;0
A658;9;0;0
A658;15;0;0
A658;17;0;0
F5143;11;0;0
F5143;2;0.14905;4
F5143;3;0.09935;4
F5143;1;0.027;1
F5143;4;0.0218;1
F5143;5;0.0745;1
F5143;7;0;0
F5143;13;0;0
F5143;12;0;0
F5143;6;0.02485;4
F5143;16;0;0
F5143;10;0.0497;1
F5143;14;0.0216;2
F5143;8;0;0
F5143;9;0;0
F5143;15;0;0
F5143;17;0;0
1001-1A;11;0;0
1001-1A;2;0;0
1001-1A;3;0;0
1001-1A;1;0.036;1
1001-1A;4;0.0596;1
1001-1A;5;0.0596;1
1001-1A;7;0;0
1001-1A;13;0;0
1001-1A;12;0;0
1001-1A;6;0;0
1001-1A;16;0;0
1001-1A;10;0.0484;1
1001-1A;14;0.0384;2
1001-1A;8;0;0
1001-1A;9;0;0
1001-1A;15;0;0
1001-1A;17;0;0
2213;11;0;0
2213;2;0;0
2213;3;0;0
2213;1;0.008;2
2213;4;0;0
2213;5;0;0
2213;7;0.012;2
2213;13;0;0
2213;12;0.0396;1
2213;6;0.0168;1
2213;16;0.028;1
2213;10;0;0
2213;14;0;0
2213;8;0;0
2213;9;0;0
2213;15;0;0
2213;17;0;0
N168A;11;0;0
N168A;2;0;0
N168A;3;0.035;1
N168A;1;0;0
N168A;4;0;0
N168A;5;0;0
N168A;7;0;0
N168A;13;0;0
N168A;12;0;0
N168A;6;0.011;1
N168A;16;0;0
N168A;10;0;0
N168A;14;0.0058;2
N168A;8;0;0
N168A;9;0.022;1
N168A;15;0;0
N168A;17;0;0
N168B;11;0;0
N168B;2;0;0
N168B;3;0.035;1
N168B;1;0;0
N168B;4;0;0
N168B;5;0;0
N168B;7;0;0
N168B;13;0;0
N168B;12;0;0
N168B;6;0.011;1
N168B;16;0;0
N168B;10;0;0
N168B;14;0.0058;2
N168B;8;0;0
N168B;9;0.022;1
N168B;15;0;0
N168B;17;0;0
F3483;11;0;0
F3483;2;0;0
F3483;3;0;0
F3483;1;0;0
F3483;4;0;0
F3483;5;0;0
F3483;7;0.00545;8
F3483;13;0;0
F3483;12;0.136;1
F3483;6;0.0544;1
F3483;16;0.3482;1
F3483;10;0;0
F3483;14;0;0
F3483;8;0;0
F3483;9;0;0
F3483;15;0;0
F3483;17;0;0
F5159;11;0.4637;6
F5159;2;0.5987;23
F5159;3;0.608;13
F5159;1;0.1452;4
F5159;4;0.3918;4
F5159;5;0.4028;4
F5159;7;0;0
F5159;13;0;0
F5159;12;0;0
F5159;6;0.1499;19
F5159;16;0;0
F5159;10;0.2587;1
F5159;14;0.1714;8
F5159;8;0;0
F5159;9;0;0
F5159;15;0;0
F5159;17;0;0
SV750;11;0;0
SV750;2;0.1296;6
SV750;3;0.0864;4
SV750;1;0.0156;1
SV750;4;0.0112;1
SV750;5;0.038;1
SV750;7;0;0
SV750;13;0;0
SV750;12;0;0
SV750;6;0.0216;4
SV750;16;0;0
SV750;10;0.0432;1
SV750;14;0.0216;2
SV750;8;0;0
SV750;9;0;0
SV750;15;0;0
SV750;17;0;0
MOB-15;11;0;0
MOB-15;2;0;0
MOB-15;3;0;0
MOB-15;1;0.1589;8
MOB-15;4;0.0552;8
MOB-15;5;0;0
MOB-15;7;0;0
MOB-15;13;0;0
MOB-15;12;0;0
MOB-15;6;0;0
MOB-15;16;0;0
MOB-15;10;0;0
MOB-15;14;0.0516;2
MOB-15;8;0;0
MOB-15;9;0.1348;1
MOB-15;15;0;0
MOB-15;17;0;0
22501017;11;0.013;1
22501017;2;0;0
22501017;3;0;0
22501017;1;0;0
22501017;4;0;0
22501017;5;0;0
22501017;7;0;0
22501017;13;0;0
22501017;12;0;0
22501017;6;0;0
22501017;16;0;0
22501017;10;0;0
22501017;14;0;0
22501017;8;0;0
22501017;9;0;0
22501017;15;0;0
22501017;17;0;0
F4838;11;0;0
F4838;2;0;0
F4838;3;0;0
F4838;1;0.156;3
F4838;4;0.156;3
F4838;5;0.078;3
F4838;7;0;0
F4838;13;0;0
F4838;12;0;0
F4838;6;0.0026;4
F4838;16;0;0
F4838;10;0.1872;1
F4838;14;0.0468;2
F4838;8;0;0
F4838;9;0;0
F4838;15;0;0
F4838;17;0;0
F4836;11;0;0
F4836;2;0;0
F4836;3;0;0
F4836;1;0.02956;1
F4836;4;0.04144;1
F4836;5;0.05356;1
F4836;7;0;1
F4836;13;0;0
F4836;12;0;0
F4836;6;0.00258;4
F4836;16;0;0
F4836;10;0.0759;1
F4836;14;0.04816;2
F4836;8;0;0
F4836;9;0;0
F4836;15;0;0
F4836;17;0;0
F4834;11;0.00258;1
F4834;2;0;0
F4834;3;0;0
F4834;1;0.1342;4
F4834;4;0.1158;4
F4834;5;0.144;4
F4834;7;0;0
F4834;13;0;0
F4834;12;0;0
F4834;6;0;0
F4834;16;0;0
F4834;10;0.1401;1
F4834;14;0.072;2
F4834;8;0;0
F4834;9;0;0
F4834;15;0;0
F4834;17;0;0
F4835;11;0.00258;1
F4835;2;0;0
F4835;3;0;0
F4835;1;0.0672;2
F4835;4;0.1008;2
F4835;5;0.047;2
F4835;7;0;0
F4835;13;0;0
F4835;12;0;0
F4835;6;0;0
F4835;16;0;0
F4835;10;0.0874;1
F4835;14;0.0202;2
F4835;8;0;0
F4835;9;0;0
F4835;15;0;0
F4835;17;0;0
1201;11;0;0
1201;2;0.0893;4
1201;3;0.1175;4
1201;1;0.0009;2
1201;4;0.0979;2
1201;5;0.0979;2
1201;7;0;0
1201;13;0;0
1201;12;0;0
1201;6;0.0326;4
1201;16;0;0
1201;10;0.0653;1
1201;14;0.0326;2
1201;8;0;0
1201;9;0;0
1201;15;0;0
1201;17;0;0
1205;11;0;0
1205;2;0.073;3
1205;3;0.0689;3
1205;1;0.0158;1
1205;4;0.0648;1
1205;5;0.0608;1
1205;7;0;0
1205;13;0;0
1205;12;0;0
1205;6;0.0178;3
1205;16;0;0
1205;10;0.0415;1
1205;14;0.04;2
1205;8;0;0
1205;9;0;0
1205;15;0;0
1205;17;0;0
1208;11;0;0
1208;2;0.0438;2
1208;3;0.0414;2
1208;1;0.0095;1
1208;4;0.0389;1
1208;5;0.0365;1
1208;7;0;0
1208;13;0;0
1208;12;0;0
1208;6;0.0107;2
1208;16;0;0
1208;10;0.0249;1
1208;14;0.024;2
1208;8;0;0
1208;9;0;0
1208;15;0;0
1208;17;0;0
1262;11;0.0412;8
1262;2;0.1236;10
1262;3;0.0988;7
1262;1;0.0824;2
1262;4;0.1895;2
1262;5;0.0659;2
1262;7;0;0
1262;13;0;0
1262;12;0;0
1262;6;0.0412;7
1262;16;0;0
1262;10;0.14;1
1262;14;0.0412;2
1262;8;0;0
1262;9;0;0
1262;15;0;0
1262;17;0;0
1310;11;0.1642;4
1310;2;0.1949;10
1310;3;0.2052;4
1310;1;0.0107;1
1310;4;0.1231;1
1310;5;0.1227;1
1310;7;0;0
1310;13;0;0
1310;12;0;0
1310;6;0.0513;4
1310;16;0;0
1310;10;0.0923;1
1310;14;0.072;2
1310;8;0;0
1310;9;0;0
1310;15;0;0
1310;17;0;0
1321;11;0.1135;12
1321;2;0.3417;24
1321;3;0.205;8
1321;1;0.0892;3
1321;4;0.1294;3
1321;5;0.1028;3
1321;7;0;0
1321;13;0;0
1321;12;0;0
1321;6;0.0616;8
1321;16;0;0
1321;10;0.1109;1
1321;14;0.0739;4
1321;8;0;0
1321;9;0;0
1321;15;0;0
1321;17;0;0
1210;11;0.0348;6
1210;2;0.1494;10
1210;3;0.1387;4
1210;1;0.0393;1
1210;4;0.0388;1
1210;5;0.0424;1
1210;7;0;0
1210;13;0;0
1210;12;0;0
1210;6;0.0408;4
1210;16;0;0
1210;10;0.0816;1
1210;14;0.0408;2
1210;8;0;0
1210;9;0;0
1210;15;0;0
1210;17;0;0
2203;11;0.03;4
2203;2;0;0
2203;3;0;0
2203;1;0.1414;18
2203;4;0.0835;10
2203;5;0.3541;10
2203;7;0;0
2203;13;0;0
2203;12;0;0
2203;6;0.0078;29
2203;16;0;0
2203;10;0.0358;1
2203;14;0.0236;4
2203;8;0;0
2203;9;0;0
2203;15;0;0
2203;17;0;0
927;11;0;0
927;2;0;0
927;3;0;0
927;1;0.1283;15
927;4;0;0
927;5;0;0
927;7;0.2691;2
927;13;0;0
927;12;0;0
927;6;0;0
927;16;0;0
927;10;0;0
927;14;0.0356;1
927;8;0;0
927;9;0;0
927;15;0;0
927;17;1.4356;1
2208;11;0.0101;2
2208;2;0;0
2208;3;0;0
2208;1;0.066;17
2208;4;0.0481;15
2208;5;0;0
2208;7;0;0
2208;13;0;0
2208;12;0;0
2208;6;0.0112;29
2208;16;0;0
2208;10;0;0
2208;14;0.0236;2
2208;8;0.0912;1
2208;9;0;0
2208;15;0;0
2208;17;0;0
2204;11;0.015;2
2204;2;0;0
2204;3;0;0
2204;1;0.1514;18
2204;4;0.1;10
2204;5;0.3653;10
2204;7;0;0
2204;13;0;0
2204;12;0;0
2204;6;0.0189;29
2204;16;0;0
2204;10;0.0358;1
2204;14;0.0236;4
2204;8;0;0
2204;9;0;0
2204;15;0;0
2204;17;0;0
2206A;11;0;0
2206A;2;0;0
2206A;3;0;0
2206A;1;0.0817;4
2206A;4;0.0541;4
2206A;5;0.076;4
2206A;7;0;0
2206A;13;0;0
2206A;12;0;0
2206A;6;0;0
2206A;16;0;0
2206A;10;0.0179;1
2206A;14;0.0236;2
2206A;8;0;0
2206A;9;0;0
2206A;15;0;0
2206A;17;0;0
2206B;11;0.014;3
2206B;2;0;0
2206B;3;0;0
2206B;1;0.1081;16
2206B;4;0.0631;14
2206B;5;0.2515;4
2206B;7;0;0
2206B;13;0;0
2206B;12;0;0
2206B;6;0.0201;32
2206B;16;0;0
2206B;10;0.0179;1
2206B;14;0.0236;6
2206B;8;0;0
2206B;9;0;0
2206B;15;0;0
2206B;17;0;0
2210A;11;0;0
2210A;2;0;0
2210A;3;0;0
2210A;1;0.1514;4
2210A;4;0.1;4
2210A;5;0.076;4
2210A;7;0;0
2210A;13;0;0
2210A;12;0;0
2210A;6;0;0
2210A;16;0;0
2210A;10;0.0179;1
2210A;14;0.0236;2
2210A;8;0;0
2210A;9;0;0
2210A;15;0;0
2210A;17;0;0
2210B;11;0;0
2210B;2;0;0
2210B;3;0;0
2210B;1;0.0817;18
2210B;4;0.0541;16
2210B;5;0.3089;3
2210B;7;0;0
2210B;13;0;0
2210B;12;0;0
2210B;6;0.0201;31
2210B;16;0;0
2210B;10;0.0358;1
2210B;14;0.0236;4
2210B;8;0;0
2210B;9;0;0
2210B;15;0;0
2210B;17;0;0
2210C;11;0.0072;2
2210C;2;0;0
2210C;3;0;0
2210C;1;0.0383;2
2210C;4;0.0339;2
2210C;5;0.0459;2
2210C;7;0;0
2210C;13;0;0
2210C;12;0;0
2210C;6;0;0
2210C;16;0;0
2210C;10;0.0179;1
2210C;14;0.0236;2
2210C;8;0;0
2210C;9;0;0
2210C;15;0;0
2210C;17;0;0
2210D;11;0;0
2210D;2;0;0
2210D;3;0.0167;1
2210D;1;0.1224;10
2210D;4;0.1224;10
2210D;5;0;0
2210D;7;0;0
2210D;13;0;0
2210D;12;0;0
2210D;6;0.0115;3
2210D;16;0;0
2210D;10;0;0
2210D;14;0.0236;2
2210D;8;0;0
2210D;9;0.1646;1
2210D;15;0;0
2210D;17;0;0
2207A;11;0;0
2207A;2;0;0
2207A;3;0;0
2207A;1;0.0817;4
2207A;4;0.0541;4
2207A;5;0.076;4
2207A;7;0;0
2207A;13;0;0
2207A;12;0;0
2207A;6;0;0
2207A;16;0;0
2207A;10;0.0179;1
2207A;14;0.0236;2
2207A;8;0;0
2207A;9;0;0
2207A;15;0;0
2207A;17;0;0
2207B;11;0;0
2207B;2;0;0
2207B;3;0;0
2207B;1;0.0817;4
2207B;4;0.0541;4
2207B;5;0.0459;4
2207B;7;0;0
2207B;13;0;0
2207B;12;0;0
2207B;6;0;0
2207B;16;0;0
2207B;10;0.0179;1
2207B;14;0.0236;2
2207B;8;0;0
2207B;9;0;0
2207B;15;0;0
2207B;17;0;0
2207C;11;0.0072;1
2207C;2;0;0
2207C;3;0;0
2207C;1;0.0383;2
2207C;4;0.0339;2
2207C;5;0.076;2
2207C;7;0;0
2207C;13;0;0
2207C;12;0;0
2207C;6;0;0
2207C;16;0;0
2207C;10;0.0179;1
2207C;14;0.0236;2
2207C;8;0;0
2207C;9;0;0
2207C;15;0;0
2207C;17;0;0
2209A;11;0;0
2209A;2;0;0
2209A;3;0;0
2209A;1;0.0412;8
2209A;4;0.1194;8
2209A;5;0;0
2209A;7;0;0
2209A;13;0;0
2209A;12;0;0
2209A;6;0.0147;19
2209A;16;0;0
2209A;10;0;0
2209A;14;0.0236;2
2209A;8;0;0
2209A;9;0.0707;1
2209A;15;0;0
2209A;17;0;0
2209B;11;0.0108;3
2209B;2;0;0
2209B;3;0;0
2209B;1;0.0495;7
2209B;4;0.1247;7
2209B;5;0;0
2209B;7;0;0
2209B;13;0;0
2209B;12;0;0
2209B;6;0;0
2209B;16;0;0
2209B;10;0;0
2209B;14;0.0236;2
2209B;8;0;0
2209B;9;0.0594;1
2209B;15;0;0
2209B;17;0;0
103SA;11;0;0
103SA;2;0;0
103SA;3;0;0
103SA;1;0.0589;1
103SA;4;0.04;1
103SA;5;0.04;1
103SA;7;0;0
103SA;13;0;0
103SA;12;0;0
103SA;6;0;0
103SA;16;0;0
103SA;10;0.0583;1
103SA;14;0.0426;2
103SA;8;0;0
103SA;9;0;0
103SA;15;0;0
103SA;17;0;0
STRBKLF;11;0.018;0
STRBKLF;2;0.1;13
STRBKLF;3;0.036;3
STRBKLF;1;0.081;3
STRBKLF;4;0.0395;3
STRBKLF;5;0;0
STRBKLF;7;0;0
STRBKLF;13;0;0
STRBKLF;12;0;0
STRBKLF;6;0.018;3
STRBKLF;16;0;0
STRBKLF;10;0;0
STRBKLF;14;0.018;2
STRBKLF;8;0;0
STRBKLF;9;0.03915;1
STRBKLF;15;0;0
STRBKLF;17;0;0
677;11;0.0576;14
677;2;0;0
677;3;0.0403;4
677;1;0.1037;7
677;4;0.1267;7
677;5;0;0
677;7;0;0
677;13;0.0538;1
677;12;0;0
677;6;0.0173;5
677;16;0;0
677;10;0;0
677;14;0;0
677;8;0.144;1
677;9;0;0
677;15;0;0
677;17;0;0
STRSTRECPW;11;0.10846;6
STRSTRECPW;2;0.18096;5
STRSTRECPW;3;0.21707;0
STRSTRECPW;1;0.25332;5
STRSTRECPW;4;0.25346;5
STRSTRECPW;5;0;0
STRSTRECPW;7;0;0
STRSTRECPW;13;0.21707;9
STRSTRECPW;12;0;0
STRSTRECPW;6;0.09048;9
STRSTRECPW;16;0;0
STRSTRECPW;10;0;0
STRSTRECPW;14;0.0366;2
STRSTRECPW;8;0;0
STRSTRECPW;9;0.36192;1
STRSTRECPW;15;0;0
STRSTRECPW;17;0;0
F3714;11;0;0
F3714;2;0;0
F3714;3;0;0
F3714;1;0;0
F3714;4;0;0
F3714;5;0;0
F3714;7;0.14;2
F3714;13;0;0
F3714;12;0;0
F3714;6;0;0
F3714;16;0.173;1
F3714;10;0;0
F3714;14;0;0
F3714;8;0;0
F3714;9;0;0
F3714;15;0;0
F3714;17;0;0
F3715;11;0;0
F3715;2;0;0
F3715;3;0;0
F3715;1;0;0
F3715;4;0;0
F3715;5;0;0
F3715;7;0.014;1
F3715;13;0;0
F3715;12;0;0
F3715;6;0;0
F3715;16;0;0
F3715;10;0;0
F3715;14;0;0
F3715;8;0;0
F3715;9;0;0
F3715;15;0;0
F3715;17;0.1236;1
F3831;11;0;0
F3831;2;0;0
F3831;3;0;0
F3831;1;0;0
F3831;4;0;0
F3831;5;0;0
F3831;7;0.084;2
F3831;13;0;0
F3831;12;0;0
F3831;6;0;0
F3831;16;0.236;1
F3831;10;0;0
F3831;14;0;0
F3831;8;0;0
F3831;9;0;0
F3831;15;0;0
F3831;17;0;0
1122;11;0;0
1122;2;0;0
1122;3;0;0
1122;1;0.0221;1
1122;4;0;0
1122;5;0;0
1122;7;0.05038;1
1122;13;0;0
1122;12;0;0
1122;6;0;0
1122;16;0;0
1122;10;0;0
1122;14;0.02622;2
1122;8;0;0
1122;9;0;0
1122;15;0.5383;1
1122;17;0;0
MOB10C-PUERT;11;0;0
MOB10C-PUERT;2;0;0
MOB10C-PUERT;3;0;0
MOB10C-PUERT;1;0.0288;2
MOB10C-PUERT;4;0.0445;2
MOB10C-PUERT;5;0;0
MOB10C-PUERT;7;0;0
MOB10C-PUERT;13;0;0
MOB10C-PUERT;12;0;0
MOB10C-PUERT;6;0;0
MOB10C-PUERT;16;0;0
MOB10C-PUERT;10;0;0
MOB10C-PUERT;14;0.0108;2
MOB10C-PUERT;8;0;0
MOB10C-PUERT;9;0.0223;1
MOB10C-PUERT;15;0;0
MOB10C-PUERT;17;0;0
SETT21;11;0.0138;4
SETT21;2;0;0
SETT21;3;0.0428;1
SETT21;1;0.058;7
SETT21;4;0.0472;7
SETT21;5;0;0
SETT21;7;0;0
SETT21;13;0;0
SETT21;12;0;0
SETT21;6;0.0112;2
SETT21;16;0;0
SETT21;10;0;0
SETT21;14;0.0061;2
SETT21;8;0.112;1
SETT21;9;0;0
SETT21;15;0;0
SETT21;17;0;0
F5188;11;0.0079;2
F5188;2;0;0
F5188;3;0;0
F5188;1;0;0
F5188;4;0;0
F5188;5;0;0
F5188;7;0;0
F5188;13;0;0
F5188;12;0;0
F5188;6;0.0034;1
F5188;16;0;0
F5188;10;0.0049;1
F5188;14;0.005;2
F5188;8;0;0
F5188;9;0;0
F5188;15;0;0
F5188;17;0;0
F5161;11;0;0
F5161;2;0;0
F5161;3;0;0
F5161;1;0.6101;24
F5161;4;0.4304;24
F5161;5;0.1618;0
F5161;7;0;0
F5161;13;0;0
F5161;12;0;0
F5161;6;0;0
F5161;16;0;0
F5161;10;0;0
F5161;14;0.1557;4
F5161;8;0;0
F5161;9;0.833;1
F5161;15;0;0
F5161;17;0;0
1016;11;0.108;2
1016;2;0.1296;2
1016;3;0.1224;2
1016;1;0.0365;1
1016;4;0.108;1
1016;5;0.0715;1
1016;7;0;0
1016;13;0;0
1016;12;0;0
1016;6;0.036;4
1016;16;0;0
1016;10;0.072;1
1016;14;0.036;2
1016;8;0;0
1016;9;0;0
1016;15;0;0
1016;17;0;0
KLASS03B;11;0;0
KLASS03B;2;0;0
KLASS03B;3;0;0
KLASS03B;1;0.085;1
KLASS03B;4;0.031;1
KLASS03B;5;0.031;1
KLASS03B;7;0;0
KLASS03B;13;0;0
KLASS03B;12;0;0
KLASS03B;6;0;0
KLASS03B;16;0;0
KLASS03B;10;0;0
KLASS03B;14;0.036;2
KLASS03B;8;0;0
KLASS03B;9;0.045;1
KLASS03B;15;0;0
KLASS03B;17;0;0
1025;11;0;0
1025;2;0.066;2
1025;3;0.09;4
1025;1;0.204;10
1025;4;0.207;10
1025;5;0;0
1025;7;0;0
1025;13;0;0
1025;12;0;0
1025;6;0.01;2
1025;16;0;0
1025;10;0;0
1025;14;0.043;4
1025;8;0;0
1025;9;0.922;1
1025;15;0;0
1025;17;0;0
F5209;11;0;0
F5209;2;0;0
F5209;3;0;0
F5209;1;0.348;12
F5209;4;0.306241667;12
F5209;5;0;0
F5209;7;0;0
F5209;13;0;0
F5209;12;0;0
F5209;6;0.041758333;14
F5209;16;0;0
F5209;10;0;0
F5209;14;0.0696;4
F5209;8;0;0
F5209;9;0.4872;1
F5209;15;0;0
F5209;17;0;0
F5210;11;0;0
F5210;2;0.02024;0
F5210;3;0.08855;3
F5210;1;0.0853;12
F5210;4;0.17247;12
F5210;5;0.0875;0
F5210;7;0;0
F5210;13;0;0
F5210;12;0;0
F5210;6;0.01037;3
F5210;16;0;0
F5210;10;0;0
F5210;14;0.04816;4
F5210;8;0.179;1
F5210;9;0.29719;1
F5210;15;0;0
F5210;17;0;0
MOB-03BA;11;0;0
MOB-03BA;2;0;0
MOB-03BA;3;0;0
MOB-03BA;1;0.01275;1
MOB-03BA;4;0.02235;1
MOB-03BA;5;0;0
MOB-03BA;7;0;0
MOB-03BA;13;0;0
MOB-03BA;12;0;0
MOB-03BA;6;0;0
MOB-03BA;16;0;0
MOB-03BA;10;0;0
MOB-03BA;14;0.004;2
MOB-03BA;8;0;0
MOB-03BA;9;0.01195;1
MOB-03BA;15;0;0
MOB-03BA;17;0;0
305A;11;0;0
305A;2;0;0
305A;3;0;0
305A;1;0.0098;1
305A;4;0.0078;1
305A;5;0;0
305A;7;0;0
305A;13;0;0
305A;12;0;0
305A;6;0;0
305A;16;0;0
305A;10;0;0
305A;14;0.008;2
305A;8;0.013;1
305A;9;0;0
305A;15;0;0
305A;17;0;0
123SA;11;0;0
123SA;2;0;0
123SA;3;0;0
123SA;1;0.0145;1
123SA;4;0.0125;1
123SA;5;0.0327;1
123SA;7;0;0
123SA;13;0;0
123SA;12;0;0
123SA;6;0;0
123SA;16;0;0
123SA;10;0.035;1
123SA;14;0.021;2
123SA;8;0;0
123SA;9;0;0
123SA;15;0;0
123SA;17;0;0
120S2013B;11;0;0
120S2013B;2;0;0
120S2013B;3;0;0
120S2013B;1;0;0
120S2013B;4;0;0
120S2013B;5;0.1;1
120S2013B;7;0;0
120S2013B;13;0;0
120S2013B;12;0;0
120S2013B;6;0;0
120S2013B;16;0;0
120S2013B;10;0.001;1
120S2013B;14;0;0
120S2013B;8;0;0
120S2013B;9;0;0
120S2013B;15;0;0
120S2013B;17;0;0
120SJ;11;0;0
120SJ;2;0;0
120SJ;3;0;0
120SJ;1;0.0158;1
120SJ;4;0.0258;1
120SJ;5;0.0264;1
120SJ;7;0;0
120SJ;13;0;0
120SJ;12;0;0
120SJ;6;0;0
120SJ;16;0;0
120SJ;10;0.0561;1
120SJ;14;0.005;2
120SJ;8;0;0
120SJ;9;0;0
120SJ;15;0;0
120SJ;17;0;0
135CUB;11;0;0
135CUB;2;0;0
135CUB;3;0;0
135CUB;1;0.0125;1
135CUB;4;0.06;1
135CUB;5;0;0
135CUB;7;0;0
135CUB;13;0;0
135CUB;12;0;0
135CUB;6;0;0
135CUB;16;0;0
135CUB;10;0;0
135CUB;14;0.014;2
135CUB;8;0;0
135CUB;9;0.01;1
135CUB;15;0;0
135CUB;17;0;0
133AA;11;0;0
133AA;2;0;0
133AA;3;0;0
133AA;1;0.0158;1
133AA;4;0.0489;1
133AA;5;0.0489;1
133AA;7;0;0
133AA;13;0;0
133AA;12;0;0
133AA;6;0;0
133AA;16;0;0
133AA;10;0.0306;1
133AA;14;0.0135;2
133AA;8;0;0
133AA;9;0;0
133AA;15;0;0
133AA;17;0;0
MOB-03AA;11;0;0
MOB-03AA;2;0;0
MOB-03AA;3;0;0
MOB-03AA;1;0.0306;1
MOB-03AA;4;0.0327;1
MOB-03AA;5;0;0
MOB-03AA;7;0;0
MOB-03AA;13;0;0
MOB-03AA;12;0;0
MOB-03AA;6;0;0
MOB-03AA;16;0;0
MOB-03AA;10;0;0
MOB-03AA;14;0.0324;2
MOB-03AA;8;0;0
MOB-03AA;9;0.0723;1
MOB-03AA;15;0;0
MOB-03AA;17;0;0
1162013A1;11;0;0
1162013A1;2;0;0
1162013A1;3;0;0
1162013A1;1;0.0125;1
1162013A1;4;0.06;1
1162013A1;5;0;0
1162013A1;7;0;0
1162013A1;13;0;0
1162013A1;12;0;0
1162013A1;6;0;0
1162013A1;16;0;0
1162013A1;10;0;0
1162013A1;14;0.014;2
1162013A1;8;0;0
1162013A1;9;0.01;1
1162013A1;15;0;0
1162013A1;17;0;0
650G;11;0;0
650G;2;0;0
650G;3;0;0
650G;1;0.1;1
650G;4;0.035;1
650G;5;0;0
650G;7;0;0
650G;13;0;0
650G;12;0;0
650G;6;0;0
650G;16;0;0
650G;10;0.1;1
650G;14;0.011;2
650G;8;0;0
650G;9;0;0
650G;15;0;0
650G;17;0;0
702B;11;0;0
702B;2;0;0
702B;3;0;0
702B;1;0.1;1
702B;4;0.035;1
702B;5;0.1;1
702B;7;0;0
702B;13;0;0
702B;12;0;0
702B;6;0;0
702B;16;0;0
702B;10;0.0001;1
702B;14;0.0026;2
702B;8;0;0
702B;9;0;0
702B;15;0;0
702B;17;0;0
AG702A;11;0;0
AG702A;2;0;0
AG702A;3;0;0
AG702A;1;0.1;1
AG702A;4;0.035;1
AG702A;5;0.1;1
AG702A;7;0;0
AG702A;13;0;0
AG702A;12;0;0
AG702A;6;0;0
AG702A;16;0;0
AG702A;10;0.0001;1
AG702A;14;0.0026;2
AG702A;8;0;0
AG702A;9;0;0
AG702A;15;0;0
AG702A;17;0;0
DES735;11;0;0
DES735;2;0;0
DES735;3;0;0
DES735;1;0.0125;1
DES735;4;0.06;1
DES735;5;0;0
DES735;7;0;0
DES735;13;0;0
DES735;12;0;0
DES735;6;0;0
DES735;16;0;0
DES735;10;0;0
DES735;14;0.014;2
DES735;8;0;0
DES735;9;0.01;1
DES735;15;0;0
DES735;17;0;0
1072LAT;11;0;0
1072LAT;2;0;0
1072LAT;3;0;0
1072LAT;1;0.018;1
1072LAT;4;0.018;1
1072LAT;5;0.013;1
1072LAT;7;0;0
1072LAT;13;0;0
1072LAT;12;0;0
1072LAT;6;0;0
1072LAT;16;0;0
1072LAT;10;0;0
1072LAT;14;0;0
1072LAT;8;0.018;1
1072LAT;9;0;0
1072LAT;15;0;0
1072LAT;17;0;0
F4181;11;0.1143;2
F4181;2;0.0259;2
F4181;3;0.2052;5
F4181;1;0.3052;2
F4181;4;0.1052;2
F4181;5;0.2052;2
F4181;7;0;0
F4181;13;0;0
F4181;12;0;0
F4181;6;0.0432;5
F4181;16;0;0
F4181;10;0.1296;1
F4181;14;0.0492;2
F4181;8;0;0
F4181;9;0;0
F4181;15;0;0
F4181;17;0;0
1212;11;0.1151;5
1212;2;0.1381;6
1212;3;0.1304;4
1212;1;0.0421;1
1212;4;0.073;1
1212;5;0.1151;1
1212;7;0;0
1212;13;0;0
1212;12;0;0
1212;6;0.0384;5
1212;16;0;0
1212;10;0.0767;1
1212;14;0.0384;2
1212;8;0;0
1212;9;0;0
1212;15;0;0
1212;17;0;0
1215;11;0.1151;3
1215;2;0.1381;4
1215;3;0.1304;3
1215;1;0.0421;1
1215;4;0.073;1
1215;5;0.1151;1
1215;7;0;0
1215;13;0;0
1215;12;0;0
1215;6;0.0384;4
1215;16;0;0
1215;10;0.0767;1
1215;14;0.0384;2
1215;8;0;0
1215;9;0;0
1215;15;0;0
1215;17;0;0
POST-PLACA;11;0;0
POST-PLACA;2;0.0058;1
POST-PLACA;3;0;0
POST-PLACA;1;0;0
POST-PLACA;4;0;0
POST-PLACA;5;0;0
POST-PLACA;7;0;0
POST-PLACA;13;0;0
POST-PLACA;12;0;0
POST-PLACA;6;0.0014;1
POST-PLACA;16;0;0
POST-PLACA;10;0;0
POST-PLACA;14;0;0
POST-PLACA;8;0;0
POST-PLACA;9;0;0
POST-PLACA;15;0.0026;1
POST-PLACA;17;0;0
F4690;11;0;0
F4690;2;0;0
F4690;3;0;0
F4690;1;0.2116;12
F4690;4;0.3158;8
F4690;5;0;0
F4690;7;0.169;4
F4690;13;0;0
F4690;12;0;0
F4690;6;0;0
F4690;16;0.1365;4
F4690;10;0;0
F4690;14;0.0223;6
F4690;8;0;0
F4690;9;0.2516;1
F4690;15;0;0
F4690;17;0;0
2007;11;0;0
2007;2;0;0
2007;3;0;0
2007;1;0.17536;8
2007;4;0.2472;8
2007;5;0;0
2007;7;0;0
2007;13;0;0
2007;12;0;0
2007;6;0.0378;2
2007;16;0;0
2007;10;0;0
2007;14;0.033;2
2007;8;0;0
2007;9;0.5768;1
2007;15;0;0
2007;17;0;0
2052;11;0.0318;4
2052;2;0;0
2052;3;0.0212;2
2052;1;0.0593;1
2052;4;0.0258;1
2052;5;0.0229;1
2052;7;0;0
2052;13;0;0
2052;12;0;0
2052;6;0.0085;2
2052;16;0;0
2052;10;0.0318;1
2052;14;0.0106;2
2052;8;0;0
2052;9;0;0
2052;15;0;0
2052;17;0;0
F5237;11;0.005;2
F5237;2;0;0
F5237;3;0.121;1
F5237;1;0;0
F5237;4;0;0
F5237;5;0;0
F5237;7;0;0
F5237;13;0;0
F5237;12;0;0
F5237;6;0.0216;1
F5237;16;0;0
F5237;10;0.019;1
F5237;14;0.043;2
F5237;8;0;0
F5237;9;0;0
F5237;15;0;0
F5237;17;0;0
F5238;11;0.286;5
F5238;2;0.952;7
F5238;3;0.25;2
F5238;1;0.568;2
F5238;4;0.6;2
F5238;5;0.0536;2
F5238;7;0;0
F5238;13;0;0
F5238;12;0;0
F5238;6;0.02;7
F5238;16;0;0
F5238;10;0.043;1
F5238;14;0;0
F5238;8;0;0
F5238;9;0;0
F5238;15;0;0
F5238;17;0;0
22120007;11;0.0039;1
22120007;2;0;0
22120007;3;0;0
22120007;1;0;0
22120007;4;0;0
22120007;5;0;0
22120007;7;0;0
22120007;13;0;0
22120007;12;0;0
22120007;6;0;0
22120007;16;0;0
22120007;10;0;0
22120007;14;0;0
22120007;8;0;0
22120007;9;0;0
22120007;15;0;0
22120007;17;0;0
F5216;11;0;0
F5216;2;0;0
F5216;3;0;0
F5216;1;0.077266667;6
F5216;4;0.097566667;6
F5216;5;0;0
F5216;7;0;0
F5216;13;0;0
F5216;12;0;0
F5216;6;0.0058;35
F5216;16;0;0
F5216;10;0;0
F5216;14;0.052966667;2
F5216;8;0;0
F5216;9;0.221433333;1
F5216;15;0;0
F5216;17;0;0
1060;11;0.0756;4
1060;2;0.2268;7
1060;3;0.1814;7
1060;1;0.1512;2
1060;4;0.3477;2
1060;5;0.1209;2
1060;7;0;0
1060;13;0;0
1060;12;0;0
1060;6;0.0756;9
1060;16;0;0
1060;10;0.257;1
1060;14;0.0756;4
1060;8;0;0
1060;9;0;0
1060;15;0;0
1060;17;0;0
21810A;11;0;0
21810A;2;0;0
21810A;3;0;0
21810A;1;0.1;1
21810A;4;0.035;1
21810A;5;0.1;1
21810A;7;0;0
21810A;13;0;0
21810A;12;0;0
21810A;6;0;0
21810A;16;0;0
21810A;10;0.0001;1
21810A;14;0.0026;2
21810A;8;0;0
21810A;9;0;0
21810A;15;0;0
21810A;17;0;0
F4964A;11;0;0
F4964A;2;0;0
F4964A;3;0;0
F4964A;1;0.1;1
F4964A;4;0.035;1
F4964A;5;0.1;1
F4964A;7;0;0
F4964A;13;0;0
F4964A;12;0;0
F4964A;6;0;0
F4964A;16;0;0
F4964A;10;0.0001;1
F4964A;14;0.0026;2
F4964A;8;0;0
F4964A;9;0;0
F4964A;15;0;0
F4964A;17;0;0
1100A;11;0;0
1100A;2;0;0
1100A;3;0;0
1100A;1;0.1;1
1100A;4;0.035;1
1100A;5;0.1;1
1100A;7;0;0
1100A;13;0;0
1100A;12;0;0
1100A;6;0;0
1100A;16;0;0
1100A;10;0.0001;1
1100A;14;0.0026;2
1100A;8;0;0
1100A;9;0;0
1100A;15;0;0
1100A;17;0;0
1110;11;0;0
1110;2;0.228;4
1110;3;0.24;4
1110;1;0.0125;1
1110;4;0.144;1
1110;5;0.1435;1
1110;7;0;0
1110;13;0;0
1110;12;0;0
1110;6;0.06;4
1110;16;0;0
1110;10;0.108;1
1110;14;0.072;2
1110;8;0;0
1110;9;0;0
1110;15;0;0
1110;17;0;0
F5236;11;0.1888;4
F5236;2;0.4356;11
F5236;3;0.1742;5
F5236;1;0.1452;4
F5236;4;0.1162;4
F5236;5;0.1452;4
F5236;7;0;0
F5236;13;0;0
F5236;12;0;0
F5236;6;0.0726;5
F5236;16;0;0
F5236;10;0.1307;1
F5236;14;0.0436;2
F5236;8;0;0
F5236;9;0;0
F5236;15;0;0
F5236;17;0;0
FB018;11;0.04;52
FB018;2;0;0
FB018;3;0;0
FB018;1;0.026;10
FB018;4;0.4086;10
FB018;5;0;0
FB018;7;0;0
FB018;13;0.02;1
FB018;12;0;0
FB018;6;0.0929;5
FB018;16;0;0
FB018;10;0;0
FB018;14;0;0
FB018;8;0.5573;1
FB018;9;0;0
FB018;15;0;0
FB018;17;0;0
F5219;11;0.2678;36
F5219;2;0.1488;2
F5219;3;0.1488;10
F5219;1;0.237416667;12
F5219;4;0.059316667;12
F5219;5;0;0
F5219;7;0;0
F5219;13;0.1041;2
F5219;12;0;0
F5219;6;0.089283333;0
F5219;16;0;0
F5219;10;0;0
F5219;14;0.0446;2
F5219;8;0.2678;2
F5219;9;0.217583333;1
F5219;15;0;0
F5219;17;0;0
535;11;0;0
535;2;0;0
535;3;0;0
535;1;0.093;2
535;4;0.256;2
535;5;0.1116;2
535;7;0;0
535;13;0;0
535;12;0;0
535;6;0;0
535;16;0;0
535;10;0.1116;1
535;14;0.0186;2
535;8;0;0
535;9;0;0
535;15;0;0
535;17;0;0
591;11;0.012;2
591;2;0;0
591;3;0;0
591;1;0.03;1
591;4;0.025;1
591;5;0.036;1
591;7;0;0
591;13;0;0
591;12;0;0
591;6;0;0
591;16;0;0
591;10;0.036;1
591;14;0.006;2
591;8;0;0
591;9;0;0
591;15;0;0
591;17;0;0
F5254;11;0;0
F5254;2;0;0
F5254;3;0;0
F5254;1;0;0
F5254;4;0;0
F5254;5;0;0
F5254;7;0.0358;2
F5254;13;0;0
F5254;12;0;0
F5254;6;0;0
F5254;16;0.1172;1
F5254;10;0;0
F5254;14;0;0
F5254;8;0;0
F5254;9;0;0
F5254;15;0;0
F5254;17;0;0
POST-120L;11;0.0067;2
POST-120L;2;0.0168;5
POST-120L;3;0;0
POST-120L;1;0;0
POST-120L;4;0;0
POST-120L;5;0;0
POST-120L;7;0;0
POST-120L;13;0.0134;5
POST-120L;12;0;0
POST-120L;6;0.0047;1
POST-120L;16;0;0
POST-120L;10;0;0
POST-120L;14;0;0
POST-120L;8;0;0
POST-120L;9;0;0
POST-120L;15;0.0188;1
POST-120L;17;0;0
18075;11;0.312;4
18075;2;0.1248;3
18075;3;0.0312;1
18075;1;0.0499;4
18075;4;0;0
18075;5;0;0
18075;7;0.0312;2
18075;13;0.156;8
18075;12;0;0
18075;6;0.025;8
18075;16;0;0
18075;10;0;0
18075;14;0;0
18075;8;0;0
18075;9;0;0
18075;15;0.1747;1
18075;17;0;0
2202;11;0;0
2202;2;0;0
2202;3;0;0
2202;1;0.0817;4
2202;4;0.0541;4
2202;5;0.076;4
2202;7;0;0
2202;13;0;0
2202;12;0;0
2202;6;0.0078;12
2202;16;0;0
2202;10;0.0179;1
2202;14;0.023611111;2
2202;8;0;0
2202;9;0;0
2202;15;0;0
2202;17;0;0
CUBSETT-LD150;11;0.002;1
CUBSETT-LD150;2;0.0202;2
CUBSETT-LD150;3;0;0
CUBSETT-LD150;1;0.0408;1
CUBSETT-LD150;4;0.0487;1
CUBSETT-LD150;5;0.06535;1
CUBSETT-LD150;7;0;0
CUBSETT-LD150;13;0;0
CUBSETT-LD150;12;0;0
CUBSETT-LD150;6;0.0107;3
CUBSETT-LD150;16;0;0
CUBSETT-LD150;10;0.0613;1
CUBSETT-LD150;14;0.045;2
CUBSETT-LD150;8;0;0
CUBSETT-LD150;9;0;0
CUBSETT-LD150;15;0;0
CUBSETT-LD150;17;0;0
POST-120X;11;0.0072;2
POST-120X;2;0.018;9
POST-120X;3;0.0072;1
POST-120X;1;0;0
POST-120X;4;0;0
POST-120X;5;0;0
POST-120X;7;0;0
POST-120X;13;0.0144;9
POST-120X;12;0;0
POST-120X;6;0.0051;1
POST-120X;16;0;0
POST-120X;10;0;0
POST-120X;14;0;0
POST-120X;8;0;0
POST-120X;9;0;0
POST-120X;15;0.0201;1
POST-120X;17;0;0
F5264;11;0.0112;12
F5264;2;0.105;7
F5264;3;0.0312;1
F5264;1;0;0
F5264;4;0;0
F5264;5;0;0
F5264;7;0;0
F5264;13;0;0
F5264;12;0;0
F5264;6;0.076;1
F5264;16;0;0
F5264;10;0.0252;1
F5264;14;0.0223;2
F5264;8;0;0
F5264;9;0;0
F5264;15;0;0
F5264;17;0;0
PATASETT;11;0.01032;1
PATASETT;2;0.01048;2
PATASETT;3;0.01184;1
PATASETT;1;0;0
PATASETT;4;0;0
PATASETT;5;0;0
PATASETT;7;0;0
PATASETT;13;0;0
PATASETT;12;0;0
PATASETT;6;0.0058;1
PATASETT;16;0;0
PATASETT;10;0.00648;1
PATASETT;14;0.0152;2
PATASETT;8;0;0
PATASETT;9;0;0
PATASETT;15;0;0
PATASETT;17;0;0
IL-12060;11;0.0288;1
IL-12060;2;0.0733;8
IL-12060;3;0;0
IL-12060;1;0.03;2
IL-12060;4;0;0
IL-12060;5;0;0
IL-12060;7;0.025;2
IL-12060;13;0.0576;1
IL-12060;12;0;0
IL-12060;6;0.0028;1
IL-12060;16;0;0
IL-12060;10;0;0
IL-12060;14;0.011;2
IL-12060;8;0;0
IL-12060;9;0;0
IL-12060;15;0.0806;1
IL-12060;17;0;0
IL-18090;11;0.048;1
IL-18090;2;0.086;9
IL-18090;3;0;0
IL-18090;1;0.0842;2
IL-18090;4;0;0
IL-18090;5;0;0
IL-18090;7;0.025;2
IL-18090;13;0.096;1
IL-18090;12;0;0
IL-18090;6;0.0057;1
IL-18090;16;0;0
IL-18090;10;0;0
IL-18090;14;0;0
IL-18090;8;0;0
IL-18090;9;0;0
IL-18090;15;0.1344;1
IL-18090;17;0;0
F5050;11;0.3108;16
F5050;2;0;0
F5050;3;0.0993;1
F5050;1;0;0
F5050;4;0;0
F5050;5;0;0
F5050;7;0;0
F5050;13;0;0
F5050;12;0;0
F5050;6;0.1555;1
F5050;16;0;0
F5050;10;0;0
F5050;14;0;0
F5050;8;0.0252;1
F5050;9;0;0
F5050;15;0;0
F5050;17;0;0
F5267;11;0.4108;24
F5267;2;0;0
F5267;3;0.0993;1
F5267;1;0;0
F5267;4;0;0
F5267;5;0;0
F5267;7;0;0
F5267;13;0;0
F5267;12;0;0
F5267;6;0.16;1
F5267;16;0;0
F5267;10;0;0
F5267;14;0;0
F5267;8;0.1252;1
F5267;9;0;0
F5267;15;0;0
F5267;17;0;0
F5319;11;0.0345;2
F5319;2;0.0728;18
F5319;3;0.051844444;1
F5319;1;0.0927;2
F5319;4;0;0
F5319;5;0;0
F5319;7;0.025;2
F5319;13;0.1296;1
F5319;12;0;0
F5319;6;0.0116;1
F5319;16;0;0
F5319;10;0;0
F5319;14;0.0178;2
F5319;8;0;0
F5319;9;0;0
F5319;15;0.1714;1
F5319;17;0;0
N1222;11;0.0198;2
1222;2;0;0
1222;3;0.032375;1
1222;1;0;0
1222;4;0;0
1222;5;0;0
1222;7;0;0
1222;13;0;0
1222;12;0;0
1222;6;0.0155;1
1222;16;0;0
1222;10;0.0184;1
1222;14;0.0256;2
1222;8;0;0
1222;9;0;0
1222;15;0;0
1222;17;0;0
IWBSI;11;0.0398;5
IWBSI;2;0.052375;1
IWBSI;3;0.032375;1
IWBSI;1;0;0
IWBSI;4;0;0
IWBSI;5;0;0
IWBSI;7;0;0
IWBSI;13;0;0
IWBSI;12;0;0
IWBSI;6;0.0155;1
IWBSI;16;0;0
IWBSI;10;0.0184;1
IWBSI;14;0.0256;2
IWBSI;8;0;0
IWBSI;9;0;0
IWBSI;15;0;0
IWBSI;17;0;0
2214;11;0;0
2214;2;0;0
2214;3;0;0
2214;1;0;0
2214;4;0;0
2214;5;0;0
2214;7;0;0
2214;13;0;0
2214;12;0.0396;1
2214;6;0.02;1
2214;16;0.048;1
2214;10;0;0
2214;14;0;0
2214;8;0;0
2214;9;0;0
2214;15;0;0
1265;11;0.0206;3
1265;2;0.0618;9
1265;3;0.0494;3
1265;1;0.0412;1
1265;4;0.0947;1
1265;5;0.0329;1
1265;7;0;0
1265;13;0;0
1265;12;0;0
1265;6;0.0206;5
1265;16;0;0
1265;10;0.07;1
1265;14;0.0206;2
1265;8;0;0
1265;9;0;0
1265;15;0;0
1265;17;0;0
1312;11;0.198633333;2
1312;2;0.2466;21
1312;3;0.259566667;11
1312;1;0.012933333;2
1312;4;0.155733333;2
1312;5;0.148466667;2
1312;7;0;0
1312;13;0;0
1312;12;0;0
1312;6;0.062066667;11
1312;16;0;0
1312;10;0.1168;1
1312;14;0.091066667;2
1312;8;0;0
1312;9;0;0
1312;15;0;0
1312;17;0;0
265A;11;0;0
265A;2;0;0
265A;3;0;0
265A;1;0.0589;1
265A;4;0.04;1
265A;5;0.04;1
265A;7;0;0
265A;13;0;0
265A;12;0;0
265A;6;0;0
265A;16;0;0
265A;10;0.0583;1
265A;14;0.0426;2
265A;8;0;0
265A;9;0;0
265A;15;0;0
265A;17;0;0
519;11;0;0
519;2;0.2016;8
519;3;0.1008;4
519;1;0.0458;1
519;4;0.0157;1
519;5;0.0729;1
519;7;0;0
519;13;0;0
519;12;0;0
519;6;0.0336;4
519;16;0;0
519;10;0.0941;1
519;14;0.0202;2
519;8;0;0
519;9;0;0
519;15;0;0
519;17;0;0
F5331;11;0.038;8
F5331;2;0;0
F5331;3;0.12;8
F5331;1;0.06;4
F5331;4;0.084;4
F5331;5;0.048;4
F5331;7;0;0
F5331;13;0;0
F5331;12;0;0
F5331;6;0.048;8
F5331;16;0;0
F5331;10;0;0
F5331;14;0.0158;2
F5331;8;0;0
F5331;9;0.102;1
F5331;15;0;0
F5331;17;0;0
CUBSETT-S120;11;0.0054;4
CUBSETT-S120;2;0.0108;1
CUBSETT-S120;3;0.0073;1
CUBSETT-S120;1;0.03;1
CUBSETT-S120;4;0.0238;1
CUBSETT-S120;5;0.0462;1
CUBSETT-S120;7;0;0
CUBSETT-S120;13;0;0
CUBSETT-S120;12;0;0
CUBSETT-S120;6;0.009;3
CUBSETT-S120;16;0;0
CUBSETT-S120;10;0.0282;1
CUBSETT-S120;14;0.0214;2
CUBSETT-S120;8;0;0
CUBSETT-S120;9;0;0
CUBSETT-S120;15;0;0
CUBSETT-S120;17;0;0
F2966;11;0.132;17
F2966;2;0.2349;6
F2966;3;0.264;5
F2966;1;0.112;1
F2966;4;0.0687;1
F2966;5;0.152;1
F2966;7;0;0
F2966;13;0;0
F2966;12;0;0
F2966;6;0.066;10
F2966;16;0;0
F2966;10;0.264;1
F2966;14;0.0264;2
F2966;8;0;0
F2966;9;0;0
F2966;15;0;0
F2966;17;0;0
22401014;11;0;0
22401014;2;0.0118;1
22401014;3;0;0
22401014;1;0;0
22401014;4;0;0
22401014;5;0;0
22401014;7;0;0
22401014;13;0;0
22401014;12;0;0
22401014;6;0;0
22401014;16;0;0
22401014;10;0;0
22401014;14;0;0
22401014;8;0;0
22401014;9;0;0
22401014;15;0;0
22401014;17;0;0
22401015;11;0;0
22401015;2;0.0126;1
22401015;3;0;0
22401015;1;0;0
22401015;4;0;0
22401015;5;0;0
22401015;7;0;0
22401015;13;0;0
22401015;12;0;0
22401015;6;0;0
22401015;16;0;0
22401015;10;0;0
22401015;14;0;0
22401015;8;0;0
22401015;9;0;0
22401015;15;0;0
22401015;17;0;0
22401016;11;0;0
22401016;2;0.0116;1
22401016;3;0;0
22401016;1;0;0
22401016;4;0;0
22401016;5;0;0
22401016;7;0;0
22401016;13;0;0
22401016;12;0;0
22401016;6;0;0
22401016;16;0;0
22401016;10;0;0
22401016;14;0;0
22401016;8;0;0
22401016;9;0;0
22401016;15;0;0
22401016;17;0;0
22401017;11;0;0
22401017;2;0.0186;1
22401017;3;0;0
22401017;1;0;0
22401017;4;0;0
22401017;5;0;0
22401017;7;0;0
22401017;13;0;0
22401017;12;0;0
22401017;6;0;0
22401017;16;0;0
22401017;10;0;0
22401017;14;0;0
22401017;8;0;0
22401017;9;0;0
22401017;15;0;0
22401017;17;0;0
22401018;11;0;0
22401018;2;0.0148;1
22401018;3;0;0
22401018;1;0;0
22401018;4;0;0
22401018;5;0;0
22401018;7;0;0
22401018;13;0;0
22401018;12;0;0
22401018;6;0;0
22401018;16;0;0
22401018;10;0;0
22401018;14;0;0
22401018;8;0;0
22401018;9;0;0
22401018;15;0;0
22401018;17;0;0
22401019;11;0;0
22401019;2;0.0152;1
22401019;3;0;0
22401019;1;0;0
22401019;4;0;0
22401019;5;0;0
22401019;7;0;0
22401019;13;0;0
22401019;12;0;0
22401019;6;0;0
22401019;16;0;0
22401019;10;0;0
22401019;14;0;0
22401019;8;0;0
22401019;9;0;0
22401019;15;0;0
22401019;17;0;0
22401020;11;0;0
22401020;2;0.0149;1
22401020;3;0;0
22401020;1;0;0
22401020;4;0;0
22401020;5;0;0
22401020;7;0;0
22401020;13;0;0
22401020;12;0;0
22401020;6;0;0
22401020;16;0;0
22401020;10;0;0
22401020;14;0;0
22401020;8;0;0
22401020;9;0;0
22401020;15;0;0
22401020;17;0;0
F2968;11;0;0
F2968;2;0;0
F2968;3;0.0813;1
F2968;1;0.18;10
F2968;4;0.33;10
F2968;5;0;0
F2968;7;0;0
F2968;13;0;0
F2968;12;0;0
F2968;6;0.018;22
F2968;16;0;0
F2968;10;0;0
F2968;14;0.002;2
F2968;8;0;0
F2968;9;0.85;1
F2968;15;0;0
F2968;17;0;0
2200;11;0;0
2200;2;0;0
2200;3;0;0
2200;1;0.061666667;4
2200;4;0.0182;4
2200;5;0.053697593;4
2200;7;0;0
2200;13;0;0
2200;12;0;0
2200;6;0.0078;12
2200;16;0;0
2200;10;0.017922454;1
2200;14;0.023611111;2
2200;8;0;0
2200;9;0;0
2200;15;0;0
2200;17;0;0
2201;11;0;0
2201;2;0;0
2201;3;0;0
2201;1;0.0717;4
2201;4;0.0376815;4
2201;5;0.064846852;4
2201;7;0;0
2201;13;0;0
2201;12;0;0
2201;6;0.0078;12
2201;16;0;0
2201;10;0.0179;1
2201;14;0.023611111;2
2201;8;0;0
2201;9;0;0
2201;15;0;0
2201;17;0;0
304A;11;0;0
304A;2;0;0
304A;3;0;0
304A;1;0.0333;1
304A;4;0.05;1
304A;5;0;0
304A;7;0;0
304A;13;0;0
304A;12;0;0
304A;6;0;0
304A;16;0;0
304A;10;0;0
304A;14;0.015;2
304A;8;0.0333;1
304A;9;0;0
304A;15;0;0
304A;17;0;0
F5310;11;0;0
F5310;2;0.12885;4
F5310;3;0.1366;4
F5310;1;0.06385;1
F5310;4;0.0277;1
F5310;5;0.09975;1
F5310;7;0;0
F5310;13;0;0
F5310;12;0;0
F5310;6;0.0216;8
F5310;16;0;0
F5310;10;0.1234;1
F5310;14;0.04815;2
F5310;8;0;0
F5310;9;0;0
F5310;15;0;0
F5310;17;0;0
IW6060;11;0;0
IW6060;2;0;0
IW6060;3;0;0
IW6060;1;0.034;1
IW6060;4;0.0384;1
IW6060;5;0.0283;1
IW6060;7;0;0
IW6060;13;0;0
IW6060;12;0;0
IW6060;6;0;0
IW6060;16;0;0
IW6060;10;0.0432;1
IW6060;14;0.0144;2
IW6060;8;0;0
IW6060;9;0;0
IW6060;15;0;0
IW6060;17;0;0
1153;11;0.2812;9
1153;2;0.3713;1
1153;3;0.2059;1
1153;1;0.4921;23
1153;4;0.5524;23
1153;5;0;0
1153;7;0;0
1153;13;0;0
1153;12;0;0
1153;6;0;0
1153;16;0;0
1153;10;0;0
1153;14;0.3358;2
1153;8;0.2967;1
1153;9;1.2035;1
1153;15;0;0
1153;17;0;0
F2967;11;0.054;4
F2967;2;0;0
F2967;3;0.0108;2
F2967;1;0.3456;5
F2967;4;0.1368;5
F2967;5;0.1548;5
F2967;7;0;0
F2967;13;0;0
F2967;12;0;0
F2967;6;0.0108;16
F2967;16;0;0
F2967;10;0.1108;1
F2967;14;0.0324;2
F2967;8;0;0
F2967;9;0;0
F2967;15;0;0
F2967;17;0;0
F4182;11;0.148592;4
F4182;2;0;0
F4182;3;0.249116;3
F4182;1;0.18592;2
F4182;4;0.148592;2
F4182;5;0.158692;2
F4182;7;0;0
F4182;13;0;0
F4182;12;0;0
F4182;6;0.05616;3
F4182;16;0;0
F4182;10;0.16848;1
F4182;14;0.06396;2
F4182;8;0;0
F4182;9;0;0
F4182;15;0;0
F4182;17;0;0
F4182B;11;0.0205;15
F4182B;2;0;0
F4182B;3;0.05;4
F4182B;1;0.1103;8
F4182B;4;0.0558;8
F4182B;5;0;0
F4182B;7;0;0
F4182B;13;0.0538;1
F4182B;12;0;0
F4182B;6;0.0194;5
F4182B;16;0;0
F4182B;10;0;0
F4182B;14;0;0
F4182B;8;0.1234;1
F4182B;9;0;0
F4182B;15;0;0
F4182B;17;0;0
1202;11;0.1044;1
1202;2;0.10055;8
1202;3;0.1252;4
1202;1;0.0298;1
1202;4;0.08875;1
1202;5;0.0634;1
1202;7;0;0
1202;13;0;0
1202;12;0;0
1202;6;0.029575;4
1202;16;0;0
1202;10;0.05915;1
1202;14;0.0348;2
1202;8;0;0
1202;9;0;0
1202;15;0;0
1202;17;0;0
2205A;11;0;0
2205A;2;0;0
2205A;3;0;0
2205A;1;0.081666667;4
2205A;4;0.0541466;4
2205A;5;0.075996111;4
2205A;7;0;0
2205A;13;0;0
2205A;12;0;0
2205A;6;0;0
2205A;16;0;0
2205A;10;0.017922454;1
2205A;14;0.023611111;2
2205A;8;0;0
2205A;9;0;0
2205A;15;0;0
2205A;17;0;0
2205B;11;0;0
2205B;2;0;0
2205B;3;0;0
2205B;1;0.038333333;3
2205B;4;0.0173;3
2205B;5;0.067423519;3
2205B;7;0;0
2205B;13;0;0
2205B;12;0;0
2205B;6;0;0
2205B;16;0;0
2205B;10;0.010753472;1
2205B;14;0.023611111;2
2205B;8;0;0
2205B;9;0;0
2205B;15;0;0
2205B;17;0;0
2001;11;0;0
2001;2;0;0
2001;3;0;0
2001;1;0.1805;8
2001;4;0.1063;8
2001;5;0;0
2001;7;0;0
2001;13;0;0
2001;12;0;0
2001;6;0.0378;2
2001;16;0;0
2001;10;0;0
2001;14;0.0308;2
2001;8;0;0
2001;9;0.5531;1
2001;15;0;0
2001;17;0;0
2212;11;0;0
2212;2;0;0
2212;3;0;0
2212;1;0;0
2212;4;0;0
2212;5;0;0
2212;7;0;0
2212;13;0;0
2212;12;0.036;1
2212;6;0.024;1
2212;16;0.028;1
2212;10;0;0
2212;14;0;0
2212;8;0;0
2212;9;0;0
2212;15;0;0
2212;17;0;0
F5359;11;0;0
F5359;2;0;0
F5359;3;0;0
F5359;1;0.3581;12
F5359;4;0.4986;12
F5359;5;0;0
F5359;7;0;0
F5359;13;0;0
F5359;12;0;0
F5359;6;0.0756;4
F5359;16;0;0
F5359;10;0;0
F5359;14;0.0696;4
F5359;8;0;0
F5359;9;1.1494;1
F5359;15;0;0
F5359;17;0;0
MOB-08 TAPA TRASERA;11;0;0
MOB-08 TAPA TRASERA;2;0;0
MOB-08 TAPA TRASERA;3;0;0
MOB-08 TAPA TRASERA;1;0.036;1
MOB-08 TAPA TRASERA;4;0;0
MOB-08 TAPA TRASERA;5;0.018;1
MOB-08 TAPA TRASERA;7;0;0
MOB-08 TAPA TRASERA;13;0;0
MOB-08 TAPA TRASERA;12;0;0
MOB-08 TAPA TRASERA;6;0;0
MOB-08 TAPA TRASERA;16;0;0
MOB-08 TAPA TRASERA;10;0.036;1
MOB-08 TAPA TRASERA;14;0;0
MOB-08 TAPA TRASERA;8;0;0
MOB-08 TAPA TRASERA;9;0;0
MOB-08 TAPA TRASERA;15;0;0
MOB-08 TAPA TRASERA;17;0;0
1203;11;0.1652;2
1203;2;0.1875;7
1203;3;0.1983;4
1203;1;0.043;2
1203;4;0.1652;2
1203;5;0.1265;2
1203;7;0;0
1203;13;0;0
1203;12;0;0
1203;6;0.055085714;6
1203;16;0;0
1203;10;0.1102;1
1203;14;0.0551;2
1203;8;0;0
1203;9;0;0
1203;15;0;0
1203;17;0;0
F5369;11;0.070378571;1
F5369;2;0.093842857;4
F5369;3;0.065692857;4
F5369;1;0.045771429;1
F5369;4;0.070378571;1
F5369;5;0.024607143;1
F5369;7;0;0
F5369;13;0;0
F5369;12;0;0
F5369;6;0.023457143;4
F5369;16;0;0
F5369;10;0.075071429;1
F5369;14;0.0249;2
F5369;8;0;0
F5369;9;0;0
F5369;15;0;0
F5369;17;0;0
F5370;11;0.1242;2
F5370;2;0.1656;4
F5370;3;0.1159;5
F5370;1;0.02965;3
F5370;4;0.0346;3
F5370;5;0.1841;3
F5370;7;0;0
F5370;13;0;0
F5370;12;0;0
F5370;6;0.0414;5
F5370;16;0;0
F5370;10;0.10765;1
F5370;14;0.02485;2
F5370;8;0;0
F5370;9;0;0
F5370;15;0;0
F5370;17;0;0
F5330;11;0.6192;80
F5330;2;0.011;13
F5330;3;0.288;5
F5330;1;0;0
F5330;4;0;0
F5330;5;0;0
F5330;7;0;0
F5330;13;0.2141;2
F5330;12;0;0
F5330;6;0.144;7
F5330;16;0;0
F5330;10;0;0
F5330;14;0.015;2
F5330;8;0.1728;1
F5330;9;0;0
F5330;15;0;0
F5330;17;0;0
F5371;11;0.048071429;24
F5371;2;0;0
F5371;3;0.1518;1
F5371;1;0.0759;5
F5371;4;0.101642857;5
F5371;5;0;0
F5371;7;0;0
F5371;13;0;0
F5371;12;0;0
F5371;6;0.058078571;1
F5371;16;0;0
F5371;10;0;0
F5371;14;0.019992857;2
F5371;8;0;0
F5371;9;0.129028571;1
F5371;15;0;0
F5371;17;0;0
1061A;11;0;0
1061A;2;0;0
1061A;3;0;0
1061A;1;0.048;1
1061A;4;0.0828;1
1061A;5;0.0461;1
1061A;7;0;0
1061A;13;0;0
1061A;12;0;0
1061A;6;0;0
1061A;16;0;0
1061A;10;0.0372;1
1061A;14;0.072;2
1061A;8;0;0
1061A;9;0;0
1061A;15;0;0
1061A;17;0;0
153EST;11;0.0121;1
153EST;2;0.0511;4
153EST;3;0.0589;4
153EST;1;0;0
153EST;4;0;0
153EST;5;0;0
153EST;7;0;0
153EST;13;0;0
153EST;12;0;0
153EST;6;0.0083;4
153EST;16;0;0
153EST;10;0.0607;1
153EST;14;0.0241;2
153EST;8;0;0
153EST;9;0;0
153EST;15;0;0
153EST;17;0;0
217EST;11;0.0121;2
217EST;2;0.0639;1
217EST;3;0.0736;4
217EST;1;0;0
217EST;4;0;0
217EST;5;0;0
217EST;7;0;0
217EST;13;0;0
217EST;12;0;0
217EST;6;0.0104;4
217EST;16;0;0
217EST;10;0.0759;1
217EST;14;0.0482;2
217EST;8;0;0
217EST;9;0;0
217EST;15;0;0
217EST;17;0;0
F5356;11;0;0
F5356;2;0;0
F5356;3;0;0
F5356;1;0.070225;10
F5356;4;0.06145;10
F5356;5;0.01135;10
F5356;7;0;0
F5356;13;0.0399;2
F5356;12;0;0
F5356;6;0.01995;5
F5356;16;0;0
F5356;10;0.05585;1
F5356;14;0.01995;2
F5356;8;0;0
F5356;9;0.06585;1
F5356;15;0;0
F5356;17;0;0
CUBSETT-S180;11;0.007833333;2
CUBSETT-S180;2;0.015658333;2
CUBSETT-S180;3;0.010591667;1
CUBSETT-S180;1;0.0435;1
CUBSETT-S180;4;0.034508333;1
CUBSETT-S180;5;0.066991667;1
CUBSETT-S180;7;0;0
CUBSETT-S180;13;0;0
CUBSETT-S180;12;0;0
CUBSETT-S180;6;0.01305;1
CUBSETT-S180;16;0;0
CUBSETT-S180;10;0.040891667;1
CUBSETT-S180;14;0.031033333;2
CUBSETT-S180;8;0;0
CUBSETT-S180;9;0;0
CUBSETT-S180;15;0;0
CUBSETT-S180;17;0;0
AC-120180;11;0.039685714;2
AC-120180;2;0.075328571;25
AC-120180;3;0;0
AC-120180;1;0.092357143;6
AC-120180;4;0;0
AC-120180;5;0;0
AC-120180;7;0.028757143;2
AC-120180;13;0.132485714;3
AC-120180;12;0;0
AC-120180;6;0.013342857;3
AC-120180;16;0;0
AC-120180;10;0;0
AC-120180;14;0;0
AC-120180;8;0;0
AC-120180;9;0;0
AC-120180;15;0.185385714;1
AC-120180;17;0;0
F5362;11;0.0557;5
F5362;2;0;0
F5362;3;0.0565;2
F5362;1;0;0
F5362;4;0;0
F5362;5;0;0
F5362;7;0;0
F5362;13;0;0
F5362;12;0;0
F5362;6;0.029;4
F5362;16;0;0
F5362;10;0.046;1
F5362;14;0.02;2
F5362;8;0;0
F5362;9;0;0
F5362;15;0;0
F5362;17;0;0
DES145;11;0.01;1
DES145;2;0;0
DES145;3;0;0
DES145;1;0;0
DES145;4;0;0
DES145;5;0;0
DES145;7;0;0
DES145;13;0;0
DES145;12;0;0
DES145;6;0;0
DES145;16;0;0
DES145;10;0.08;1
DES145;14;0;0
DES145;8;0;0
DES145;9;0;0
DES145;15;0;0
DES145;17;0;0
LINWRD;11;0.0833;3
LINWRD;2;0;0
LINWRD;3;0;0
LINWRD;1;0.0833;57
LINWRD;4;0.345;57
LINWRD;5;0;0
LINWRD;7;0;0
LINWRD;13;0;0
LINWRD;12;0;0
LINWRD;6;0;0
LINWRD;16;0;0
LINWRD;10;0;0
LINWRD;14;0.025;2
LINWRD;8;0;0
LINWRD;9;0.351;1
LINWRD;15;0;0
LINWRD;17;0;0
LINCD;11;0.0237;3
LINCD;2;0;0
LINCD;3;0.0132;1
LINCD;1;0.0604;6
LINCD;4;0.0504;6
LINCD;5;0;0
LINCD;7;0;0
LINCD;13;0;0
LINCD;12;0;0
LINCD;6;0;0
LINCD;16;0;0
LINCD;10;0;0
LINCD;14;0.0079;2
LINCD;8;0.0013;1
LINCD;9;0;0
LINCD;15;0;0
LINCD;17;0;0
LINDT7230;11;0;0
LINDT7230;2;0;0
LINDT7230;3;0;0
LINDT7230;1;0.0917;3
LINDT7230;4;0.1214;3
LINDT7230;5;0.1418;3
LINDT7230;7;0;0
LINDT7230;13;0;0
LINDT7230;12;0;0
LINDT7230;6;0;0
LINDT7230;16;0;0
LINDT7230;10;0.0744;1
LINDT7230;14;0.0467;2
LINDT7230;8;0;0
LINDT7230;9;0;0
LINDT7230;15;0;0
LINDT7230;17;0;0
LINB4824;11;0;0
LINB4824;2;0;0
LINB4824;3;0;0
LINB4824;1;0.1112;3
LINB4824;4;0.0813;3
LINB4824;5;0.0851;3
LINB4824;7;0;0
LINB4824;13;0;0
LINB4824;12;0;0
LINB4824;6;0;0
LINB4824;16;0;0
LINB4824;10;0.0668;1
LINB4824;14;0.0549;2
LINB4824;8;0;0
LINB4824;9;0;0
LINB4824;15;0;0
LINB4824;17;0;0
LINR4824;11;0;0
LINR4824;2;0;0
LINR4824;3;0;0
LINR4824;1;0.0618;3
LINR4824;4;0.0452;3
LINR4824;5;0.0473;3
LINR4824;7;0;0
LINR4824;13;0;0
LINR4824;12;0;0
LINR4824;6;0;0
LINR4824;16;0;0
LINR4824;10;0.0371;1
LINR4824;14;0.0305;2
LINR4824;8;0;0
LINR4824;9;0;0
LINR4824;15;0;0
LINR4824;17;0;0
LINREC72;11;0;0
LINREC72;2;0;0
LINREC72;3;0;0
LINREC72;1;0.0917;10
LINREC72;4;0.1714;10
LINREC72;5;0.1661;10
LINREC72;7;0;0
LINREC72;13;0;0
LINREC72;12;0;0
LINREC72;6;0;0
LINREC72;16;0;0
LINREC72;10;0.1226;1
LINREC72;14;0.0263;2
LINREC72;8;0;0
LINREC72;9;0;0
LINREC72;15;0;0
LINREC72;17;0;0
LINRECL;11;0;0
LINRECL;2;0;0
LINRECL;3;0;0
LINRECL;1;0.0478;4
LINRECL;4;0.065;4
LINRECL;5;0.0738;4
LINRECL;7;0;0
LINRECL;13;0;0
LINRECL;12;0;0
LINRECL;6;0;0
LINRECL;16;0;0
LINRECL;10;0.422;1
LINRECL;14;0.0243;2
LINRECL;8;0;0
LINRECL;9;0;0
LINRECL;15;0;0
LINRECL;17;0;0
LINH72;11;0;0
LINH72;2;0;0
LINH72;3;0;0
LINH72;1;0.1916;34
LINH72;4;0.2966;34
LINH72;5;0;0
LINH72;7;0;0
LINH72;13;0;0
LINH72;12;0;0
LINH72;6;0.025;32
LINH72;16;0;0
LINH72;10;0;0
LINH72;14;0.025;2
LINH72;8;0;0
LINH72;9;0.2548;1
LINH72;15;0;0
LINH72;17;0;0
LINCFLL;11;0;0
LINCFLL;2;0;0
LINCFLL;3;0;0
LINCFLL;1;0.0668;17
LINCFLL;4;0.0614;17
LINCFLL;5;0;0
LINCFLL;7;0;0
LINCFLL;13;0;0
LINCFLL;12;0;0
LINCFLL;6;0;0
LINCFLL;16;0;0
LINCFLL;10;0;0
LINCFLL;14;0.0225;2
LINCFLL;8;0;0
LINCFLL;9;0.0553;1
LINCFLL;15;0;0
LINCFLL;17;0;0
F5279;11;0.046671429;3
F5279;2;0;0
F5279;3;0.07;1
F5279;1;0;0
F5279;4;0;0
F5279;5;0;0
F5279;7;0;0
F5279;13;0;0
F5279;12;0;0
F5279;6;0.028;2
F5279;16;0;0
F5279;10;0.056;1
F5279;14;0.028;2
F5279;8;0;0
F5279;9;0;0
F5279;15;0;0
F5279;17;0;0
F1933;11;0.03;2
F1933;2;0;0
F1933;3;0;0
F1933;1;0;0
F1933;4;0;0
F1933;5;0;0
F1933;7;0;0
F1933;13;0;0
F1933;12;0;0
F1933;6;0.01248;2
F1933;16;0;0
F1933;10;0;0
F1933;14;0;0
F1933;8;0;0
F1933;9;0.02;1
F1933;15;0;0
F1933;17;0;0
LINDRBBF;11;0.0552;10
LINDRBBF;2;0;0
LINDRBBF;3;0.0386;2
LINDRBBF;1;0.0994;31
LINDRBBF;4;0.1214;31
LINDRBBF;5;0;0
LINDRBBF;7;0;0
LINDRBBF;13;0.0276;1
LINDRBBF;12;0;0
LINDRBBF;6;0.0166;2
LINDRBBF;16;0;0
LINDRBBF;10;0;0
LINDRBBF;14;0;0
LINDRBBF;8;0.1214;1
LINDRBBF;9;0;0
LINDRBBF;15;0;0
LINDRBBF;17;0;0
LINCRBBF;11;0.0752;10
LINCRBBF;2;0;0
LINCRBBF;3;0.0438;2
LINCRBBF;1;0.2106;31
LINCRBBF;4;0.1544;31
LINCRBBF;5;0;0
LINCRBBF;7;0;0
LINCRBBF;13;0.0276;1
LINCRBBF;12;0;0
LINCRBBF;6;0.0166;2
LINCRBBF;16;0;0
LINCRBBF;10;0;0
LINCRBBF;14;0;0
LINCRBBF;8;0.1224;1
LINCRBBF;9;0;0
LINCRBBF;15;0;0
LINCRBBF;17;0;0
LINDFLR;11;0;0
LINDFLR;2;0;0
LINDFLR;3;0;0
LINDFLR;1;0.0668;17
LINDFLR;4;0.0614;17
LINDFLR;5;0;0
LINDFLR;7;0;0
LINDFLR;13;0;0
LINDFLR;12;0;0
LINDFLR;6;0;0
LINDFLR;16;0;0
LINDFLR;10;0;0
LINDFLR;14;0.025;2
LINDFLR;8;0;0
LINDFLR;9;0.0614;1
LINDFLR;15;0;0
LINDFLR;17;0;0
F5375;11;0;0
F5375;2;0.1301;4
F5375;3;0.1315;4
F5375;1;0.0298;1
F5375;4;0.1044;1
F5375;5;0.0746;1
F5375;7;0;0
F5375;13;0;0
F5375;12;0;0
F5375;6;0.0383;5
F5375;16;0;0
F5375;10;0.0696;1
F5375;14;0.0348;2
F5375;8;0;0
F5375;9;0;0
F5375;15;0;0
F5375;17;0;0
436;11;0;0
436;2;0;0
436;3;0;0
436;1;0;0
436;4;0;0
436;5;0;0
436;7;0.004;2
436;13;0;0
436;12;0;0
436;6;0;0
436;16;0;0
436;10;0;0
436;14;0;0
436;8;0;0
436;9;0;0
436;15;0;0
436;17;0.1236;1
IL-12090;11;0.0384;1
IL-12090;2;0.0798;4
IL-12090;3;0;0
IL-12090;1;0.04;4
IL-12090;4;0;0
IL-12090;5;0;0
IL-12090;7;0.025;2
IL-12090;13;0.0768;1
IL-12090;12;0;0
IL-12090;6;0.0057;1
IL-12090;16;0;0
IL-12090;10;0;0
IL-12090;14;0.011;2
IL-12090;8;0;0
IL-12090;9;0;0
IL-12090;15;0.1175;1
IL-12090;17;0;0
MOB-21;11;0.55;3
MOB-21;2;0.622;18
MOB-21;3;0.622;10
MOB-21;1;0.0266;6
MOB-21;4;0.55;6
MOB-21;5;0.55;6
MOB-21;7;0;0
MOB-21;13;0;0
MOB-21;12;0;0
MOB-21;6;0.19;13
MOB-21;16;0;0
MOB-21;10;0.37;1
MOB-21;14;0.19;2
MOB-21;8;0;0
MOB-21;9;0;0
MOB-21;15;0;0
MOB-21;17;0;0
MOB-32;11;0.4356;3
MOB-32;2;0.4926;18
MOB-32;3;0.4926;10
MOB-32;1;0.0211;3
MOB-32;4;0.4356;3
MOB-32;5;0.4356;3
MOB-32;7;0;0
MOB-32;13;0;0
MOB-32;12;0;0
MOB-32;6;0.1505;13
MOB-32;16;0;0
MOB-32;10;0.293;1
MOB-32;14;0.1642;2
MOB-32;8;0;0
MOB-32;9;0;0
MOB-32;15;0;0
MOB-32;17;0;0
F5449;11;0.0821;4
F5449;2;0.0514;1
F5449;3;0.0405;1
F5449;1;0;0
F5449;4;0;0
F5449;5;0;0
F5449;7;0;0
F5449;13;0;0
F5449;12;0;0
F5449;6;0.0389;3
F5449;16;0;0
F5449;10;0.0416;1
F5449;14;0.0216;2
F5449;8;0;0
F5449;9;0;0
F5449;15;0;0
F5449;17;0;0
F5426;11;0.0129;12
F5426;2;0.0229;7
F5426;3;0.03585;1
F5426;1;0;0
F5426;4;0;0
F5426;5;0;0
F5426;7;0;0
F5426;13;0;0
F5426;12;0;0
F5426;6;0.0874;1
F5426;16;0;0
F5426;10;0.02895;1
F5426;14;0.02565;2
F5426;8;0;0
F5426;9;0;0
F5426;15;0;0
F5426;17;0;0
F5427;11;0.279725;6
F5427;2;0;0
F5427;3;0.089375;1
F5427;1;0;0
F5427;4;0;0
F5427;5;0;0
F5427;7;0;0
F5427;13;0;0
F5427;12;0;0
F5427;6;0.13995;1
F5427;16;0;0
F5427;10;0;0
F5427;14;0;0
F5427;8;0.022675;1
F5427;9;0;0
F5427;15;0;0
F5427;17;0;0
544A;11;0;0
544A;2;0;0
544A;3;0;0
544A;1;0.0806;1
544A;4;0.0152;1
544A;5;0.0856;1
544A;7;0;0
544A;13;0;0
544A;12;0;0
544A;6;0;0
544A;16;0;0
544A;10;0.0504;1
544A;14;0.0202;2
544A;8;0;0
544A;9;0;0
544A;15;0;0
544A;17;0;0
120B;11;0;0
120B;2;0;0
120B;3;0.041;1
120B;1;0;0
120B;4;0;0
120B;5;0;0
120B;7;0;0
120B;13;0;0
120B;12;0;0
120B;6;0.025;1
120B;16;0;0
120B;10;0.01;1
120B;14;0;0
120B;8;0;0
120B;9;0;0
120B;15;0;0
120B;17;0;0
F5402;11;0.0726;2
F5402;2;0.2178;13
F5402;3;0.17425;7
F5402;1;0.1452;2
F5402;4;0.3036;2
F5402;5;0.1056;2
F5402;7;0;0
F5402;13;0;0
F5402;12;0;0
F5402;6;0.066;9
F5402;16;0;0
F5402;10;0.2356;1
F5402;14;0.066;2
F5402;8;0;0
F5402;9;0;0
F5402;15;0;0
F5402;17;0;0
F5403;11;0.1584;1
F5403;2;0.190066667;8
F5403;3;0.179533333;4
F5403;1;0.055;1
F5403;4;0.1584;1
F5403;5;0.1584;1
F5403;7;0;0
F5403;13;0;0
F5403;12;0;0
F5403;6;0.0528;5
F5403;16;0;0
F5403;10;0.1056;1
F5403;14;0.048;2
F5403;8;0;0
F5403;9;0;0
F5403;15;0;0
F5403;17;0;0
F5405;11;0.0726;2
F5405;2;0.2178;13
F5405;3;0.17425;7
F5405;1;0.1452;2
F5405;4;0.33395;2
F5405;5;0.11615;2
F5405;7;0;0
F5405;13;0;0
F5405;12;0;0
F5405;6;0.0726;9
F5405;16;0;0
F5405;10;0.24685;1
F5405;14;0.0726;2
F5405;8;0;0
F5405;9;0;0
F5405;15;0;0
F5405;17;0;0
F5420;11;0.1125;1
F5420;2;0.1289;5
F5420;3;0.1366;3
F5420;1;0.0702;1
F5420;4;0.0265;1
F5420;5;0.1097;1
F5420;7;0;0
F5420;13;0;0
F5420;12;0;0
F5420;6;0.0238;4
F5420;16;0;0
F5420;10;0.1234;1
F5420;14;0.053;2
F5420;8;0;0
F5420;9;0;0
F5420;15;0;0
F5420;17;0;0
F5409;11;0.0728;3
F5409;2;0;0
F5409;3;0;0
F5409;1;0.116;4
F5409;4;0.275;4
F5409;5;0.2851;4
F5409;7;0;0
F5409;13;0;0
F5409;12;0;0
F5409;6;0.0335;9
F5409;16;0;0
F5409;10;0.1013;1
F5409;14;0.067;2
F5409;8;0;0
F5409;9;0;0
F5409;15;0;0
F5409;17;0;0
F5342;11;0.044;18
F5342;2;0.0202;4
F5342;3;0.1265;7
F5342;1;0.1523;10
F5342;4;0.5457;10
F5342;5;0;0
F5342;7;0;0
F5342;13;0.0258;1
F5342;12;0;0
F5342;6;0.0104;7
F5342;16;0;0
F5342;10;0;0
F5342;14;0.0482;2
F5342;8;0.0158;1
F5342;9;0.6114;1
F5342;15;0;0
F5342;17;0;0
F5404;11;0.1584;1
F5404;2;0.1901;4
F5404;3;0.1795;2
F5404;1;0.055;1
F5404;4;0.1584;1
F5404;5;0.1584;1
F5404;7;0;0
F5404;13;0;0
F5404;12;0;0
F5404;6;0.0528;3
F5404;16;0;0
F5404;10;0.1056;1
F5404;14;0.0528;2
F5404;8;0;0
F5404;9;0;0
F5404;15;0;0
F5404;17;0;0
1038;11;0;0
1038;2;0;0
1038;3;0;0
1038;1;0.018;1
1038;4;0;0
1038;5;0;0
1038;7;0.036;1
1038;13;0;0
1038;12;0;0
1038;6;0;0
1038;16;0.054;1
1038;10;0;0
1038;14;0.012;2
1038;8;0;0
1038;9;0;0
1038;15;0;0
1038;17;0;0
F5444;11;0.0182;8
F5444;2;0.038;6
F5444;3;0.06;2
F5444;1;0.036;1
F5444;4;0.0258;1
F5444;5;0.036;1
F5444;7;0;0
F5444;13;0;0
F5444;12;0;0
F5444;6;0.0364;10
F5444;16;0;0
F5444;10;0;0
F5444;14;0.0216;2
F5444;8;0;0
F5444;9;0.216;1
F5444;15;0;0
F5444;17;0;0
F5482;11;0;0
F5482;2;0;0
F5482;3;0;0
F5482;1;0.2484;7
F5482;4;0.1656;7
F5482;5;0;0
F5482;7;0;0
F5482;13;0;0
F5482;12;0;0
F5482;6;0.00415;16
F5482;16;0;0
F5482;10;0;0
F5482;14;0.0414;2
F5482;8;0;0
F5482;9;0.16705;1
F5482;15;0;0
F5482;17;0;0
IL-14060;11;0.0312;1
IL-14060;2;0.0742;19
IL-14060;3;0.03;0
IL-14060;1;0.0595;2
IL-14060;4;0;0
IL-14060;5;0;0
IL-14060;7;0.025;2
IL-14060;13;0.0716;1
IL-14060;12;0;0
IL-14060;6;0.0057;1
IL-14060;16;0;0
IL-14060;10;0;0
IL-14060;14;0;2
IL-14060;8;0;0
IL-14060;9;0;0
IL-14060;15;0.091366667;1
IL-14060;17;0;0
F5474;11;0.124433333;3
F5474;2;0.287133333;10
F5474;3;0.114866667;7
F5474;1;0.02;2
F5474;4;0.045633333;2
F5474;5;0.069233333;2
F5474;7;0;0
F5474;13;0;0
F5474;12;0;0
F5474;6;0.047866667;10
F5474;16;0;0
F5474;10;0.2393;1
F5474;14;0.0287;2
F5474;8;0;0
F5474;9;0;0
F5474;15;0;0
F5474;17;0;0
F5406;11;0.03695;1
F5406;2;0.1109;5
F5406;3;0.0887;3
F5406;1;0.0739;1
F5406;4;0.17;1
F5406;5;0.05915;1
F5406;7;0;0
F5406;13;0;0
F5406;12;0;0
F5406;6;0.03695;4
F5406;16;0;0
F5406;10;0.12565;1
F5406;14;0.03695;2
F5406;8;0;0
F5406;9;0;0
F5406;15;0;0
F5406;17;0;0
682;11;0;0
682;2;0;0
682;3;0;0
682;1;0;0
682;4;0;0
682;5;0;0
682;7;0;0
682;13;0;0
682;12;0;0
682;6;0;0
682;16;0;0
682;10;0.084;1
682;14;0.036;2
682;8;0;0
682;9;0;0
682;15;0;0
682;17;0;0
523;11;0;0
523;2;0;0
523;3;0;0
523;1;0.247;1
523;4;0.158;1
523;5;0.2478;1
523;7;0;0
523;13;0;0
523;12;0;0
523;6;0;0
523;16;0;0
523;10;0.7634;1
523;14;0.0158;2
523;8;0;0
523;9;0;0
523;15;0;0
523;17;0;0
1206;11;0.0602;1
1206;2;0.07155;5
1206;3;0.06895;3
1206;1;0.015;1
1206;4;0.06155;1
1206;5;0.06085;1
1206;7;0;0
1206;13;0;0
1206;12;0;0
1206;6;0.0178;4
1206;16;0;0
1206;10;0.0394;1
1206;14;0.04;2
1206;8;0;0
1206;9;0;0
1206;15;0;0
1206;17;0;0
1218;11;0.0863;2
1218;2;0.0963;2
1218;3;0;0
1218;1;0.0421;1
1218;4;0.073;1
1218;5;0.1151;1
1218;7;0;0
1218;13;0;0
1218;12;0;0
1218;6;0.0285;4
1218;16;0;0
1218;10;0.0729;1
1218;14;0.0384;2
1218;8;0;0
1218;9;0;0
1218;15;0;0
1218;17;0;0
LINBK5S;11;0;0
LINBK5S;2;0;0
LINBK5S;3;0;0
LINBK5S;1;0.303;21
LINBK5S;4;0.325;21
LINBK5S;5;0;0
LINBK5S;7;0;0
LINBK5S;13;0;0
LINBK5S;12;0;0
LINBK5S;6;0;0
LINBK5S;16;0;0
LINBK5S;10;0;0
LINBK5S;14;0.025;2
LINBK5S;8;0;0
LINBK5S;9;0.2916;1
LINBK5S;15;0;0
LINBK5S;17;0;0
LINLF;11;0.0316;3
LINLF;2;0;0
LINLF;3;0.0933;3
LINLF;1;0.2833;26
LINLF;4;0.25;26
LINLF;5;0;0
LINLF;7;0;0
LINLF;13;0.3166;1
LINLF;12;0;0
LINLF;6;0.0116;3
LINLF;16;0;0
LINLF;10;0;0
LINLF;14;0.025;2
LINLF;8;0.25;1
LINLF;9;0;0
LINLF;15;0;0
LINLF;17;0;0
LINCT96;11;0;0
LINCT96;2;0;0
LINCT96;3;0;0
LINCT96;1;0.174;1
LINCT96;4;0.1715;1
LINCT96;5;0.1408;1
LINCT96;7;0;0
LINCT96;13;0;0
LINCT96;12;0;0
LINCT96;6;0;0
LINCT96;16;0;0
LINCT96;10;0.1715;1
LINCT96;14;0;0
LINCT96;8;0;0
LINCT96;9;0;0
LINCT96;15;0;0
LINCT96;17;0;0
LINCTB;11;0;0
LINCTB;2;0;0
LINCTB;3;0;0
LINCTB;1;0.13015;17
LINCTB;4;0.10585;17
LINCTB;5;0;0
LINCTB;7;0;0
LINCTB;13;0;0
LINCTB;12;0;0
LINCTB;6;0;0
LINCTB;16;0;0
LINCTB;10;0;0
LINCTB;14;0;0
LINCTB;8;0.0896;1
LINCTB;9;0;0
LINCTB;15;0;0
LINCTB;17;0;0
LINLWC;11;0;0
LINLWC;2;0;0
LINLWC;3;0;0
LINLWC;1;0.2987;36
LINLWC;4;0.3775;36
LINLWC;5;0;0
LINLWC;7;0;0
LINLWC;13;0;0
LINLWC;12;0;0
LINLWC;6;0.0232;50
LINLWC;16;0;0
LINLWC;10;0;0
LINLWC;14;0.03;2
LINLWC;8;0;0
LINLWC;9;0.314;1
LINLWC;15;0;0
LINLWC;17;0;0
LINBKD3S;11;0;0
LINBKD3S;2;0;0
LINBKD3S;3;0;0
LINBKD3S;1;0.225;11
LINBKD3S;4;0.2531;11
LINBKD3S;5;0;0
LINBKD3S;7;0;0
LINBKD3S;13;0;0
LINBKD3S;12;0;0
LINBKD3S;6;0;0
LINBKD3S;16;0;0
LINBKD3S;10;0;0
LINBKD3S;14;0.025;2
LINBKD3S;8;0;0
LINBKD3S;9;0.2201;1
LINBKD3S;15;0;0
LINBKD3S;17;0;0
CUBREP90;11;0;0
CUBREP90;2;0;0
CUBREP90;3;0;0
CUBREP90;1;0.0108;1
CUBREP90;4;0.0133;1
CUBREP90;5;0.0159;1
CUBREP90;7;0;0
CUBREP90;13;0;0
CUBREP90;12;0;0
CUBREP90;6;0.0042;10
CUBREP90;16;0;0
CUBREP90;10;0.0126;1
CUBREP90;14;0.0126;2
CUBREP90;8;0;0
CUBREP90;9;0;0
CUBREP90;15;0;0
CUBREP90;17;0;0
1200;11;0.087;1
1200;2;0.1036;8
1200;3;0.1056;4
1200;1;0.0543;2
1200;4;0.063;2
1200;5;0.0577;2
1200;7;0;0
1200;13;0;0
1200;12;0;0
1200;6;0.0184;5
1200;16;0;0
1200;10;0.0954;1
1200;14;0.0405;2
1200;8;0;0
1200;9;0;0
1200;15;0;0
1200;17;0;0
1261;11;0.0468;2
1261;2;0.1404;13
1261;3;0.1123;7
1261;1;0.0936;2
1261;4;0.2153;2
1261;5;0.0749;2
1261;7;0;0
1261;13;0;0
1261;12;0;0
1261;6;0.0468;9
1261;16;0;0
1261;10;0.1591;1
1261;14;0.0468;2
1261;8;0;0
1261;9;0;0
1261;15;0;0
1261;17;0;0
1322;11;0;0
1322;2;0.2551;47
1322;3;0.2687;9
1322;1;0.1377;4
1322;4;0.1612;4
1322;5;0.1747;4
1322;7;0;0
1322;13;0;0
1322;12;0;0
1322;6;0.0672;21
1322;16;0;0
1322;10;0.1209;1
1322;14;0.0806;2
1322;8;0;0
1322;9;0;0
1322;15;0;0
1322;17;0;0
1300;11;0;0
1300;2;0.19685;25
1300;3;0.20735;7
1300;1;0.10625;2
1300;4;0.1244;2
1300;5;0.1348;2
1300;7;0;0
1300;13;0;0
1300;12;0;0
1300;6;0.05185;11
1300;16;0;0
1300;10;0.0933;1
1300;14;0.0622;2
1300;8;0;0
1300;9;0;0
1300;15;0;0
1300;17;0;0
POST-140T;11;0.00815;2
POST-140T;2;0.0204;7
POST-140T;3;0;0
POST-140T;1;0;0
POST-140T;4;0;0
POST-140T;5;0;0
POST-140T;7;0;0
POST-140T;13;0.0163;7
POST-140T;12;0;0
POST-140T;6;0.0057;1
POST-140T;16;0;0
POST-140T;10;0;0
POST-140T;14;0;0
POST-140T;8;0;0
POST-140T;9;0;0
POST-140T;15;0.02285;1
POST-140T;17;0;0
POST-140L;11;0.007925;2
POST-140L;2;0.0198;5
POST-140L;3;0;0
POST-140L;1;0;0
POST-140L;4;0;0
POST-140L;5;0;0
POST-140L;7;0;0
POST-140L;13;0.01585;5
POST-140L;12;0;0
POST-140L;6;0.00555;1
POST-140L;16;0;0
POST-140L;10;0;0
POST-140L;14;0;0
POST-140L;8;0;0
POST-140L;9;0;0
POST-140L;15;0.022175;1
POST-140L;17;0;0
FD-5356A;11;0;0
FD-5356A;2;0;0
FD-5356A;3;0;0
FD-5356A;1;0.0088;1
FD-5356A;4;0.0077;1
FD-5356A;5;0;0
FD-5356A;7;0;0
FD-5356A;13;0;0
FD-5356A;12;0;0
FD-5356A;6;0;0
FD-5356A;16;0;0
FD-5356A;10;0;0
FD-5356A;14;0.0025;2
FD-5356A;8;0;0
FD-5356A;9;0.0082;1
FD-5356A;15;0;0
FD-5356A;17;0;0
FD-5356ZOCLO;11;0;0
FD-5356ZOCLO;2;0;0
FD-5356ZOCLO;3;0;0
FD-5356ZOCLO;1;0.0088;4
FD-5356ZOCLO;4;0.0077;4
FD-5356ZOCLO;5;0;0
FD-5356ZOCLO;7;0;0
FD-5356ZOCLO;13;0;0
FD-5356ZOCLO;12;0;0
FD-5356ZOCLO;6;0;0
FD-5356ZOCLO;16;0;0
FD-5356ZOCLO;10;0;0
FD-5356ZOCLO;14;0.0025;2
FD-5356ZOCLO;8;0;0
FD-5356ZOCLO;9;0.0082;1
FD-5356ZOCLO;15;0;0
FD-5356ZOCLO;17;0;0
631A;11;0;0
631A;2;0;0
631A;3;0;0
631A;1;0.0314;1
631A;4;0.0296;1
631A;5;0.0336;1
631A;7;0;0
631A;13;0;0
631A;12;0;0
631A;6;0;0
631A;16;0;0
631A;10;0.0359;1
631A;14;0.0282;2
631A;8;0;0
631A;9;0;0
631A;15;0;0
631A;17;0;0
1213;11;0.1224;2
1213;2;0.0966;5
1213;3;0.1025;3
1213;1;0.0393;1
1213;4;0.0388;1
1213;5;0.0424;1
1213;7;0;0
1213;13;0;0
1213;12;0;0
1213;6;0.037933333;5
1213;16;0;0
1213;10;0.0816;1
1213;14;0.0408;2
1213;8;0;0
1213;9;0;0
1213;15;0;0
1213;17;0;0
N304CM;11;0.0088;3
N304CM;2;0;0
N304CM;3;0;0
N304CM;1;0;0
N304CM;4;0;0
N304CM;5;0.0044;1
N304CM;7;0;0
N304CM;13;0;0
N304CM;12;0;0
N304CM;6;0.0026;3
N304CM;16;0;0
N304CM;10;0;0
N304CM;14;0;0
N304CM;8;0.0264;1
N304CM;9;0;0
N304CM;15;0;0
N304CM;17;0;0
INT900S;11;0;0
INT900S;2;0;0
INT900S;3;0;0
INT900S;1;0.0265;1
INT900S;4;0;0
INT900S;5;0;0
INT900S;7;0.015;2
INT900S;13;0;0
INT900S;12;0;0
INT900S;6;0.043;4
INT900S;16;0.12;1
INT900S;10;0;0
INT900S;14;0;0
INT900S;8;0;0
INT900S;9;0;0
INT900S;15;0;0
INT900S;17;0;0
1037;11;0;0
1037;2;0;0
1037;3;0;0
1037;1;0.0252;1
1037;4;0;0
1037;5;0;0
1037;7;0.0504;1
1037;13;0;0
1037;12;0;0
1037;6;0;0
1037;16;0.0756;1
1037;10;0;0
1037;14;0.016;2
1037;8;0;0
1037;9;0;0
1037;15;0;0
1037;17;0;0
1204;11;0.06335;2
1204;2;0.073;5
1204;3;0.0486;3
1204;1;0.0354;1
1204;4;0.0259;1
1204;5;0.0206;1
1204;7;0;0
1204;13;0;0
1204;12;0;0
1204;6;0.018;3
1204;16;0;0
1204;10;0.0432;1
1204;14;0.04;2
1204;8;0;0
1204;9;0;0
1204;15;0;0
1204;17;0;0
F5462A;11;0;0
F5462A;2;0;0
F5462A;3;0;0
F5462A;1;0.3132;9
F5462A;4;0.250557143;9
F5462A;5;0;0
F5462A;7;0;0
F5462A;13;0;0
F5462A;12;0;0
F5462A;6;0;0
F5462A;16;0;0
F5462A;10;0;0
F5462A;14;0.062642857;2
F5462A;8;0;0
F5462A;9;0.3132;1
F5462A;15;0;0
F5462A;17;0;0
55311;11;0.05;1
55311;2;0.15;1
55311;3;0;0
55311;1;0;0
55311;4;0;0
55311;5;0;0
55311;7;0;0
55311;13;0.1;1
55311;12;0;0
55311;6;0.04;3
55311;16;0;0
55311;10;0;0
55311;14;0.012;2
55311;8;0;0
55311;9;0.3;1
55311;15;0;0
55311;17;0;0
ZU310C;11;0;0
ZU310C;2;0;0
ZU310C;3;0;0
ZU310C;1;0.0355;1
ZU310C;4;0.0145;1
ZU310C;5;0;0
ZU310C;7;0;0
ZU310C;13;0;0
ZU310C;12;0;0
ZU310C;6;0;0
ZU310C;16;0;0
ZU310C;10;0;0
ZU310C;14;0.002;2
ZU310C;8;0;0
ZU310C;9;0.1;1
ZU310C;15;0;0
ZU310C;17;0;0
1160;11;0.0302;1
1160;2;0.0655;8
1160;3;0.0605;2
1160;1;0.0655;2
1160;4;0.0857;2
1160;5;0.0454;2
1160;7;0;0
1160;13;0;0
1160;12;0;0
1160;6;0.0353;5
1160;16;0;0
1160;10;0.1008;1
1160;14;0.0151;2
1160;8;0;0
1160;9;0;0
1160;15;0;0
1160;17;0;0
F5538;11;0.051;2
F5538;2;0;0
F5538;3;0.07;0
F5538;1;0.324;9
F5538;4;0.3672;9
F5538;5;0;0
F5538;7;0;0
F5538;13;0;0
F5538;12;0;0
F5538;6;0.0162;2
F5538;16;0;0
F5538;10;0;0
F5538;14;0.002;2
F5538;8;0;0
F5538;9;0.8642;1
F5538;15;0;0
F5538;17;0;0
228;11;0.051;2
228;2;0;0
228;3;0.07;0
228;1;0.3;8
228;4;0.34;8
228;5;0;0
228;7;0;0
228;13;0;0
228;12;0;0
228;6;0.0162;2
228;16;0;0
228;10;0;0
228;14;0.002;2
228;8;0;0
228;9;0.8;1
228;15;0;0
228;17;0;0
550C;11;0.036;1
550C;2;0;1
550C;3;0.045;1
550C;1;0.0575;1
550C;4;0.026;1
550C;5;0;0
550C;7;0;0
550C;13;0;0
550C;12;0;0
550C;6;0.005;2
550C;16;0;0
550C;10;0;0
550C;14;0.005;2
550C;8;0;0
550C;9;0.132;1
550C;15;0;0
550C;17;0;0
FB-5475A;11;0;0
FB-5475A;2;0;0
FB-5475A;3;0;0
FB-5475A;1;0.0005;1
FB-5475A;4;0.0576;1
FB-5475A;5;0.0576;1
FB-5475A;7;0;0
FB-5475A;13;0;0
FB-5475A;12;0;0
FB-5475A;6;0;0
FB-5475A;16;0;0
FB-5475A;10;0.0384;1
FB-5475A;14;0.0192;2
FB-5475A;8;0;0
FB-5475A;9;0;0
FB-5475A;15;0;0
FB-5475A;17;0;0
FB-5476A;11;0;0
FB-5476A;2;0;0
FB-5476A;3;0;0
FB-5476A;1;0.0117;1
FB-5476A;4;0.045;1
FB-5476A;5;0.0576;1
FB-5476A;7;0;0
FB-5476A;13;0;0
FB-5476A;12;0;0
FB-5476A;6;0;0
FB-5476A;16;0;0
FB-5476A;10;0.03;1
FB-5476A;14;0.015;2
FB-5476A;8;0;0
FB-5476A;9;0;0
FB-5476A;15;0;0
FB-5476A;17;0;0
1210-2;11;0.04285;0
1210-2;2;0.04115;1
1210-2;3;0.03885;1
1210-2;1;0;0
1210-2;4;0;0
1210-2;5;0;0
1210-2;7;0;0
1210-2;13;0;0
1210-2;12;0;0
1210-2;6;0.0114;1
1210-2;16;0;0
1210-2;10;0.0163;1
1210-2;14;0.0143;2
1210-2;8;0;0
1210-2;9;0;0
1210-2;15;0;0
1210-2;17;0;0
1210-3;11;0.0214;0
1210-3;2;0.02055;1
1210-3;3;0.0194;1
1210-3;1;0;0
1210-3;4;0;0
1210-3;5;0;0
1210-3;7;0;0
1210-3;13;0;0
1210-3;12;0;0
1210-3;6;0.0057;1
1210-3;16;0;0
1210-3;10;0.00815;1
1210-3;14;0.00715;2
1210-3;8;0;0
1210-3;9;0;0
1210-3;15;0;0
1210-3;17;0;0
596;11;0;0
596;2;0;0
596;3;0;0
596;1;0;0
596;4;0;0
596;5;0.048;1
596;7;0;0
596;13;0;0
596;12;0;0
596;6;0;0
596;16;0;0
596;10;0.048;1
596;14;0.024;2
596;8;0;0
596;9;0;0
596;15;0;0
596;17;0;0
CUBTR120120;11;0.0072;1
CUBTR120120;2;0;0
CUBTR120120;3;0;0
CUBTR120120;1;0;0
CUBTR120120;4;0;0
CUBTR120120;5;0.12;1
CUBTR120120;7;0;0
CUBTR120120;13;0;0
CUBTR120120;12;0;0
CUBTR120120;6;0.0072;1
CUBTR120120;16;0;0
CUBTR120120;10;0.0816;1
CUBTR120120;14;0.024;2
CUBTR120120;8;0;0
CUBTR120120;9;0;0
CUBTR120120;15;0;0
CUBTR120120;17;0;0
CUBZIG120E;11;0;0
CUBZIG120E;2;0.0146;1
CUBZIG120E;3;0;0
CUBZIG120E;1;0;0
CUBZIG120E;4;0;0
CUBZIG120E;5;0;0
CUBZIG120E;7;0;0
CUBZIG120E;13;0;0
CUBZIG120E;12;0;0
CUBZIG120E;6;0.0058;1
CUBZIG120E;16;0;0
CUBZIG120E;10;0.009433333;1
CUBZIG120E;14;0.005;2
CUBZIG120E;8;0;0
CUBZIG120E;9;0;0
CUBZIG120E;15;0;0
CUBZIG120E;17;0;0
CUBZIG120D;11;0;0
CUBZIG120D;2;0.00365;1
CUBZIG120D;3;0;0
CUBZIG120D;1;0;0
CUBZIG120D;4;0;0
CUBZIG120D;5;0;0
CUBZIG120D;7;0;0
CUBZIG120D;13;0;0
CUBZIG120D;12;0;0
CUBZIG120D;6;0.00145;1
CUBZIG120D;16;0;0
CUBZIG120D;10;0.00235;1
CUBZIG120D;14;0.00125;2
CUBZIG120D;8;0;0
CUBZIG120D;9;0;0
CUBZIG120D;15;0;0
CUBZIG120D;17;0;0
CUBZIG120C;11;0;0
CUBZIG120C;2;0.0073;1
CUBZIG120C;3;0;0
CUBZIG120C;1;0;0
CUBZIG120C;4;0;0
CUBZIG120C;5;0;0
CUBZIG120C;7;0;0
CUBZIG120C;13;0;0
CUBZIG120C;12;0;0
CUBZIG120C;6;0.0029;1
CUBZIG120C;16;0;0
CUBZIG120C;10;0.004725;1
CUBZIG120C;14;0.0025;2
CUBZIG120C;8;0;0
CUBZIG120C;9;0;0
CUBZIG120C;15;0;0
CUBZIG120C;17;0;0
138AA;11;0;0
138AA;2;0;0
138AA;3;0;0
138AA;1;0.0258;1
138AA;4;0.0365;1
138AA;5;0.0375;1
138AA;7;0;0
138AA;13;0;0
138AA;12;0;0
138AA;6;0;0
138AA;16;0;0
138AA;10;0.0354;1
138AA;14;0.0085;2
138AA;8;0;0
138AA;9;0;0
138AA;15;0;0
138AA;17;0;0
138AB;11;0;0
138AB;2;0;0
138AB;3;0;0
138AB;1;0.0158;1
138AB;4;0.0228;1
138AB;5;0.0394;1
138AB;7;0;0
138AB;13;0;0
138AB;12;0;0
138AB;6;0;0
138AB;16;0;0
138AB;10;0.0336;1
138AB;14;0;0
138AB;8;0;0
138AB;9;0;0
138AB;15;0;0
138AB;17;0;0
F5532;11;0;0
F5532;2;0;0
F5532;3;0;0
F5532;1;0.3211;10
F5532;4;0.3664;10
F5532;5;0;0
F5532;7;0;0
F5532;13;0;0
F5532;12;0;0
F5532;6;0;0
F5532;16;0;0
F5532;10;0;0
F5532;14;0.002;2
F5532;8;0;0
F5532;9;0.54;1
F5532;15;0;0
F5532;17;0;0
1034A;11;0;0
1034A;2;0;0
1034A;3;0;0
1034A;1;0.093;1
1034A;4;0.135;1
1034A;5;0;0
1034A;7;0;0
1034A;13;0;0
1034A;12;0;0
1034A;6;0;0
1034A;16;0;0
1034A;10;0;0
1034A;14;0.016;2
1034A;8;0;0
1034A;9;0.219;1
1034A;15;0;0
1034A;17;0;0
625A;11;0;0
625A;2;0;0
625A;3;0;0
625A;1;0.0369;1
625A;4;0.0256;1
625A;5;0.0375;1
625A;7;0;0
625A;13;0;0
625A;12;0;0
625A;6;0;0
625A;16;0;0
625A;10;0.0278;1
625A;14;0.01;2
625A;8;0;0
625A;9;0;0
625A;15;0;0
625A;17;0;0
22120010;11;0.0046;1
22120010;2;0;0
22120010;3;0;0
22120010;1;0;0
22120010;4;0;0
22120010;5;0;0
22120010;7;0;0
22120010;13;0;0
22120010;12;0;0
22120010;6;0;0
22120010;16;0;0
22120010;10;0;0
22120010;14;0;0
22120010;8;0;0
22120010;9;0;0
22120010;15;0;0
22120010;17;0;0
1322B;11;0;0
1322B;2;0.051033333;3
1322B;3;0.053766667;1
1322B;1;0;0
1322B;4;0;0
1322B;5;0;0
1322B;7;0;0
1322B;13;0;0
1322B;12;0;0
1322B;6;0.013433333;1
1322B;16;0;0
1322B;10;0.024166667;1
1322B;14;0.016133333;2
1322B;8;0;0
1322B;9;0;0
1322B;15;0;0
1322B;17;0;0
F5400;11;0;0
F5400;2;0;0
F5400;3;0;0
F5400;1;0.4075;11
F5400;4;0.4626;11
F5400;5;0;0
F5400;7;0;0
F5400;13;0;0
F5400;12;0;0
F5400;6;0;0
F5400;16;0;0
F5400;10;0;0
F5400;14;0.184;2
F5400;8;0;0
F5400;9;0.5565;1
F5400;15;0;0
F5400;17;0;0
POST-180I;11;0.0088;2
POST-180I;2;0.022;6
POST-180I;3;0;0
POST-180I;1;0;0
POST-180I;4;0;0
POST-180I;5;0;0
POST-180I;7;0;0
POST-180I;13;0.0178;5
POST-180I;12;0;0
POST-180I;6;0.0062;1
POST-180I;16;0;0
POST-180I;10;0;0
POST-180I;14;0;0
POST-180I;8;0;0
POST-180I;9;0;0
POST-180I;15;0.0249;1
POST-180I;17;0;0
919;17;0.120228571;1
916;11;0;0
916;2;0;0
916;3;0;0
916;1;0.089771429;8
916;4;0;0
916;5;0;0
916;7;0.120228571;1
916;13;0;0
916;12;0;0
916;6;0.0469;2
916;16;0;0
916;10;0;0
916;14;0;0
916;8;0;0
916;9;0;0
916;15;0;0
916;17;0.234714286;1
F5536;11;0;0
F5536;2;0;0
F5536;3;0;0
F5536;1;0.365933333;16
F5536;4;0.7479;16
F5536;5;0;0
F5536;7;0;0
F5536;13;0;0
F5536;12;0;0
F5536;6;0;0
F5536;16;0;0
F5536;10;0;0
F5536;14;0.0696;2
F5536;8;0;0
F5536;9;1.957966667;1
F5536;15;0;0
F5536;17;0;0
2005;11;0;0
2005;2;0;0
2005;3;0;0
2005;1;0.179;8
2005;4;0.2493;8
2005;5;0;0
2005;7;0;0
2005;13;0;0
2005;12;0;0
2005;6;0;0
2005;16;0;0
2005;10;0;0
2005;14;0.0348;2
2005;8;0;0
2005;9;0.5747;1
2005;15;0;0
2005;17;0;0
538;11;0;0
538;2;0;0
538;3;0;0
538;1;0.1357;1
538;4;0.1147;1
538;5;0.407833333;1
538;7;0;0
538;13;0;0
538;12;0;0
538;6;0;0
538;16;0;0
538;10;0.7992;1
538;14;0.014566667;2
538;8;0;0
538;9;0;0
538;15;0;0
538;17;0;0
1010A;11;0;0
1010A;2;0;0
1010A;3;0;0
1010A;1;0.016;1
1010A;4;0.072;1
1010A;5;0.072;1
1010A;7;0;0
1010A;13;0;0
1010A;12;0;0
1010A;6;0;0
1010A;16;0;0
1010A;10;0.044;1
1010A;14;0.018;2
1010A;8;0;0
1010A;9;0;0
1010A;15;0;0
1010A;17;0;0
F1873;11;0;0
F1873;2;0.075;10
F1873;3;0.14;4
F1873;1;0.105;1
F1873;4;0.15;1
F1873;5;0.075;1
F1873;7;0;0
F1873;13;0;0
F1873;12;0;0
F1873;6;0.065;4
F1873;16;0;0
F1873;10;0.15;1
F1873;14;0.016;2
F1873;8;0;0
F1873;9;0;0
F1873;15;0;0
F1873;17;0;0
F5598;11;0.0648;2
F5598;2;0.0834;7
F5598;3;0.09695;1
F5598;1;0;0
F5598;4;0;0
F5598;5;0;0
F5598;7;0;0
F5598;13;0;0
F5598;12;0;0
F5598;6;0.02425;1
F5598;16;0;0
F5598;10;0.0562;1
F5598;14;0.0283;2
F5598;8;0;0
F5598;9;0;0
F5598;15;0;0
F5598;17;0;0
AC-180150;11;0.0345;4
AC-180150;2;0.0787;27
AC-180150;3;0;0
AC-180150;1;0.1008;8
AC-180150;4;0;0
AC-180150;5;0;0
AC-180150;7;0.025;2
AC-180150;13;0.1396;2
AC-180150;12;0;0
AC-180150;6;0.0116;2
AC-180150;16;0;0
AC-180150;10;0;0
AC-180150;14;0;0
AC-180150;8;0;0
AC-180150;9;0;0
AC-180150;15;0.208;1
AC-180150;17;0;0
IC-180150;11;0.0345;4
IC-180150;2;0.0787;27
IC-180150;3;0;0
IC-180150;1;0.1008;1
IC-180150;4;0;0
IC-180150;5;0;0
IC-180150;7;0.025;2
IC-180150;13;0.1396;2
IC-180150;12;0;0
IC-180150;6;0.0116;2
IC-180150;16;0;0
IC-180150;10;0;0
IC-180150;14;0;0
IC-180150;8;0;0
IC-180150;9;0;0
IC-180150;15;0.208;1
IC-180150;17;0;0
LATERALES RECEP;11;0;0
LATERALES RECEP;2;0.04;1
LATERALES RECEP;3;0;0
LATERALES RECEP;1;0.06;1
LATERALES RECEP;4;0.081;1
LATERALES RECEP;5;0;0
LATERALES RECEP;7;0;0
LATERALES RECEP;13;0.081;1
LATERALES RECEP;12;0;0
LATERALES RECEP;6;0.03;2
LATERALES RECEP;16;0;0
LATERALES RECEP;10;0;0
LATERALES RECEP;14;0.002;2
LATERALES RECEP;8;0;0
LATERALES RECEP;9;0.095;1
LATERALES RECEP;15;0;0
LATERALES RECEP;17;0;0
2340;11;0.18;51
2340;2;0.1;2
2340;3;0.1;8
2340;1;0.1;2
2340;4;0.0325;2
2340;5;0.08;2
2340;7;0.24;1
2340;13;0;0
2340;12;0;0
2340;6;0.022;8
2340;16;0;0
2340;10;0.1;1
2340;14;0.0465;2
2340;8;0;0
2340;9;0;0
2340;15;0;0
2340;17;0;0
2341;11;0.23;51
2341;2;0.0671;2
2341;3;0.12;8
2341;1;0.2;2
2341;4;0.0666;2
2341;5;0.18;2
2341;7;0.24;1
2341;13;0;0
2341;12;0;0
2341;6;0.022;8
2341;16;0;0
2341;10;0.11;1
2341;14;0.0465;2
2341;8;0;0
2341;9;0;0
2341;15;0;0
2341;17;0;0
2342;11;0.02;10
2342;2;0.0103;1
2342;3;0.0104;1
2342;1;0.02;1
2342;4;0.01;1
2342;5;0.01;1
2342;7;0;0
2342;13;0;0
2342;12;0;0
2342;6;0.022;1
2342;16;0;0
2342;10;0.0105;1
2342;14;0.0186;2
2342;8;0;0
2342;9;0;0
2342;15;0;0
2342;17;0;0
2344;11;0.08;10
2344;2;0.03;1
2344;3;0.01;1
2344;1;0.03;1
2344;4;0.01;1
2344;5;0.01;1
2344;7;0;0
2344;13;0;0
2344;12;0;0
2344;6;0.022;1
2344;16;0;0
2344;10;0.015;1
2344;14;0.0186;2
2344;8;0;0
2344;9;0;0
2344;15;0;0
2344;17;0;0
2346;11;0.0187;25
2346;2;0.0103;1
2346;3;0.035;4
2346;1;0.025;1
2346;4;0.0066;1
2346;5;0.04;1
2346;7;0;0
2346;13;0;0
2346;12;0;0
2346;6;0.022;4
2346;16;0;0
2346;10;0.02;1
2346;14;0.0465;2
2346;8;0;0
2346;9;0;0
2346;15;0;0
2346;17;0;0
2347;11;0.045;32
2347;2;0.0206;2
2347;3;0.036;5
2347;1;0.025;1
2347;4;0.01;1
2347;5;0.045;1
2347;7;0;0
2347;13;0;0
2347;12;0;0
2347;6;0.022;5
2347;16;0;0
2347;10;0.027;1
2347;14;0.0465;2
2347;8;0;0
2347;9;0;0
2347;15;0;0
2347;17;0;0
2330;11;0.48;54
2330;2;0.2066;10
2330;3;0.23;8
2330;1;0.4;8
2330;4;0.1466;8
2330;5;0.2041;8
2330;7;0;0
2330;13;0;0
2330;12;0;0
2330;6;0.022;12
2330;16;0;0
2330;10;0.22;1
2330;14;0.093;2
2330;8;0;0
2330;9;0;0
2330;15;0;0
2330;17;0;0
2331;11;0.2;18
2331;2;0.0774;7
2331;3;0.09;5
2331;1;0.15;3
2331;4;0.0533;3
2331;5;0.085;3
2331;7;0;0
2331;13;0;0
2331;12;0;0
2331;6;0.022;7
2331;16;0;0
2331;10;0.09;1
2331;14;0.0465;2
2331;8;0;0
2331;9;0;0
2331;15;0;0
2331;17;0;0
2332;11;0.5;36
2332;2;0.2066;8
2332;3;0.2;8
2332;1;0.4;5
2332;4;0.1;5
2332;5;0.2041;5
2332;7;0;0
2332;13;0;0
2332;12;0;0
2332;6;0.022;12
2332;16;0;0
2332;10;0.21;1
2332;14;0.093;2
2332;8;0;0
2332;9;0;0
2332;15;0;0
2332;17;0;0
2333;11;0.5;54
2333;2;0.12;10
2333;3;0.25;8
2333;1;0.3;8
2333;4;0.085;8
2333;5;0.2041;8
2333;7;0;0
2333;13;0;0
2333;12;0;0
2333;6;0.022;12
2333;16;0;0
2333;10;0.19;1
2333;14;0.093;2
2333;8;0;0
2333;9;0;0
2333;15;0;0
2333;17;0;0
2334;11;0.15;18
2334;2;0.07;7
2334;3;0.1;4
2334;1;0.13;3
2334;4;0.045;3
2334;5;0.085;3
2334;7;0;0
2334;13;0;0
2334;12;0;0
2334;6;0.022;7
2334;16;0;0
2334;10;0.081;1
2334;14;0.0465;2
2334;8;0;0
2334;9;0;0
2334;15;0;0
2334;17;0;0
2335;11;0.4;36
2335;2;0.18;8
2335;3;0.2;8
2335;1;0.27;5
2335;4;0.08;5
2335;5;0.2041;5
2335;7;0;0
2335;13;0;0
2335;12;0;0
2335;6;0.022;12
2335;16;0;0
2335;10;0.18;1
2335;14;0.093;2
2335;8;0;0
2335;9;0;0
2335;15;0;0
2335;17;0;0
120SA;11;0;0
120SA;2;0;0
120SA;3;0;0
120SA;1;0.025;1
120SA;4;0.015;1
120SA;5;0.09;1
120SA;7;0;0
120SA;13;0;0
120SA;12;0;0
120SA;6;0;0
120SA;16;0;0
120SA;10;0.037;1
120SA;14;0.016;2
120SA;8;0;0
120SA;9;0;0
120SA;15;0;0
120SA;17;0;0
719C;11;0;0
719C;2;0;0
719C;3;0;0
719C;1;0.0315;1
719C;4;0.0097;1
719C;5;0.13;1
719C;7;0;0
719C;13;0;0
719C;12;0;0
719C;6;0;0
719C;16;0;0
719C;10;0.06;1
719C;14;0.002;1
719C;8;0;0
719C;9;0;0
719C;15;0;0
719C;17;0;0
MOB06.1-BA;11;0;0
MOB06.1-BA;2;0;0
MOB06.1-BA;3;0;0
MOB06.1-BA;1;0.022;1
MOB06.1-BA;4;0.0248;1
MOB06.1-BA;5;0.0248;1
MOB06.1-BA;7;0;0
MOB06.1-BA;13;0;0
MOB06.1-BA;12;0;0
MOB06.1-BA;6;0;0
MOB06.1-BA;16;0;0
MOB06.1-BA;10;0.0232;1
MOB06.1-BA;14;0.0116;2
MOB06.1-BA;8;0;0
MOB06.1-BA;9;0;0
MOB06.1-BA;15;0;0
MOB06.1-BA;17;0;0
1320;11;0.1792;4
1320;2;0.2126;24
1320;3;0.224;7
1320;1;0.1147;2
1320;4;0.1344;2
1320;5;0.1456;2
1320;7;0;0
1320;13;0;0
1320;12;0;0
1320;6;0.056;7
1320;16;0;0
1320;10;0.1008;1
1320;14;0.0672;2
1320;8;0;0
1320;9;0;0
1320;15;0;0
1320;17;0;0
1212B;11;0;0
1212B;2;0.0276;5
1212B;3;0.0391;1
1212B;1;0;0
1212B;4;0;0
1212B;5;0;0
1212B;7;0;0
1212B;13;0;0
1212B;12;0;0
1212B;6;0.00765;1
1212B;16;0;0
1212B;10;0.023;1
1212B;14;0.0115;2
1212B;8;0;0
1212B;9;0;0
1212B;15;0;0
1212B;17;0;0
1212C;11;0;0
1212C;2;0.0138;2
1212C;3;0.01955;1
1212C;1;0;0
1212C;4;0;0
1212C;5;0;0
1212C;7;0;0
1212C;13;0;0
1212C;12;0;0
1212C;6;0.00385;1
1212C;16;0;0
1212C;10;0.0115;1
1212C;14;0.00575;2
1212C;8;0;0
1212C;9;0;0
1212C;15;0;0
1212C;17;0;0
1212D;11;0;0
1212D;2;0.0138;3
1212D;3;0.01955;1
1212D;1;0;0
1212D;4;0;0
1212D;5;0;0
1212D;7;0;0
1212D;13;0;0
1212D;12;0;0
1212D;6;0.00385;1
1212D;16;0;0
1212D;10;0.0115;1
1212D;14;0.00575;2
1212D;8;0;0
1212D;9;0;0
1212D;15;0;0
1212D;17;0;0
1215B;11;0;0
1215B;2;0.0276;7
1215B;3;0.0391;1
1215B;1;0;0
1215B;4;0;0
1215B;5;0;0
1215B;7;0;0
1215B;13;0;0
1215B;12;0;0
1215B;6;0.0077;1
1215B;16;0;0
1215B;10;0.023;1
1215B;14;0.0115;2
1215B;8;0;0
1215B;9;0;0
1215B;15;0;0
1215B;17;0;0
CUBSETT-L120;11;0.002;1
CUBSETT-L120;2;0.0202;2
CUBSETT-L120;3;0;0
CUBSETT-L120;1;0.0185;1
CUBSETT-L120;4;0.0392;1
CUBSETT-L120;5;0.0637;1
CUBSETT-L120;7;0;0
CUBSETT-L120;13;0;0
CUBSETT-L120;12;0;0
CUBSETT-L120;6;0.00855;3
CUBSETT-L120;16;0;0
CUBSETT-L120;10;0.0597;1
CUBSETT-L120;14;0.035;2
CUBSETT-L120;8;0;0
CUBSETT-L120;9;0;0
CUBSETT-L120;15;0;0
CUBSETT-L120;17;0;0
593;11;0;0
593;2;0;0
593;3;0;0
593;1;0;0
593;4;0;0
593;5;0.0288;1
593;7;0.0254;2
593;13;0;0
593;12;0;0
593;6;0;0
593;16;0;0
593;10;0.0288;1
593;14;0.0144;2
593;8;0;0
593;9;0;0
593;15;0;0
593;17;0;0
794A;11;0;0
794A;2;0;0
794A;3;0;0
794A;1;0.0525;1
794A;4;0.0329;1
794A;5;0.0321;1
794A;7;0;0
794A;13;0;0
794A;12;0;0
794A;6;0;0
794A;16;0;0
794A;10;0.0375;1
794A;14;0.0158;2
794A;8;0;0
794A;9;0;0
794A;15;0;0
794A;17;0;0
552A;11;0;0
552A;2;0;0
552A;3;0;0
552A;1;0.033;1
552A;4;0.018;1
552A;5;0;0
552A;7;0;0
552A;13;0;0
552A;12;0;0
552A;6;0;0
552A;16;0;0
552A;10;0;0
552A;14;0.0158;2
552A;8;0;0
552A;9;0.04;1
552A;15;0;0
552A;17;0;0
531;11;0.0379;3
531;2;0;0
531;3;0;0
531;1;0.0548;1
531;4;0.0458;1
531;5;0.1138;1
531;7;0;0
531;13;0;0
531;12;0;0
531;6;0;0
531;16;0;0
531;10;0.1138;1
531;14;0.019;2
531;8;0;0
531;9;0;0
531;15;0;0
531;17;0;0
1311;11;0.1806;2
1311;2;0.1494;14
1311;3;0.2257;6
1311;1;0.0354;1
1311;4;0.0388;1
1311;5;0.0308;1
1311;7;0;0
1311;13;0;0
1311;12;0;0
1311;6;0.0564;6
1311;16;0;0
1311;10;0.1016;1
1311;14;0.0792;2
1311;8;0;0
1311;9;0;0
1311;15;0;0
1311;17;0;0
1020G;11;0;0
1020G;2;0;0
1020G;3;0;0
1020G;1;0.0347;2
1020G;4;0.0173;2
1020G;5;0;0
1020G;7;0;0
1020G;13;0;0
1020G;12;0;0
1020G;6;0;0
1020G;16;0;0
1020G;10;0;0
1020G;14;0.0195;2
1020G;8;0;0
1020G;9;0.052;1
1020G;15;0;0
1020G;17;0;0
1104;11;0.7526;8
1104;2;0.8866;50
1104;3;0.8962;25
1104;1;0.0126;5
1104;4;0.588;5
1104;5;0.5995;5
1104;7;0;0
1104;13;0;0
1104;12;0;0
1104;6;0.2328;33
1104;16;0;0
1104;10;0.421;1
1104;14;0.2794;2
1104;8;0;0
1104;9;0;0
1104;15;0;0
1104;17;0;0
ZUT293-1-D;11;0.0589;1
ZUT293-1-D;2;0.04;1
ZUT293-1-D;3;0;0
ZUT293-1-D;1;0.06;1
ZUT293-1-D;4;0.081;1
ZUT293-1-D;5;0;0
ZUT293-1-D;7;0;0
ZUT293-1-D;13;0.081;1
ZUT293-1-D;12;0;0
ZUT293-1-D;6;0.03;2
ZUT293-1-D;16;0;0
ZUT293-1-D;10;0;0
ZUT293-1-D;14;0.002;2
ZUT293-1-D;8;0;0
ZUT293-1-D;9;0.095;1
ZUT293-1-D;15;0;0
ZUT293-1-D;17;0;0
E719;11;0;0
E719;2;0.0365;3
E719;3;0.035;1
E719;1;0;0
E719;4;0;0
E719;5;0;0
E719;7;0;0
E719;13;0;0
E719;12;0;0
E719;6;0;0
E719;16;0;0
E719;10;0;0
E719;14;0;0
E719;8;0;0
E719;9;0;0
E719;15;0;0
E719;17;0;0
STRCONT72;11;0.02765;2
STRCONT72;2;0.0346;3
STRCONT72;3;0.13824;2
STRCONT72;1;0;0
STRCONT72;4;0.1175;1
STRCONT72;5;0.1175;1
STRCONT72;7;0;0
STRCONT72;13;0;0
STRCONT72;12;0;0
STRCONT72;6;0.1383;4
STRCONT72;16;0;0
STRCONT72;10;0.0761;1
STRCONT72;14;0.0414;2
STRCONT72;8;0;0
STRCONT72;9;0;0
STRCONT72;15;0;0
STRCONT72;17;0;0
1207;11;0.038;1
1207;2;0.0607;4
1207;3;0.07;4
1207;1;0.0393;1
1207;4;0.0388;1
1207;5;0.0206;1
1207;7;0;0
1207;13;0;0
1207;12;0;0
1207;6;0.0108;5
1207;16;0;0
1207;10;0.0259;1
1207;14;0.024;2
1207;8;0;0
1207;9;0;0
1207;15;0;0
1207;17;0;0
1212-1;11;0.1224;5
1212-1;2;0.095625;6
1212-1;3;0.1032;4
1212-1;1;0.04475;1
1212-1;4;0.07765;1
1212-1;5;0.1224;1
1212-1;7;0;0
1212-1;13;0;0
1212-1;12;0;0
1212-1;6;0.03415;5
1212-1;16;0;0
1212-1;10;0.0816;1
1212-1;14;0.0408;2
1212-1;8;0;0
1212-1;9;0;0
1212-1;15;0;0
1212-1;17;0;0
594;11;0;0
594;2;0;0
594;3;0;0
594;1;0;0
594;4;0;0
594;5;0.0384;1
594;7;0;0
594;13;0;0
594;12;0;0
594;6;0;0
594;16;0;0
594;10;0.0384;1
594;14;0.0192;2
594;8;0;0
594;9;0;0
594;15;0;0
594;17;0;0
POST-140Y;11;0.00815;2
POST-140Y;2;0.0204;5
POST-140Y;3;0;0
POST-140Y;1;0;0
POST-140Y;4;0;0
POST-140Y;5;0;0
POST-140Y;7;0;0
POST-140Y;13;0.016325;6
POST-140Y;12;0;0
POST-140Y;6;0.0057;1
POST-140Y;16;0;0
POST-140Y;10;0;0
POST-140Y;14;0;0
POST-140Y;8;0;0
POST-140Y;9;0;0
POST-140Y;15;0.02285;1
POST-140Y;17;0;0
POST-140V;11;0.00795;2
POST-140V;2;0.0198;5
POST-140V;3;0;0
POST-140V;1;0;0
POST-140V;4;0;0
POST-140V;5;0;0
POST-140V;7;0;0
POST-140V;13;0.01585;5
POST-140V;12;0;0
POST-140V;6;0.00555;1
POST-140V;16;0;0
POST-140V;10;0.0222;0
POST-140V;14;0;0
POST-140V;8;0;0
POST-140V;9;0;0
POST-140V;15;0.0222;1
POST-140V;17;0;0
F5656;11;0;0
F5656;2;0.0276;2
F5656;3;0.0391;1
F5656;1;0;0
F5656;4;0;0
F5656;5;0;0
F5656;7;0;0
F5656;13;0;0
F5656;12;0;0
F5656;6;0.0077;1
F5656;16;0;0
F5656;10;0.023;1
F5656;14;0.0115;2
F5656;8;0;0
F5656;9;0;0
F5656;15;0;0
F5656;17;0;0
KLASS03H;11;0;0
KLASS03H;2;0;0
KLASS03H;3;0;0
KLASS03H;1;0.0125;1
KLASS03H;4;0.019;1
KLASS03H;5;0;0
KLASS03H;7;0;0
KLASS03H;13;0;0
KLASS03H;12;0;0
KLASS03H;6;0;0
KLASS03H;16;0;0
KLASS03H;10;0;0
KLASS03H;14;0.011;2
KLASS03H;8;0;0
KLASS03H;9;0.028;1
KLASS03H;15;0;0
KLASS03H;17;0;0
805E;11;0.1;2
805E;2;0.24;10
805E;3;0.23;7
805E;1;0;0
805E;4;0;0
805E;5;0;0
805E;7;0;0
805E;13;0;0
805E;12;0;0
805E;6;0.13;8
805E;16;0;0
805E;10;0.2;1
805E;14;0.1;2
805E;8;0;0
805E;9;0;0
805E;15;0;0
805E;17;0;0
F5527;11;0;0
F5527;2;0;0
F5527;3;0;0
F5527;1;0.0204;1
F5527;4;0.0244;1
F5527;5;0.0327;1
F5527;7;0;0
F5527;13;0;0
F5527;12;0;0
F5527;6;0;0
F5527;16;0;0
F5527;10;0.0307;1
F5527;14;0.0225;2
F5527;8;0;0
F5527;9;0;0
F5527;15;0;0
F5527;17;0;0
F5652;11;0;0
F5652;2;0;0
F5652;3;0;0
F5652;1;0;0
F5652;4;0;0
F5652;5;0.0975;1
F5652;7;0;0
F5652;13;0;0
F5652;12;0;0
F5652;6;0;0
F5652;16;0;0
F5652;10;0.096;1
F5652;14;0.0156;2
F5652;8;0;0
F5652;9;0;0
F5652;15;0;0
F5652;17;0;0
118D;11;0;0
118D;2;0;0
118D;3;0;0
118D;1;0.056;1
118D;4;0;0
118D;5;0.086;1
118D;7;0;0
118D;13;0;0
118D;12;0;0
118D;6;0;0
118D;16;0;0
118D;10;0.035;1
118D;14;0.025;2
118D;8;0;0
118D;9;0;0
118D;15;0;0
118D;17;0;0
D783AA;11;0;0
D783AA;2;0;0
D783AA;3;0;0
D783AA;1;0.123;1
D783AA;4;0.012;1
D783AA;5;0.0432;1
D783AA;7;0;0
D783AA;13;0;0
D783AA;12;0;0
D783AA;6;0;0
D783AA;16;0;0
D783AA;10;0.0187;1
D783AA;14;0.0055;2
D783AA;8;0;0
D783AA;9;0;0
D783AA;15;0;0
D783AA;17;0;0
133BS;11;0;0
133BS;2;0;0
133BS;3;0;0
133BS;1;0.016;1
133BS;4;0.0124;1
133BS;5;0;0
133BS;7;0;0
133BS;13;0;0
133BS;12;0;0
133BS;6;0;0
133BS;16;0;0
133BS;10;0;0
133BS;14;0.0073;2
133BS;8;0.0156;1
133BS;9;0;0
133BS;15;0;0
133BS;17;0;0
115CA2;11;0;0
115CA2;2;0;0
115CA2;3;0;0
115CA2;1;0.07;1
115CA2;4;0.07;1
115CA2;5;0;0
115CA2;7;0;0
115CA2;13;0;0
115CA2;12;0;0
115CA2;6;0;0
115CA2;16;0;0
115CA2;10;0;0
115CA2;14;0;0
115CA2;8;0;0
115CA2;9;0.025;1
115CA2;15;0;0
115CA2;17;0;0
116M;11;0;0
116M;2;0;0
116M;3;0;0
116M;1;0.0199;1
116M;4;0.025;1
116M;5;0;0
116M;7;0;0
116M;13;0;0
116M;12;0;0
116M;6;0;0
116M;16;0;0
116M;10;0;0
116M;14;0.008;2
116M;8;0;0
116M;9;0.023;1
116M;15;0;0
116M;17;0;0
MOB-08T;11;0;0
MOB-08T;2;0.0056;2
MOB-08T;3;0.0056;1
MOB-08T;1;0;0
MOB-08T;4;0;0
MOB-08T;5;0;0
MOB-08T;7;0;0
MOB-08T;13;0;0
MOB-08T;12;0;0
MOB-08T;6;0.006157143;1
MOB-08T;16;0;0
MOB-08T;10;0.018671429;1
MOB-08T;14;0.0098;2
MOB-08T;8;0;0
MOB-08T;9;0;0
MOB-08T;15;0;0
MOB-08T;17;0;0
F5674;11;0;0
F5674;2;0;0
F5674;3;0;0
F5674;1;0.47735;16
F5674;4;0.33675;16
F5674;5;0;0
F5674;7;0;0
F5674;13;0;0
F5674;12;0;0
F5674;6;0;0
F5674;16;0;0
F5674;10;0;0
F5674;14;0.12185;2
F5674;8;0;0
F5674;9;0.5251;1
F5674;15;0;0
F5674;17;0;0
CUBTRI120;11;0.0019;2
CUBTRI120;2;0.0185;5
CUBTRI120;3;0.0073;2
CUBTRI120;1;0.0392;1
CUBTRI120;4;0.039;1
CUBTRI120;5;0.0637;1
CUBTRI120;7;0;0
CUBTRI120;13;0;0
CUBTRI120;12;0;0
CUBTRI120;6;0.009;4
CUBTRI120;16;0;0
CUBTRI120;10;0.059669697;1
CUBTRI120;14;0;0
CUBTRI120;8;0;0
CUBTRI120;9;0;0
CUBTRI120;15;0;0
CUBTRI120;17;0;0
F5608;11;0.069;4
F5608;2;0.1574;19
F5608;3;0.1037;1
F5608;1;0.2016;6
F5608;4;0;0
F5608;5;0;0
F5608;7;0;0
F5608;13;0.2792;3
F5608;12;0;0
F5608;6;0.0232;4
F5608;16;0;0
F5608;10;0;0
F5608;14;0;0
F5608;8;0;0
F5608;9;0;0
F5608;15;0.416;1
F5608;17;0;0
258;11;0;0
258;2;0;0
258;3;0;0
258;1;0;0
258;4;0;0
258;5;0;0
258;7;0.0158;2
258;13;0;0
258;12;0;0
258;6;0;0
258;16;0.0254;1
258;10;0;0
258;14;0;0
258;8;0;0
258;9;0;0
258;15;0;0
258;17;0;0
22401021;11;0;0
22401021;2;0.00752;1
22401021;3;0;0
22401021;1;0;0
22401021;4;0;0
22401021;5;0;0
22401021;7;0;0
22401021;13;0;0
22401021;12;0;0
22401021;6;0;0
22401021;16;0;0
22401021;10;0;0
22401021;14;0;0
22401021;8;0;0
22401021;9;0;0
22401021;15;0;0
22401021;17;0;0
1014B;11;0;0
1014B;2;0.1038375;5
1014B;3;0.097925;1
1014B;1;0;0
1014B;4;0;0
1014B;5;0;0
1014B;7;0;0
1014B;13;0;0
1014B;12;0;0
1014B;6;0.0288;1
1014B;16;0;0
1014B;10;0.0576;1
1014B;14;0.0288;2
1014B;8;0;0
1014B;9;0;0
1014B;15;0;0
1014B;17;0;0
168D;11;0;0
168D;2;0;0
168D;3;0;0
168D;1;0.02;1
168D;4;0.0014;1
168D;5;0;0
168D;7;0;0
168D;13;0;0
168D;12;0;0
168D;6;0;0
168D;16;0;0
168D;10;0;0
168D;14;0.005;2
168D;8;0;0
168D;9;0.0109;1
168D;15;0;0
168D;17;0;0
543A;11;0;0
543A;2;0;0
543A;3;0;0
543A;1;0.1424;1
543A;4;0.1152;1
543A;5;0.0832;1
543A;7;0;0
543A;13;0;0
543A;12;0;0
543A;6;0;0
543A;16;0;0
543A;10;0.1824;1
543A;14;0.08;2
543A;8;0;0
543A;9;0;0
543A;15;0;0
543A;17;0;0
F5657;11;0.022;12
F5657;2;0;0
F5657;3;0.0025;3
F5657;1;0.0638375;7
F5657;4;0.06679375;7
F5657;5;0;0
F5657;7;0.0158;1
F5657;13;0;0
F5657;12;0;0
F5657;6;0.01511875;3
F5657;16;0.0114;1
F5657;10;0;0
F5657;14;0;0
F5657;8;0.297;1
F5657;9;0;0
F5657;15;0;0
F5657;17;0;0
F5671;11;0;0
F5671;2;0;0
F5671;3;0;0
F5671;1;0.2701;10
F5671;4;0.3794;10
F5671;5;0;0
F5671;7;0;0
F5671;13;0;0
F5671;12;0;0
F5671;6;0;0
F5671;16;0;0
F5671;10;0;0
F5671;14;0.0877;2
F5671;8;0;0
F5671;9;0.2292;1
F5671;15;0;0
F5671;17;0;0
2201B;11;0;0
2201B;2;0;0
2201B;3;0;0
2201B;1;0.0173;1
2201B;4;0.0086;1
2201B;5;0.0144;1
2201B;7;0;0
2201B;13;0;0
2201B;12;0;0
2201B;6;0;0
2201B;16;0;0
2201B;10;0.0115;1
2201B;14;0.0035;2
2201B;8;0;0
2201B;9;0;0
2201B;15;0;0
2201B;17;0;0
2203BP;11;0;0
2203BP;2;0;0
2203BP;3;0;0
2203BP;1;0.00945;1
2203BP;4;0.0063;1
2203BP;5;0;0
2203BP;7;0;0
2203BP;13;0;0
2203BP;12;0;0
2203BP;6;0;0
2203BP;16;0;0
2203BP;10;0;0
2203BP;14;0.0095;2
2203BP;8;0.0062;1
2203BP;9;0;0
2203BP;15;0;0
2203BP;17;0;0
111A;11;0;0
111A;2;0;0
111A;3;0;0
111A;1;0;0
111A;4;0;0
111A;5;0.101;1
111A;7;0;0
111A;13;0;0
111A;12;0;0
111A;6;0;0
111A;16;0;0
111A;10;0.109;1
111A;14;0;0
111A;8;0;0
111A;9;0;0
111A;15;0;0
111A;17;0;0
F5462AP;11;0;0
F5462AP;2;0;0
F5462AP;3;0;0
F5462AP;1;0.0564;1
F5462AP;4;0.0451;1
F5462AP;5;0;0
F5462AP;7;0;0
F5462AP;13;0;0
F5462AP;12;0;0
F5462AP;6;0;0
F5462AP;16;0;0
F5462AP;10;0;0
F5462AP;14;0.0188;2
F5462AP;8;0;0
F5462AP;9;0.1015;1
F5462AP;15;0;0
F5462AP;17;0;0
556D;11;0;0
556D;2;0.0432;5
556D;3;0.0432;1
556D;1;0.0432;1
556D;4;0.0374;1
556D;5;0;0
556D;7;0;0
556D;13;0.0346;1
556D;12;0;0
556D;6;0.0144;1
556D;16;0;0
556D;10;0;0
556D;14;0.0144;2
556D;8;0;0
556D;9;0.0432;1
556D;15;0;0
556D;17;0;0
735A;11;0;0
735A;2;0.036;3
735A;3;0.036;1
735A;1;0;0
735A;4;0;0
735A;5;0;0
735A;7;0;0
735A;13;0;0
735A;12;0;0
735A;6;0.01;1
735A;16;0;0
735A;10;0;0
735A;14;0.016;2
735A;8;0;0
735A;9;0.05;1
735A;15;0;0
735A;17;0;0
1002A;11;0;0
1002A;2;0;0
1002A;3;0;0
1002A;1;0.042;1
1002A;4;0.0384;1
1002A;5;0.0814;1
1002A;7;0;0
1002A;13;0;0
1002A;12;0;0
1002A;6;0;0
1002A;16;0;0
1002A;10;0.0478;1
1002A;14;0.0174;2
1002A;8;0;0
1002A;9;0;0
1002A;15;0;0
1002A;17;0;0
141SA;11;0;0
141SA;2;0;0
141SA;3;0;0
141SA;1;0.0345;1
141SA;4;0.0258;1
141SA;5;0.0335;1
141SA;7;0;0
141SA;13;0;0
141SA;12;0;0
141SA;6;0;0
141SA;16;0;0
141SA;10;0.0453;1
141SA;14;0.065;2
141SA;8;0;0
141SA;9;0;0
141SA;15;0;0
141SA;17;0;0
CUBSETT-DSK150;11;0.002;5
CUBSETT-DSK150;2;0.0354;7
CUBSETT-DSK150;3;0.0126;2
CUBSETT-DSK150;1;0.011;1
CUBSETT-DSK150;4;0.029;1
CUBSETT-DSK150;5;0.0434;1
CUBSETT-DSK150;7;0;0
CUBSETT-DSK150;13;0;0
CUBSETT-DSK150;12;0;0
CUBSETT-DSK150;6;0.0161;3
CUBSETT-DSK150;16;0;0
CUBSETT-DSK150;10;0.0575;1
CUBSETT-DSK150;14;0.03;2
CUBSETT-DSK150;8;0;0
CUBSETT-DSK150;9;0;0
CUBSETT-DSK150;15;0;0
CUBSETT-DSK150;17;0;0
SETT30;11;0.005;2
SETT30;2;0;0
SETT30;3;0.0023;2
SETT30;1;0.02;2
SETT30;4;0.01;2
SETT30;5;0.0239;2
SETT30;7;0;0
SETT30;13;0;0
SETT30;12;0;0
SETT30;6;0.009;2
SETT30;16;0;0
SETT30;10;0.021;1
SETT30;14;0.0104;2
SETT30;8;0;0
SETT30;9;0;0
SETT30;15;0;0
SETT30;17;0;0
IC-16060;11;0.034;2
IC-16060;2;0.0673;20
IC-16060;3;0;0
IC-16060;1;0.0653;4
IC-16060;4;0;0
IC-16060;5;0;0
IC-16060;7;0.0272;4
IC-16060;13;0.1098;1
IC-16060;12;0;0
IC-16060;6;0.01;1
IC-16060;16;0;0
IC-16060;10;0;0
IC-16060;14;0;0
IC-16060;8;0;0
IC-16060;9;0;0
IC-16060;15;0.1537;1
IC-16060;17;0;0
IC-16090;11;0.0374;2
IC-16090;2;0.074;20
IC-16090;3;0;0
IC-16090;1;0.0719;4
IC-16090;4;0;0
IC-16090;5;0;0
IC-16090;7;0.03;4
IC-16090;13;0.1208;1
IC-16090;12;0;0
IC-16090;6;0.0111;1
IC-16090;16;0;0
IC-16090;10;0;0
IC-16090;14;0;0
IC-16090;8;0;0
IC-16090;9;0;0
IC-16090;15;0.169;1
IC-16090;17;0;0
IL-14075;11;0.03275;1
IL-14075;2;0.0779;21
IL-14075;3;0;0
IL-14075;1;0.0625;2
IL-14075;4;0;0
IL-14075;5;0;0
IL-14075;7;0.02625;2
IL-14075;13;0.0752;1
IL-14075;12;0;0
IL-14075;6;0.006;1
IL-14075;16;0;0
IL-14075;10;0;0
IL-14075;14;0.01145;2
IL-14075;8;0;0
IL-14075;9;0;0
IL-14075;15;0.09595;1
IL-14075;17;0;0
1023A;11;0;0
1023A;2;0;0
1023A;3;0;0
1023A;1;0.035;1
1023A;4;0.071;1
1023A;5;0;0
1023A;7;0;0
1023A;13;0;0
1023A;12;0;0
1023A;6;0;0
1023A;16;0;0
1023A;10;0;0
1023A;14;0.008;2
1023A;8;0;0
1023A;9;0.07;1
1023A;15;0;0
1023A;17;0;0
515;11;0;0
515;2;0;0
515;3;0;0
515;1;0;0
515;4;0;0
515;5;0;0
515;7;0;0
515;13;0;0
515;12;0;0
515;6;0;0
515;16;0.102;1
515;10;0;0
515;14;0.04;2
515;8;0;0
515;9;0;0
515;15;0;0
515;17;0;0
259;11;0.005251429;1
259;2;0;0
259;3;0;0
259;1;0;0
259;4;0;0
259;5;0;0
259;7;0;0
259;13;0;0
259;12;0;0
259;6;0.0036;1
259;16;0;0
259;10;0.0055;1
259;14;0.005931429;1
259;8;0;0
259;9;0;0
259;15;0;0
259;17;0;0
F5706;11;0.172;2
F5706;2;0.1457;4
F5706;3;0;0
F5706;1;0.1589;7
F5706;4;0.2232;7
F5706;5;0;0
F5706;7;0;0
F5706;13;0;0
F5706;12;0;0
F5706;6;0.0092;6
F5706;16;0;0
F5706;10;0;0
F5706;14;0.0516;2
F5706;8;0;0
F5706;9;0.1348;1
F5706;15;0;0
F5706;17;0;0
F5735;11;0.014;1
F5735;2;0;0
F5735;3;0.01;1
F5735;1;0;0
F5735;4;0;0
F5735;5;0;0
F5735;7;0;0
F5735;13;0;0
F5735;12;0;0
F5735;6;0.017;1
F5735;16;0;0
F5735;10;0.012;1
F5735;14;0.002;2
F5735;8;0;0
F5735;9;0;0
F5735;15;0;0
F5735;17;0;0
F5736;11;0.0232;2
F5736;2;0;0
F5736;3;0.0166;1
F5736;1;0;0
F5736;4;0;0
F5736;5;0;0
F5736;7;0;0
F5736;13;0;0
F5736;12;0;0
F5736;6;0.0282;1
F5736;16;0;0
F5736;10;0.0199;1
F5736;14;0.0033;2
F5736;8;0;0
F5736;9;0;0
F5736;15;0;0
F5736;17;0;0
1001I;11;0.0276;1
1001I;2;0;0
1001I;3;0;0
1001I;1;0;0
1001I;4;0;0
1001I;5;0;0
1001I;7;0;0
1001I;13;0;0
1001I;12;0;0
1001I;6;0.0006;1
1001I;16;0;0
1001I;10;0.002;1
1001I;14;0.01;2
1001I;8;0;0
1001I;9;0;0
1001I;15;0;0
1001I;17;0;0
106AA;11;0;0
106AA;2;0;0
106AA;3;0;0
106AA;1;0.025;1
106AA;4;0.03;1
106AA;5;0;0
106AA;7;0;0
106AA;13;0;0
106AA;12;0;0
106AA;6;0;0
106AA;16;0;0
106AA;10;0;0
106AA;14;0.016;2
106AA;8;0.05;1
106AA;9;0;0
106AA;15;0;0
106AA;17;0;0
509AA;11;0;0
509AA;2;0;0
509AA;3;0;0
509AA;1;0.0072;1
509AA;4;0.0216;1
509AA;5;0.0144;1
509AA;7;0;0
509AA;13;0;0
509AA;12;0;0
509AA;6;0;0
509AA;16;0;0
509AA;10;0.0144;1
509AA;14;0.0072;2
509AA;8;0;0
509AA;9;0;0
509AA;15;0;0
509AA;17;0;0
1114;11;0;0
1114;2;0.1008;2
1114;3;0.0672;2
1114;1;0.0589;7
1114;4;0.168;7
1114;5;0;0
1114;7;0;0
1114;13;0;0
1114;12;0;0
1114;6;0.0336;2
1114;16;0;0
1114;10;0;0
1114;14;0.0672;2
1114;8;0;0
1114;9;0.0672;1
1114;15;0;0
1114;17;0;0
16090E;11;0.052;4
16090E;2;0.0114;3
16090E;3;0.0154;0
16090E;1;0;0
16090E;4;0;0
16090E;5;0;0
16090E;7;0;0
16090E;13;0.0743;8
16090E;12;0;0
16090E;6;0.062;6
16090E;16;0;0
16090E;10;0;0
16090E;14;0;0
16090E;8;0;0
16090E;9;0;0
16090E;15;0.0458;1
16090E;17;0;0
643FI;11;0.0302;3
643FI;2;0;0
643FI;3;0;0
643FI;1;0.0171;1
643FI;4;0.0145;1
643FI;5;0;0
643FI;7;0;0
643FI;13;0;0
643FI;12;0;0
643FI;6;0.0076;1
643FI;16;0;0
643FI;10;0;0
643FI;14;0;0
643FI;8;0.0176;1
643FI;9;0;0
643FI;15;0;0
643FI;17;0;0
634;11;0;0
634;2;0;0
634;3;0;0
634;1;0;0
634;4;0;0
634;5;0;0
634;7;0;0
634;13;0;0
634;12;0;0
634;6;0;0
634;16;0;0
634;10;0.084;1
634;14;0.036;1
634;8;0;0
634;9;0;0
634;15;0;0
634;17;0;0
F5739;11;0.054;1
F5739;2;0;0
F5739;3;0.0108;1
F5739;1;0.3456;5
F5739;4;0.1368;5
F5739;5;0.1548;5
F5739;7;0;0
F5739;13;0;0
F5739;12;0;0
F5739;6;0.0108;1
F5739;16;0;0
F5739;10;0.1108;1
F5739;14;0.0324;2
F5739;8;0;0
F5739;9;0;0
F5739;15;0;0
F5739;17;0;0
1030KI;11;0.0149;1
1030KI;2;0;0
1030KI;3;0;0
1030KI;1;0.0017;1
1030KI;4;0;0
1030KI;5;0;0
1030KI;7;0;0
1030KI;13;0;0
1030KI;12;0;0
1030KI;6;0.0017;1
1030KI;16;0;0
1030KI;10;0;0
1030KI;14;0.0065;2
1030KI;8;0.0093;1
1030KI;9;0;0
1030KI;15;0;0
1030KI;17;0;0
544E;11;0.1008;1
544E;2;0;0
544E;3;0.2016;1
544E;1;0;0
544E;4;0;0
544E;5;0;0
544E;7;0;0
544E;13;0;0
544E;12;0;0
544E;6;0.0672;1
544E;16;0;0
544E;10;0.1008;1
544E;14;0.0202;2
544E;8;0;0
544E;9;0;0
544E;15;0;0
544E;17;0;0
1061EST;11;0.072;4
1061EST;2;0.216;13
1061EST;3;0.1728;7
1061EST;1;0;0
1061EST;4;0;0
1061EST;5;0;0
1061EST;7;0;0
1061EST;13;0;0
1061EST;12;0;0
1061EST;6;0.072;11
1061EST;16;0;0
1061EST;10;0.2448;1
1061EST;14;0.072;2
1061EST;8;0;0
1061EST;9;0;0
1061EST;15;0;0
1061EST;17;0;0
F5709;11;0;0
F5709;2;0;0
F5709;3;0;0
F5709;1;0.174;10
F5709;4;0.267;10
F5709;5;0;0
F5709;7;0;0
F5709;13;0;0
F5709;12;0;0
F5709;6;0;0
F5709;16;0;0
F5709;10;0;0
F5709;14;0.075;2
F5709;8;0;0
F5709;9;0.4941;1
F5709;15;0;0
F5709;17;0;0
F5781;11;0;0
F5781;2;0.04815;3
F5781;3;0.04815;1
F5781;1;0;0
F5781;4;0;0
F5781;5;0;0
F5781;7;0;0
F5781;13;0;0
F5781;12;0;0
F5781;6;0.04815;1
F5781;16;0;0
F5781;10;0;0
F5781;14;0.04815;2
F5781;8;0;0
F5781;9;0.04815;1
F5781;15;0;0
F5781;17;0;0
2310;11;0.3;31
2310;2;0.0207;8
2310;3;0.05;4
2310;1;0.22;4
2310;4;0.08;4
2310;5;0.0272;4
2310;7;0;0
2310;13;0;0
2310;12;0;0
2310;6;0.022;8
2310;16;0;0
2310;10;0.04;1
2310;14;0.0465;2
2310;8;0;0
2310;9;0;0
2310;15;0;0
2310;17;0;0
2369;11;0.0074;4
2369;2;0;0
2369;3;0;0
2369;1;0.0193;1
2369;4;0.0053;1
2369;5;0.0136;1
2369;7;0;0
2369;13;0;0
2369;12;0;0
2369;6;0.022;4
2369;16;0;0
2369;10;0.1053;1
2369;14;0.02;2
2369;8;0;0
2369;9;0;0
2369;15;0;0
2369;17;0;0
F5719;11;0;0
F5719;2;0;0
F5719;3;0;0
F5719;1;0.144;7
F5719;4;0.264;7
F5719;5;0;0
F5719;7;0;0
F5719;13;0;0
F5719;12;0;0
F5719;6;0;0
F5719;16;0;0
F5719;10;0;0
F5719;14;0.002;2
F5719;8;0;0
F5719;9;0.68;1
F5719;15;0;0
F5719;17;0;0
F5774;11;0;0
F5774;2;0;0
F5774;3;0;0
F5774;1;0.1369;9
F5774;4;0.1725;9
F5774;5;0;0
F5774;7;0;0
F5774;13;0;0
F5774;12;0;0
F5774;6;0;0
F5774;16;0;0
F5774;10;0;0
F5774;14;0.0413;2
F5774;8;0;0
F5774;9;0.231;1
F5774;15;0;0
F5774;17;0;0
F5775;11;0;0
F5775;2;0;0
F5775;3;0;0
F5775;1;0.504;12
F5775;4;0.4435;12
F5775;5;0;0
F5775;7;0;0
F5775;13;0;0
F5775;12;0;0
F5775;6;0;0
F5775;16;0;0
F5775;10;0;0
F5775;14;0.1008;2
F5775;8;0;0
F5775;9;0.4224;1
F5775;15;0;0
F5775;17;0;0
F5776;11;0;0
F5776;2;0;0
F5776;3;0;0
F5776;1;0.1369;9
F5776;4;0.1725;9
F5776;5;0;0
F5776;7;0;0
F5776;13;0;0
F5776;12;0;0
F5776;6;0;0
F5776;16;0;0
F5776;10;0;0
F5776;14;0.0413;2
F5776;8;0;0
F5776;9;0.231;1
F5776;15;0;0
F5776;17;0;0
F5725;11;0.599;10
F5725;2;0.8294;14
F5725;3;0.7373;17
F5725;1;0.768;11
F5725;4;0.6144;11
F5725;5;0.768;11
F5725;7;0;0
F5725;13;0;0
F5725;12;0;0
F5725;6;0.48;17
F5725;16;0;0
F5725;10;0.6912;1
F5725;14;0.288;2
F5725;8;0;0
F5725;9;0;0
F5725;15;0;0
F5725;17;0;0
POST-160L;11;0.0087;2
POST-160L;2;0.0218;5
POST-160L;3;0;0
POST-160L;1;0;0
POST-160L;4;0;0
POST-160L;5;0;0
POST-160L;7;0;0
POST-160L;13;0.0158;5
POST-160L;12;0;0
POST-160L;6;0.0061;1
POST-160L;16;0;0
POST-160L;10;0;0
POST-160L;14;0;0
POST-160L;8;0;0
POST-160L;9;0;0
POST-160L;15;0.0222;1
POST-160L;17;0;0
MOB-03B;11;0;0
MOB-03B;2;0;0
MOB-03B;3;0;0
MOB-03B;1;0.0638;10
MOB-03B;4;0.0559;10
MOB-03B;5;0;0
MOB-03B;7;0;0
MOB-03B;13;0;0
MOB-03B;12;0;0
MOB-03B;6;0.02;12
MOB-03B;16;0;0
MOB-03B;10;0;0
MOB-03B;14;0.02;2
MOB-03B;8;0;0
MOB-03B;9;0.0599;1
MOB-03B;15;0;0
MOB-03B;17;0;0
F5777;11;0;0
F5777;2;0.1296;6
F5777;3;0.0864;4
F5777;1;0;0
F5777;4;0;0
F5777;5;0;0
F5777;7;0;0
F5777;13;0;0
F5777;12;0;0
F5777;6;0.0216;6
F5777;16;0;0
F5777;10;0.0432;1
F5777;14;0.0216;2
F5777;8;0;0
F5777;9;0;0
F5777;15;0;0
F5777;17;0;0
592;11;0.012;2
592;2;0;0
592;3;0;0
592;1;0.03;1
592;4;0.0267;1
592;5;0.036;1
592;7;0;0
592;13;0;0
592;12;0;0
592;6;0;0
592;16;0;0
592;10;0.036;1
592;14;0.006;2
592;8;0;0
592;9;0;0
592;15;0;0
592;17;0;0
MOB-04.1CG;11;0;0
MOB-04.1CG;2;0;0
MOB-04.1CG;3;0;0
MOB-04.1CG;1;0.0508;1
MOB-04.1CG;4;0.0404;1
MOB-04.1CG;5;0;0
MOB-04.1CG;7;0;0
MOB-04.1CG;13;0;0
MOB-04.1CG;12;0;0
MOB-04.1CG;6;0;0
MOB-04.1CG;16;0;0
MOB-04.1CG;10;0;0
MOB-04.1CG;14;0.0133;2
MOB-04.1CG;8;0;0
MOB-04.1CG;9;0.0437;1
MOB-04.1CG;15;0;0
MOB-04.1CG;17;0;0
1301;11;0;0
1301;2;0.3289;36
1301;3;0.205;10
1301;1;0.085;3
1301;4;0.1165;3
1301;5;0.0925;3
1301;7;0;0
1301;13;0;0
1301;12;0;0
1301;6;0.057;16
1301;16;0;0
1301;10;0.1026;1
1301;14;0.0684;2
1301;8;0;0
1301;9;0;0
1301;15;0;0
1301;17;0;0
F3505;11;0.0468;1
F3505;2;0.108;6
F3505;3;0.0432;4
F3505;1;0.0173;1
F3505;4;0.0222;1
F3505;5;0.0305;1
F3505;7;0;0
F3505;13;0;0
F3505;12;0;0
F3505;6;0.018;5
F3505;16;0;0
F3505;10;0.0596;1
F3505;14;0.0108;2
F3505;8;0;0
F3505;9;0;0
F3505;15;0;0
F3505;17;0;0
1304;11;0.2323;0
1304;2;0.2756;65
1304;3;0.2903;19
1304;1;0.1487;6
1304;4;0.1742;6
1304;5;0.1887;6
1304;7;0;0
1304;13;0;0
1304;12;0;0
1304;6;0.0726;31
1304;16;0;0
1304;10;0.1306;1
1304;14;0.0871;2
1304;8;0;0
1304;9;0;0
1304;15;0;0
1304;17;0;0
CANALETA BENCH;11;0.0096;2
CANALETA BENCH;2;0;0
CANALETA BENCH;3;0.0096;1
CANALETA BENCH;1;0;0
CANALETA BENCH;4;0;0
CANALETA BENCH;5;0;0
CANALETA BENCH;7;0;0
CANALETA BENCH;13;0;0
CANALETA BENCH;12;0;0
CANALETA BENCH;6;0.0096;1
CANALETA BENCH;16;0;0
CANALETA BENCH;10;0.0096;1
CANALETA BENCH;14;0.0096;2
CANALETA BENCH;8;0;0
CANALETA BENCH;9;0;0
CANALETA BENCH;15;0;0
CANALETA BENCH;17;0;0
2106;11;0;0
2106;2;0;0
2106;3;0;0
2106;1;0.3;7
2106;4;0.144;7
2106;5;0.17;7
2106;7;0;0
2106;13;0;0
2106;12;0;0
2106;6;0;0
2106;16;0;0
2106;10;0;0
2106;14;0.12;2
2106;8;0;0
2106;9;0.154;1
2106;15;0;0
2106;17;0;0
900A;11;0;0
900A;2;0;0
900A;3;0;0
900A;1;0.0156;1
900A;4;0.0256;1
900A;5;0.073;1
900A;7;0;0
900A;13;0;0
900A;12;0;0
900A;6;0;0
900A;16;0;0
900A;10;0;0
900A;14;0.02;2
900A;8;0;0
900A;9;0.05;1
900A;15;0;0
900A;17;0;0
F5834;11;0.02992;11
F5834;2;0.11968;3
F5834;3;0;0
F5834;1;0.0435;2
F5834;4;0;0
F5834;5;0;0
F5834;7;0.0272;2
F5834;13;0.136;6
F5834;12;0;0
F5834;6;0.0239;6
F5834;16;0;0
F5834;10;0;0
F5834;14;0.045;2
F5834;8;0;0
F5834;9;0;0
F5834;15;0.16753;1
F5834;17;0;0
AC/IC-140180;11;0.0397;4
AC/IC-140180;2;0.0787;20
AC/IC-140180;3;0;0
AC/IC-140180;1;0.0764;8
AC/IC-140180;4;0;0
AC/IC-140180;5;0;0
AC/IC-140180;7;0.0318;2
AC/IC-140180;13;0.1283;2
AC/IC-140180;12;0;0
AC/IC-140180;6;0.0117;2
AC/IC-140180;16;0;0
AC/IC-140180;10;0;0
AC/IC-140180;14;0.045;2
AC/IC-140180;8;0;0
AC/IC-140180;9;0;0
AC/IC-140180;15;0.1796;1
AC/IC-140180;17;0;0
AC/IC-120120;11;0.034;4
AC/IC-120120;2;0.0673;18
AC/IC-120120;3;0;0
AC/IC-120120;1;0.0653;2
AC/IC-120120;4;0;0
AC/IC-120120;5;0;0
AC/IC-120120;7;0.0272;2
AC/IC-120120;13;0.1098;2
AC/IC-120120;12;0;0
AC/IC-120120;6;0.01;1
AC/IC-120120;16;0;0
AC/IC-120120;10;0;0
AC/IC-120120;14;0.045;2
AC/IC-120120;8;0;0
AC/IC-120120;9;0;0
AC/IC-120120;15;0.1537;1
AC/IC-120120;17;0;0
F5464;11;0;0
F5464;2;0;0
F5464;3;0;0
F5464;1;0.414;14
F5464;4;0.3504;14
F5464;5;0.2832;14
F5464;7;0;0
F5464;13;0;0
F5464;12;0;0
F5464;6;0.0288;12
F5464;16;0;0
F5464;10;0;0
F5464;14;0.0828;2
F5464;8;0;0
F5464;9;0.366;1
F5464;15;0;0
F5464;17;0;0
F5852;11;0.0363;11
F5852;2;0.145;3
F5852;3;0.0363;0
F5852;1;0.058;2
F5852;4;0;0
F5852;5;0;0
F5852;7;0.0363;2
F5852;13;0.1813;6
F5852;12;0;0
F5852;6;0.029;6
F5852;16;0;0
F5852;10;0;0
F5852;14;0.0347;2
F5852;8;0;0
F5852;9;0;0
F5852;15;0.203;1
F5852;17;0;0
F5763;11;0;0
F5763;2;0;0
F5763;3;0;0
F5763;1;0.04545;1
F5763;4;0.1811;1
F5763;5;0.06615;1
F5763;7;0;0
F5763;13;0;0
F5763;12;0;0
F5763;6;0;0
F5763;16;0;0
F5763;10;0.02925;1
F5763;14;0.0674;2
F5763;8;0;0
F5763;9;0;0
F5763;15;0;0
F5763;17;0;0
804A;11;0;0
804A;2;0;0
804A;3;0;0
804A;1;0.016;1
804A;4;0.0365;1
804A;5;0.0554;1
804A;7;0;0
804A;13;0;0
804A;12;0;0
804A;6;0;0
804A;16;0;0
804A;10;0.0957;1
804A;14;0.02295;2
804A;8;0;0
804A;9;0;0
804A;15;0;0
804A;17;0;0
F5836;11;0.158;6
F5836;2;0;0
F5836;3;0;0
F5836;1;0.3871;6
F5836;4;0.6878;6
F5836;5;0.3124;6
F5836;7;0;0
F5836;13;0;0
F5836;12;0;0
F5836;6;0;0
F5836;16;0;0
F5836;10;0.4901;1
F5836;14;0.3254;2
F5836;8;0;0
F5836;9;0;0
F5836;15;0;0
F5836;17;0;0
F5022_KITIZQ;11;0.033118919;11
F5022_KITIZQ;2;0;0
F5022_KITIZQ;3;0;0
F5022_KITIZQ;1;0.044851351;8
F5022_KITIZQ;4;0.057040541;8
F5022_KITIZQ;5;0;0
F5022_KITIZQ;7;0;0
F5022_KITIZQ;13;0;0
F5022_KITIZQ;12;0;0
F5022_KITIZQ;6;0;0
F5022_KITIZQ;16;0;0
F5022_KITIZQ;10;0;0
F5022_KITIZQ;14;0.015;2
F5022_KITIZQ;8;0.066181081;1
F5022_KITIZQ;9;0;0
F5022_KITIZQ;15;0;0
F5022_KITIZQ;17;0;0
F4264;11;0.2791;2
F4264;2;0.4651;11
F4264;3;0.3535;11
F4264;1;0.1861;2
F4264;4;0.093;2
F4264;5;0.1861;2
F4264;7;0;0
F4264;13;0;0
F4264;12;0;0
F4264;6;0.093;13
F4264;16;0;0
F4264;10;0.1488;1
F4264;14;0.0558;2
F4264;8;0;0
F4264;9;0;0
F4264;15;0;0
F4264;17;0;0
F5761;11;0;0
F5761;2;0;0
F5761;3;0;0
F5761;1;0.022433333;1
F5761;4;0.029466667;1
F5761;5;0.039533333;1
F5761;7;0;0
F5761;13;0;0
F5761;12;0;0
F5761;6;0;0
F5761;16;0;0
F5761;10;0.0371;1
F5761;14;0.024766667;2
F5761;8;0;0
F5761;9;0;0
F5761;15;0;0
F5761;17;0;0
1070B;11;0.034;8
1070B;2;0.024;2
1070B;3;0.021;4
1070B;1;0;0
1070B;4;0;0
1070B;5;0;0
1070B;7;0;0
1070B;13;0;0
1070B;12;0;0
1070B;6;0.018;4
1070B;16;0;0
1070B;10;0;0
1070B;14;0;0
1070B;8;0.054;1
1070B;9;0;0
1070B;15;0;0
1070B;17;0;0
106XLI;11;0;0
106XLI;2;0;0
106XLI;3;0;0
106XLI;1;0.06;1
106XLI;4;0.09;1
106XLI;5;0;0
106XLI;7;0;0
106XLI;13;0;0
106XLI;12;0;0
106XLI;6;0;0
106XLI;16;0;0
106XLI;10;0;0
106XLI;14;0;0
106XLI;8;0.02;1
106XLI;9;0;0
106XLI;15;0;0
106XLI;17;0;0
235D;11;0;0
235D;2;0;0
235D;3;0;0
235D;1;0.0165;1
235D;4;0.031;1
235D;5;0;0
235D;7;0;0
235D;13;0;0
235D;12;0;0
235D;6;0;0
235D;16;0;0
235D;10;0;0
235D;14;0.0156;2
235D;8;0;0
235D;9;0.0345;1
235D;15;0;0
235D;17;0;0
F5762;11;0;0
F5762;2;0;0
F5762;3;0;0
F5762;1;0.03218;1
F5762;4;0.03218;1
F5762;5;0.03218;1
F5762;7;0;0
F5762;13;0;0
F5762;12;0;0
F5762;6;0;0
F5762;16;0;0
F5762;10;0.03218;1
F5762;14;0.03218;2
F5762;8;0;0
F5762;9;0;0
F5762;15;0;0
F5762;17;0;0
POST-120B;11;0.0067;2
POST-120B;2;0.0168;5
POST-120B;3;0;0
POST-120B;1;0;0
POST-120B;4;0;0
POST-120B;5;0;0
POST-120B;7;0;0
POST-120B;13;0.0134;5
POST-120B;12;0;0
POST-120B;6;0.0047;1
POST-120B;16;0;0
POST-120B;10;0;0
POST-120B;14;0.0106;2
POST-120B;8;0;0
POST-120B;9;0;0
POST-120B;15;0.0188;1
POST-120B;17;0;0
STRRECCORPW;11;0.1152;2
STRRECCORPW;2;0;0
STRRECCORPW;3;0;0
STRRECCORPW;1;0.2388;4
STRRECCORPW;4;0.2388;4
STRRECCORPW;5;0;0
STRRECCORPW;7;0;0
STRRECCORPW;13;0.2335;3
STRRECCORPW;12;0;0
STRRECCORPW;6;0.096;5
STRRECCORPW;16;0;0
STRRECCORPW;10;0;0
STRRECCORPW;14;0;0
STRRECCORPW;8;0;0
STRRECCORPW;9;0.484;1
STRRECCORPW;15;0;0
STRRECCORPW;17;0;0
STRD3060;11;0.0864;0
STRD3060;2;0.0288;8
STRD3060;3;0.09792;4
STRD3060;1;0.0166;2
STRD3060;4;0.0864;2
STRD3060;5;0.0764;2
STRD3060;7;0;0
STRD3060;13;0;0
STRD3060;12;0;0
STRD3060;6;0.1037;4
STRD3060;16;0;0
STRD3060;10;0.0576;1
STRD3060;14;0.0288;2
STRD3060;8;0;0
STRD3060;9;0;0
STRD3060;15;0;0
STRD3060;17;0;0
STRPEDFF;11;0.0368;6
STRPEDFF;2;0;0
STRPEDFF;3;0.025758824;3
STRPEDFF;1;0.033358824;7
STRPEDFF;4;0.081441176;7
STRPEDFF;5;0;0
STRPEDFF;7;0;0
STRPEDFF;13;0.0184;1
STRPEDFF;12;0;0
STRPEDFF;6;0.010558824;4
STRPEDFF;16;0;0
STRPEDFF;10;0;0
STRPEDFF;14;0;0
STRPEDFF;8;0.081441176;1
STRPEDFF;9;0;0
STRPEDFF;15;0;0
STRPEDFF;17;0;0
STRRECCORPWTOP;11;0.1152;2
STRRECCORPWTOP;2;0.192;3
STRRECCORPWTOP;3;0.2304;2
STRRECCORPWTOP;1;0.1688;3
STRRECCORPWTOP;4;0;0
STRRECCORPWTOP;5;0;0
STRRECCORPWTOP;7;0;0
STRRECCORPWTOP;13;0.12687;1
STRRECCORPWTOP;12;0;0
STRRECCORPWTOP;6;0.096;3
STRRECCORPWTOP;16;0;0
STRRECCORPWTOP;10;0;0
STRRECCORPWTOP;14;0;0
STRRECCORPWTOP;8;0;0
STRRECCORPWTOP;9;0.384;1
STRRECCORPWTOP;15;0;0
STRRECCORPWTOP;17;0;0
F5856;11;0.112527273;4
F5856;2;0.128872727;8
F5856;3;0.136618182;4
F5856;1;0.070218182;1
F5856;4;0.0265;1
F5856;5;0.109727273;1
F5856;7;0;0
F5856;13;0;0
F5856;12;0;0
F5856;6;0.023763636;7
F5856;16;0;0
F5856;10;0.123418182;1
F5856;14;0.052981818;2
F5856;8;0;0
F5856;9;0;0
F5856;15;0;0
F5856;17;0;0
F5966;11;0;0
F5966;2;0;0
F5966;3;0;0
F5966;1;0;0
F5966;4;0;0
F5966;5;0;0
F5966;7;0.0514;2
F5966;13;0;0
F5966;12;0;0
F5966;6;0;0
F5966;16;0.1229;1
F5966;10;0;0
F5966;14;0;0
F5966;8;0;0
F5966;9;0;0
F5966;15;0;0
F5966;17;0;0
221H;11;0;0
221H;2;0;0
221H;3;0.004;1
221H;1;0;0
221H;4;0;0
221H;5;0;0
221H;7;0;0
221H;13;0;0
221H;12;0;0
221H;6;0.00495;1
221H;16;0;0
221H;10;0;0
221H;14;0;0
221H;8;0;0
221H;9;0.0036;1
221H;15;0;0
221H;17;0;0
21810B;11;0;0
21810B;2;0;0
21810B;3;0;0
21810B;1;0.1;1
21810B;4;0.126;1
21810B;5;0.06;1
21810B;7;0;0
21810B;13;0;0
21810B;12;0;0
21810B;6;0;0
21810B;16;0;0
21810B;10;0.041;1
21810B;14;0;0
21810B;8;0;0
21810B;9;0;0
21810B;15;0;0
21810B;17;0;0
ZU118;11;0.086166667;3
ZU118;2;0;0
ZU118;3;0.2011;3
ZU118;1;0.029;1
ZU118;4;0.022;1
ZU118;5;0.095;1
ZU118;7;0;0
ZU118;13;0;0
ZU118;12;0;0
ZU118;6;0.0672;3
ZU118;16;0;0
ZU118;10;0.090733333;1
ZU118;14;0.020166667;2
ZU118;8;0;0
ZU118;9;0;0
ZU118;15;0;0
ZU118;17;0;0
F5849;11;0;0
F5849;2;0;0
F5849;3;0;0
F5849;1;0.5804;27
F5849;4;0.7266;27
F5849;5;0;0
F5849;7;0;0
F5849;13;0;0
F5849;12;0;0
F5849;6;0.0104;0
F5849;16;0;0
F5849;10;0;0
F5849;14;0;2
F5849;8;0;0
F5849;9;0.16943;1
F5849;15;0;0
F5849;17;0;0
F5859;11;0.0108;3
F5859;2;0;0
F5859;3;0;0
F5859;1;0.1511;6
F5859;4;0.08;6
F5859;5;0;0
F5859;7;0;0
F5859;13;0;0
F5859;12;0;0
F5859;6;0;0
F5859;16;0;0
F5859;10;0;0
F5859;14;0.07;2
F5859;8;0;0
F5859;9;0.093;1
F5859;15;0;0
F5859;17;0;0
STRHLEG;11;0;0
STRHLEG;2;0.026;1
STRHLEG;3;0.0424;1
STRHLEG;1;0;0
STRHLEG;4;0;0
STRHLEG;5;0;0
STRHLEG;7;0;0
STRHLEG;13;0;0
STRHLEG;12;0;0
STRHLEG;6;0.0496;1
STRHLEG;16;0;0
STRHLEG;10;0.032;1
STRHLEG;14;0.026;2
STRHLEG;8;0;0
STRHLEG;9;0;0
STRHLEG;15;0;0
STRHLEG;17;0;0
STRCONT84;11;0.0295;2
STRCONT84;2;0.0369;3
STRCONT84;3;0.1478;3
STRCONT84;1;0.0956;1
STRCONT84;4;0.0956;1
STRCONT84;5;0.1256;1
STRCONT84;7;0;0
STRCONT84;13;0;0
STRCONT84;12;0;0
STRCONT84;6;0.1478;5
STRCONT84;16;0;0
STRCONT84;10;0.0813;1
STRCONT84;14;0.0443;2
STRCONT84;8;0;0
STRCONT84;9;0;0
STRCONT84;15;0;0
STRCONT84;17;0;0
F5937;11;0.037;3
F5937;2;0.1109;8
F5937;3;0.1109;3
F5937;1;0.1109;4
F5937;4;0.0874;4
F5937;5;0;0
F5937;7;0;0
F5937;13;0.0887;5
F5937;12;0;0
F5937;6;0.037;5
F5937;16;0;0
F5937;10;0;0
F5937;14;0.037;2
F5937;8;0;0
F5937;9;0.1159;1
F5937;15;0;0
F5937;17;0;0
1107;11;1.1213;14
1107;2;1.3243;77
1107;3;1.3339;41
1107;1;0.358;8
1107;4;0.8875;8
1107;5;0.599;8
1107;7;0;0
1107;13;0;0
1107;12;0;0
1107;6;0.348;41
1107;16;0;0
1107;10;0.6283;1
1107;14;0.4176;2
1107;8;0;0
1107;9;0;0
1107;15;0;0
1107;17;0;0
1105;11;0.8755;12
1105;2;1.0325;59
1105;3;1.0421;31
1105;1;0.3497;6
1105;4;0.6878;6
1105;5;0.3497;6
1105;7;0;0
1105;13;0;0
1105;12;0;0
1105;6;0.2712;31
1105;16;0;0
1105;10;0.4901;1
1105;14;0.3254;2
1105;8;0;0
1105;9;0;0
1105;15;0;0
1105;17;0;0
F6023;11;0;0
F6023;2;0;0
F6023;3;0;0
F6023;1;0.0421;1
F6023;4;0.073;1
F6023;5;0.1151;1
F6023;7;0;0
F6023;13;0;0
F6023;12;0;0
F6023;6;0;0
F6023;16;0;0
F6023;10;0.0364;1
F6023;14;0.0384;2
F6023;8;0;0
F6023;9;0;0
F6023;15;0;0
F6023;17;0;0
F5971;11;0.00255;5
F5971;2;0;0
F5971;3;0;0
F5971;1;0;0
F5971;4;0;0
F5971;5;0;0
F5971;7;0;0
F5971;13;0;0
F5971;12;0;0
F5971;6;0.001525;1
F5971;16;0;0
F5971;10;0.0030625;1
F5971;14;0.001525;2
F5971;8;0;0
F5971;9;0;0
F5971;15;0;0
F5971;17;0;0
919IA;11;0;0
919IA;2;0;0
919IA;3;0;0
919IA;1;0.018;1
919IA;4;0;0
919IA;5;0;0
919IA;7;0;0
919IA;13;0;0
919IA;12;0;0
919IA;6;0;0
919IA;16;0.024;1
919IA;10;0;0
919IA;14;0.011;2
919IA;8;0;0
919IA;9;0;0
919IA;15;0;0
919IA;17;0;0
F5973;11;0;0
F5973;2;0;0
F5973;3;0;0
F5973;1;0.0313;1
F5973;4;0.02505;1
F5973;5;0;0
F5973;7;0;0
F5973;13;0;0
F5973;12;0;0
F5973;6;0;0
F5973;16;0;0
F5973;10;0;0
F5973;14;0.00625;2
F5973;8;0;0
F5973;9;0.0313;1
F5973;15;0;0
F5973;17;0;0
ZU2903BOX2;11;0;0
ZU2903BOX2;2;0;0
ZU2903BOX2;3;0.2322;1
ZU2903BOX2;1;0.1533;4
ZU2903BOX2;4;0.1967;4
ZU2903BOX2;5;0;0
ZU2903BOX2;7;0;0
ZU2903BOX2;13;0;0
ZU2903BOX2;12;0;0
ZU2903BOX2;6;0.083;5
ZU2903BOX2;16;0;0
ZU2903BOX2;10;0;0
ZU2903BOX2;14;0;0
ZU2903BOX2;8;0;0
ZU2903BOX2;9;0.1667;1
ZU2903BOX2;15;0;0
ZU2903BOX2;17;0;0
ZU290 BOX 1;11;0.0532;3
ZU290 BOX 1;2;0.228;7
ZU290 BOX 1;3;0.1096;1
ZU290 BOX 1;1;0.2096;1
ZU290 BOX 1;4;0.1832;1
ZU290 BOX 1;5;0;0
ZU290 BOX 1;7;0;0
ZU290 BOX 1;13;0.1077;2
ZU290 BOX 1;12;0;0
ZU290 BOX 1;6;0.0526;2
ZU290 BOX 1;16;0;0
ZU290 BOX 1;10;0;0
ZU290 BOX 1;14;0;0
ZU290 BOX 1;8;0;0
ZU290 BOX 1;9;0.1696;1
ZU290 BOX 1;15;0;0
ZU290 BOX 1;17;0;0
ZU490 BOX1;11;0.125;3
ZU490 BOX1;2;0;0
ZU490 BOX1;3;0.1;1
ZU490 BOX1;1;0.225;3
ZU490 BOX1;4;0.183;3
ZU490 BOX1;5;0;0
ZU490 BOX1;7;0;0
ZU490 BOX1;13;0;0
ZU490 BOX1;12;0;0
ZU490 BOX1;6;0.09;5
ZU490 BOX1;16;0;0
ZU490 BOX1;10;0;0
ZU490 BOX1;14;0;0
ZU490 BOX1;8;0;0
ZU490 BOX1;9;0.2075;1
ZU490 BOX1;15;0;0
ZU490 BOX1;17;0;0
AC-180120;11;0.0312;4
AC-180120;2;0.0743;27
AC-180120;3;0;0
AC-180120;1;0.08;4
AC-180120;4;0;0
AC-180120;5;0;0
AC-180120;7;0.025;2
AC-180120;13;0.1344;2
AC-180120;12;0;0
AC-180120;6;0.0083;2
AC-180120;16;0;0
AC-180120;10;0;0
AC-180120;14;0;0
AC-180120;8;0;0
AC-180120;9;0;0
AC-180120;15;0.1881;1
AC-180120;17;0;0
2050;11;0.0288;6
2050;2;0;0
2050;3;0.0192;2
2050;1;0.0538;1
2050;4;0.0258;1
2050;5;0.0184;1
2050;7;0;0
2050;13;0;0
2050;12;0;0
2050;6;0.0077;2
2050;16;0;0
2050;10;0.0288;1
2050;14;0.0096;2
2050;8;0;0
2050;9;0;0
2050;15;0;0
2050;17;0;0
106C1;11;0;0
106C1;2;0;0
106C1;3;0;0
106C1;1;0.06;1
106C1;4;0.05;1
106C1;5;0;0
106C1;7;0;0
106C1;13;0;0
106C1;12;0;0
106C1;6;0;0
106C1;16;0;0
106C1;10;0;0
106C1;14;0;0
106C1;8;0.1;1
106C1;9;0;0
106C1;15;0;0
106C1;17;0;0
F5970;11;0.0003;2
F5970;2;0;0
F5970;3;0;0
F5970;1;0;0
F5970;4;0;0
F5970;5;0;0
F5970;7;0;0
F5970;13;0;0
F5970;12;0;0
F5970;6;0.0018125;2
F5970;16;0;0
F5970;10;0.003625;1
F5970;14;0.0018125;2
F5970;8;0;0
F5970;9;0;0
F5970;15;0;0
F5970;17;0;0
F6004;11;0.0237;3
F6004;2;0;0
F6004;3;0;0
F6004;1;0;0
F6004;4;0;0
F6004;5;0;0
F6004;7;0;0
F6004;13;0;0
F6004;12;0;0
F6004;6;0.0068;1
F6004;16;0;0
F6004;10;0.0147;1
F6004;14;0.015;2
F6004;8;0;0
F6004;9;0;0
F6004;15;0;0
F6004;17;0;0
F6005;11;0.0049;1
F6005;2;0;0
F6005;3;0.00735;1
F6005;1;0;0
F6005;4;0;0
F6005;5;0;0
F6005;7;0;0
F6005;13;0;0
F6005;12;0;0
F6005;6;0;0
F6005;16;0;0
F6005;10;0.00335;1
F6005;14;0.001675;2
F6005;8;0;0
F6005;9;0;0
F6005;15;0;0
F6005;17;0;0
F6006;11;0.0427;3
F6006;2;0;0
F6006;3;0;0
F6006;1;0;0
F6006;4;0;0
F6006;5;0;0
F6006;7;0;0
F6006;13;0;0
F6006;12;0;0
F6006;6;0.0122;1
F6006;16;0;0
F6006;10;0.0265;1
F6006;14;0.0225;2
F6006;8;0;0
F6006;9;0;0
F6006;15;0;0
F6006;17;0;0
2045;11;0.036;4
2045;2;0;0
2045;3;0.024;4
2045;1;0.048;1
2045;4;0.02;1
2045;5;0;0
2045;7;0;0
2045;13;0;0
2045;12;0;0
2045;6;0.02;4
2045;16;0;0
2045;10;0;0
2045;14;0.014;2
2045;8;0;0
2045;9;0.0333;1
2045;15;0;0
2045;17;0;0
325;11;0.0269;1
325;2;0.03976;1
325;3;0.01756;1
325;1;0;0
325;4;0;0
325;5;0;0
325;7;0;0
325;13;0.03078;1
325;12;0;0
325;6;0.03078;1
325;16;0;0
325;10;0;0
325;14;0;0
325;8;0;0
325;9;0;0
325;15;0.05986;1
325;17;0;0
2012;11;0;0
2012;2;0;0
2012;3;0;0
2012;1;0.2109;7
2012;4;0.2045;7
2012;5;0;0
2012;7;0;0
2012;13;0;0
2012;12;0;0
2012;6;0;0
2012;16;0;0
2012;10;0;0
2012;14;0.036;2
2012;8;0;0
2012;9;0.6165;1
2012;15;0;0
2012;17;0;0
2033;11;0;0
2033;2;0.048;5
2033;3;0.036;2
2033;1;0;0
2033;4;0;0
2033;5;0;0
2033;7;0;0
2033;13;0.02;1
2033;12;0;0
2033;6;0.02;3
2033;16;0;0
2033;10;0;0
2033;14;0.014;2
2033;8;0;0
2033;9;0.038;1
2033;15;0;0
2033;17;0;0
2061;11;0.0158;2
2061;2;0.085;2
2061;3;0;0
2061;1;0.204;4
2061;4;0.153;4
2061;5;0;0
2061;7;0;0
2061;13;0;0
2061;12;0;0
2061;6;0.085;2
2061;16;0;0
2061;10;0;0
2061;14;0.0525;2
2061;8;0;0
2061;9;0.1615;1
2061;15;0;0
2061;17;0;0
2081;11;0.0114;1
2081;2;0;0
2081;3;0;0
2081;1;0.2106;8
2081;4;0.2205;8
2081;5;0;0
2081;7;0;0
2081;13;0;0
2081;12;0;0
2081;6;0.0098;1
2081;16;0;0
2081;10;0;0
2081;14;0.0482;2
2081;8;0;0
2081;9;0.8789;1
2081;15;0;0
2081;17;0;0
1143;11;0.5635;8
1143;2;0.6629;28
1143;3;0.6713;16
1143;1;0.132;5
1143;4;0.4372;5
1143;5;0.4474;5
1143;7;0;0
1143;13;0;0
1143;12;0;0
1143;6;0.174;24
1143;16;0;0
1143;10;0.3149;1
1143;14;0.2088;2
1143;8;0;0
1143;9;0;0
1143;15;0;0
1143;17;0;0
F6003;11;0;0
F6003;2;0.018688333;2
F6003;3;0.051935;2
F6003;1;0.05107;1
F6003;4;0.01927;1
F6003;5;0.0798;1
F6003;7;0;0
F6003;13;0;0
F6003;12;0;0
F6003;6;0.0108;2
F6003;16;0;0
F6003;10;0.08976;1
F6003;14;0.04816;2
F6003;8;0;0
F6003;9;0;0
F6003;15;0;0
F6003;17;0;0
C2-2204E;11;0;0
C2-2204E;2;0;0
C2-2204E;3;0;0
C2-2204E;1;0.0155;1
C2-2204E;4;0.0104;1
C2-2204E;5;0;0
C2-2204E;7;0;0
C2-2204E;13;0;0
C2-2204E;12;0;0
C2-2204E;6;0;0
C2-2204E;16;0;0
C2-2204E;10;0.0082;0
C2-2204E;14;0.0019;2
C2-2204E;8;0.0103;1
C2-2204E;9;0;0
C2-2204E;15;0;0
C2-2204E;17;0;0
F5999;11;0.00627;3
F5999;2;0.05774;8
F5999;3;0.02165;2
F5999;1;0.016311667;2
F5999;4;0;0
F5999;5;0;0
F5999;7;0;0
F5999;13;0.07218;6
F5999;12;0;0
F5999;6;0.00868;6
F5999;16;0;0
F5999;10;0;0
F5999;14;0;0
F5999;8;0;0
F5999;9;0;0
F5999;15;0.06255;1
F5999;17;0;0
2011;11;0;0
2011;2;0;0
2011;3;0;0
2011;1;0.228;10
2011;4;0.2642;10
2011;5;0;0
2011;7;0;0
2011;13;0;0
2011;12;0;0
2011;6;0.0378;12
2011;16;0;0
2011;10;0;0
2011;14;0.036;2
2011;8;0;0
2011;9;0.6161;1
2011;15;0;0
2011;17;0;0
F6046C;11;0.0316;1
F6046C;2;0.17;3
F6046C;3;0.204;1
F6046C;1;0.443;6
F6046C;4;0.3435;6
F6046C;5;0;0
F6046C;7;0;0
F6046C;13;0;0
F6046C;12;0;0
F6046C;6;0.17;2
F6046C;16;0;0
F6046C;10;0;0
F6046C;14;0.136;2
F6046C;8;0;0
F6046C;9;0.358;1
F6046C;15;0;0
F6046C;17;0;0
F6046D;11;0;0
F6046D;2;0;0
F6046D;3;0;0
F6046D;1;0.3166;10
F6046D;4;0.3963;10
F6046D;5;0;0
F6046D;7;0;0
F6046D;13;0;0
F6046D;12;0;0
F6046D;6;0.0567;12
F6046D;16;0;0
F6046D;10;0;0
F6046D;14;0.054;2
F6046D;8;0;0
F6046D;9;0.9242;1
F6046D;15;0;0
F6046D;17;0;0
F5933G;11;0;0
F5933G;2;0;0
F5933G;3;0.0182;1
F5933G;1;0;0
F5933G;4;0;0
F5933G;5;0;0
F5933G;7;0;0
F5933G;13;0;0
F5933G;12;0;0
F5933G;6;0;0
F5933G;16;0;0
F5933G;10;0.0127;1
F5933G;14;0.0035;2
F5933G;8;0;0
F5933G;9;0;0
F5933G;15;0;0
F5933G;17;0;0
F5932C;11;0.0276;1
F5932C;2;0;0
F5932C;3;0;0
F5932C;1;0;0
F5932C;4;0;0
F5932C;5;0;0
F5932C;7;0;0
F5932C;13;0;0
F5932C;12;0;0
F5932C;6;0.0006;1
F5932C;16;0;0
F5932C;10;0.002;1
F5932C;14;0.01;2
F5932C;8;0;0
F5932C;9;0;0
F5932C;15;0;0
F5932C;17;0;0
F5796A;11;0;0
F5796A;2;0;0
F5796A;3;0;0
F5796A;1;0.0957;1
F5796A;4;0.14685;1
F5796A;5;0;0
F5796A;7;0;0
F5796A;13;0;0
F5796A;12;0;0
F5796A;6;0;0
F5796A;16;0;0
F5796A;10;0;0
F5796A;14;0.0375;2
F5796A;8;0;0
F5796A;9;0.16285;1
F5796A;15;0;0
F5796A;17;0;0
1000X;11;0;0
1000X;2;0;0
1000X;3;0;0
1000X;1;0.095;1
1000X;4;0.099;1
1000X;5;0.099;1
1000X;7;0;0
1000X;13;0;0
1000X;12;0;0
1000X;6;0;0
1000X;16;0;0
1000X;10;0.096;1
1000X;14;0.046;2
1000X;8;0;0
1000X;9;0;0
1000X;15;0;0
1000X;17;0;0
IWREP120;11;0.0144;2
IWREP120;2;0;0
IWREP120;3;0;0
IWREP120;1;0.0036;1
IWREP120;4;0.0036;1
IWREP120;5;0.06;1
IWREP120;7;0;0
IWREP120;13;0;0
IWREP120;12;0;0
IWREP120;6;0;0
IWREP120;16;0;0
IWREP120;10;0.0264;1
IWREP120;14;0.012;2
IWREP120;8;0;0
IWREP120;9;0;0
IWREP120;15;0;0
IWREP120;17;0;0
160-I;11;0.00865;2
160-I;2;0.0216;6
160-I;3;0;0
160-I;1;0;0
160-I;4;0;0
160-I;5;0;0
160-I;7;0;0
160-I;13;0.017275;1
160-I;12;0;0
160-I;6;0.0605;1
160-I;16;0;0
160-I;10;0;0
160-I;14;0;0
160-I;8;0;0
160-I;9;0;0
160-I;15;0.0242;1
160-I;17;0;0
160-T;11;0.00815;3
160-T;2;0.0204;1
160-T;3;0.00815;1
160-T;1;0;0
160-T;4;0;0
160-T;5;0;0
160-T;7;0;0
160-T;13;0.016325;1
160-T;12;0;0
160-T;6;0.0057;1
160-T;16;0;0
160-T;10;0;0
160-T;14;0;0
160-T;8;0;0
160-T;9;0;0
160-T;15;0.02285;1
160-T;17;0;0
C2-2203C;11;0;0
C2-2203C;2;0;0
C2-2203C;3;0;0
C2-2203C;1;0.0251;1
C2-2203C;4;0.0167;1
C2-2203C;5;0.0152;1
C2-2203C;7;0;0
C2-2203C;13;0;0
C2-2203C;12;0;0
C2-2203C;6;0;0
C2-2203C;16;0;0
C2-2203C;10;0.013;1
C2-2203C;14;0.0032;2
C2-2203C;8;0;0
C2-2203C;9;0;0
C2-2203C;15;0;0
C2-2203C;17;0;0
180-L;11;0.009125;2
180-L;2;0.0228;5
180-L;3;0.009125;1
180-L;1;0;0
180-L;4;0;0
180-L;5;0;0
180-L;7;0;0
180-L;13;0.0182375;1
180-L;12;0;0
180-L;6;0.006375;1
180-L;16;0;0
180-L;10;0;0
180-L;14;0;0
180-L;8;0;0
180-L;9;0;0
180-L;15;0.0255375;1
180-L;17;0;0
F5796;11;0;0
F5796;2;0;0
F5796;3;0;0
F5796;1;1.426;48
F5796;4;1.084;48
F5796;5;0;0
F5796;7;0;0
F5796;13;0;0
F5796;12;0;0
F5796;6;0.0823;14
F5796;16;0;0
F5796;10;0;0
F5796;14;0.3375;6
F5796;8;0;0
F5796;9;1.8427;1
F5796;15;0;0
F5796;17;0;0
1001C;11;0;0
1001C;2;0;0
1001C;3;0;0
1001C;1;0.012;1
1001C;4;0.0135;1
1001C;5;0.0288;1
1001C;7;0;0
1001C;13;0;0
1001C;12;0;0
1001C;6;0;0
1001C;16;0;0
1001C;10;0.0278;1
1001C;14;0.0174;2
1001C;8;0;0
1001C;9;0;0
1001C;15;0;0
1001C;17;0;0
233A;11;0;0
233A;2;0;0
233A;3;0;0
233A;1;0.0888;1
233A;4;0.0888;1
233A;5;0.1998;1
233A;7;0;0
233A;13;0;0
233A;12;0;0
233A;6;0;0
233A;16;0;0
233A;10;0.0666;1
233A;14;0.0288;2
233A;8;0;0
233A;9;0;0
233A;15;0;0
233A;17;0;0
928;11;0;0
928;2;0;0
928;3;0;0
928;1;0.1167;2
928;4;0;0
928;5;0;0
928;7;0.1719;2
928;13;0;0
928;12;0;0
928;6;0;0
928;16;0;0
928;10;0;0
928;14;0.0356;2
928;8;0;0
928;9;0;0
928;15;0;0
928;17;0.3356;1
811F;11;0;0
811F;2;0;0
811F;3;0;0
811F;1;0.01;1
811F;4;0.0122;1
811F;5;0;0
811F;7;0;0
811F;13;0;0
811F;12;0;0
811F;6;0;0
811F;16;0;0
811F;10;0;0
811F;14;0.022;2
811F;8;0.0151;1
811F;9;0;0
811F;15;0;0
811F;17;0;0
558CUB;11;0;0
558CUB;2;0;0
558CUB;3;0;0
558CUB;1;0.051;1
558CUB;4;0.081;1
558CUB;5;0;0
558CUB;7;0;0
558CUB;13;0;0
558CUB;12;0;0
558CUB;6;0;0
558CUB;16;0;0
558CUB;10;0;0
558CUB;14;0.0101;2
558CUB;8;0;0
558CUB;9;0.049;1
558CUB;15;0;0
558CUB;17;0;0
1264;11;0.0234;2
1264;2;0.070233333;9
1264;3;0.056166667;1
1264;1;0.0468;1
1264;4;0.107666667;1
1264;5;0.037433333;1
1264;7;0;0
1264;13;0;0
1264;12;0;0
1264;6;0.0234;5
1264;16;0;0
1264;10;0.079566667;1
1264;14;0.0234;2
1264;8;0;0
1264;9;0;0
1264;15;0;0
1264;17;0;0
F6066;11;0.1438;4
F6066;2;0.1381;9
F6066;3;0.163;6
F6066;1;0.0421;1
F6066;4;0.073;1
F6066;5;0.1151;1
F6066;7;0;0
F6066;13;0;0
F6066;12;0;0
F6066;6;0.0422;11
F6066;16;0;0
F6066;10;0.092;1
F6066;14;0.0384;2
F6066;8;0;0
F6066;9;0;0
F6066;15;0;0
F6066;17;0;0
810A;11;0;0
810A;2;0;0
810A;3;0;0
810A;1;0.03355;1
810A;4;0.0156;1
810A;5;0.40235;1
810A;7;0;0
810A;13;0;0
810A;12;0;0
810A;6;0;0
810A;16;0;0
810A;10;0.02685;1
810A;14;0.0097;2
810A;8;0;0
810A;9;0;0
810A;15;0;0
810A;17;0;0
F5795;11;0.3153;12
F5795;2;0;0
F5795;3;0.1677;4
F5795;1;1.3468;23
F5795;4;1.0237;23
F5795;5;0;0
F5795;7;0;0
F5795;13;0;0
F5795;12;0;0
F5795;6;0.0778;4
F5795;16;0;0
F5795;10;0;0
F5795;14;0.3188;4
F5795;8;0;0
F5795;9;1.7403;1
F5795;15;0;0
F5795;17;0;0
2062;11;0.0158;1
2062;2;0;0
2062;3;0.102;1
2062;1;0.204;4
2062;4;0.153;4
2062;5;0;0
2062;7;0;0
2062;13;0;0
2062;12;0;0
2062;6;0.085;1
2062;16;0;0
2062;10;0;0
2062;14;0.0595;2
2062;8;0;0
2062;9;0.1655;1
2062;15;0;0
2062;17;0;0
AC/IC-160120;11;0.03746;4
AC/IC-160120;2;0.0742;20
AC/IC-160120;3;0;0
AC/IC-160120;1;0.07204;4
AC/IC-160120;4;0;0
AC/IC-160120;5;0;0
AC/IC-160120;7;0.03002;2
AC/IC-160120;13;0.12102;2
AC/IC-160120;12;0;0
AC/IC-160120;6;0.01107;1
AC/IC-160120;16;0;0
AC/IC-160120;10;0;0
AC/IC-160120;14;0;0
AC/IC-160120;8;0;0
AC/IC-160120;9;0;0
AC/IC-160120;15;0.16941;1
AC/IC-160120;17;0;0
2370;11;0.0187;5
2370;2;0;0
2370;3;0.0209;1
2370;1;0.0193;1
2370;4;0.0053;1
2370;5;0.0136;1
2370;7;0;0
2370;13;0;0
2370;12;0;0
2370;6;0.022;1
2370;16;0;0
2370;10;0.1054;1
2370;14;0.02;2
2370;8;0;0
2370;9;0;0
2370;15;0;0
2370;17;0;0
2319;11;0.35;31
2319;2;0.2066;12
2319;3;0.22;6
2319;1;0.4;3
2319;4;0.1599;3
2319;5;0.1156;3
2319;7;0;0
2319;13;0;0
2319;12;0;0
2319;6;0.022;6
2319;16;0;0
2319;10;0.195;1
2319;14;0.093;2
2319;8;0;0
2319;9;0;0
2319;15;0;0
2319;17;0;0
5274F;11;0;0
5274F;2;0;0
5274F;3;0;0
5274F;1;0.039;1
5274F;4;0.039;1
5274F;5;0.0195;1
5274F;7;0;0
5274F;13;0;0
5274F;12;0;0
5274F;6;0;0
5274F;16;0;0
5274F;10;0.0468;1
5274F;14;0.0117;2
5274F;8;0;0
5274F;9;0;0
5274F;15;0;0
5274F;17;0;0
F5022P;11;0;0
F5022P;2;0;0
F5022P;3;0;0
F5022P;1;0.0131;1
F5022P;4;0.016;1
F5022P;5;0;0
F5022P;7;0;0
F5022P;13;0;0
F5022P;12;0;0
F5022P;6;0;0
F5022P;16;0;0
F5022P;10;0;0
F5022P;14;0.015;2
F5022P;8;0.0182;1
F5022P;9;0;0
F5022P;15;0;0
F5022P;17;0;0
1017;11;0.1152;2
1017;2;0.1382;4
1017;3;0.1305;5
1017;1;0.085;2
1017;4;0.1152;2
1017;5;0.0302;2
1017;7;0;0
1017;13;0;0
1017;12;0;0
1017;6;0.0384;5
1017;16;0;0
1017;10;0.0768;1
1017;14;0.0384;2
1017;8;0;0
1017;9;0;0
1017;15;0;0
1017;17;0;0
2015;11;0;0
2015;2;0;0
2015;3;0;0
2015;1;0.228;7
2015;4;0.2742;7
2015;5;0;0
2015;7;0;0
2015;13;0;0
2015;12;0;0
2015;6;0;0
2015;16;0;0
2015;10;0;0
2015;14;0.036;2
2015;8;0;0
2015;9;0.6261;1
2015;15;0;0
2015;17;0;0
1302;11;0.1991;6
1302;2;0.2362;30
1302;3;0.2488;9
1302;1;0.1275;4
1302;4;0.1493;4
1302;5;0.1617;4
1302;7;0;0
1302;13;0;0
1302;12;0;0
1302;6;0.0622;9
1302;16;0;0
1302;10;0.112;1
1302;14;0.0747;4
1302;8;0;0
1302;9;0;0
1302;15;0;0
1302;17;0;0
F6124;11;0.2547;7
F6124;2;0;0
F6124;3;0;0
F6124;1;0.116;3
F6124;4;0.275;3
F6124;5;0.2851;3
F6124;7;0;0
F6124;13;0;0
F6124;12;0;0
F6124;6;0.0167;7
F6124;16;0;0
F6124;10;0.1013;1
F6124;14;0.1339;2
F6124;8;0;0
F6124;9;0;0
F6124;15;0;0
F6124;17;0;0
IL-16075;11;0.037375;1
IL-16075;2;0.074025;19
IL-16075;3;0;0
IL-16075;1;0.071875;2
IL-16075;4;0;0
IL-16075;5;0;0
IL-16075;7;0.02995;2
IL-16075;13;0.12075;1
IL-16075;12;0;0
IL-16075;6;0.01105;1
IL-16075;16;0;0
IL-16075;10;0;0
IL-16075;14;0.0504;2
IL-16075;8;0;0
IL-16075;9;0;0
IL-16075;15;0.169025;1
IL-16075;17;0;0
2321;11;0.3;21
2321;2;0.2066;9
2321;3;0.18;5
2321;1;0.4;3
2321;4;0.1599;3
2321;5;0.1156;3
2321;7;0;0
2321;13;0;0
2321;12;0;0
2321;6;0.022;5
2321;16;0;0
2321;10;0.17;1
2321;14;0.093;2
2321;8;0;0
2321;9;0;0
2321;15;0;0
2321;17;0;0
F6087;11;0.07344;1
F6087;2;0.0816;4
F6087;3;0.06854;4
F6087;1;0.04776;1
F6087;4;0.0612;1
F6087;5;0.0214;1
F6087;7;0;0
F6087;13;0;0
F6087;12;0;0
F6087;6;0.02244;4
F6087;16;0;0
F6087;10;0.06528;1
F6087;14;0.0012;2
F6087;8;0;0
F6087;9;0;0
F6087;15;0;0
F6087;17;0;0
2372;11;0.0074;4
2372;2;0;0
2372;3;0;0
2372;1;0.0265;1
2372;4;0.0224;1
2372;5;0.067;1
2372;7;0;0
2372;13;0;0
2372;12;0;0
2372;6;0.022;4
2372;16;0;0
2372;10;0.1209;1
2372;14;0.02;2
2372;8;0;0
2372;9;0;0
2372;15;0;0
2372;17;0;0
2374;11;0.0262;8
2374;2;0;0
2374;3;0;0
2374;1;0.0294;1
2374;4;0.0267;1
2374;5;0.067;1
2374;7;0;0
2374;13;0;0
2374;12;0;0
2374;6;0.022;8
2374;16;0;0
2374;10;0.1209;1
2374;14;0.02;2
2374;8;0;0
2374;9;0;0
2374;15;0;0
2374;17;0;0
21822;11;0;0
21822;2;0;0
21822;3;0;0
21822;1;2;21
21822;4;1.426;21
21822;5;0.325;21
21822;7;0;0
21822;13;0;0
21822;12;0;0
21822;6;0;0
21822;16;0;0
21822;10;1.7;1
21822;14;0.1;6
21822;8;0;0
21822;9;0;0
21822;15;0;0
21822;17;0;0
AC/IC-12090;11;0.0309;4
AC/IC-12090;2;0.0612;14
AC/IC-12090;3;0;0
AC/IC-12090;1;0.0594;4
AC/IC-12090;4;0;0
AC/IC-12090;5;0;0
AC/IC-12090;7;0.02475;2
AC/IC-12090;13;0.0998;2
AC/IC-12090;12;0;0
AC/IC-12090;6;0.00915;1
AC/IC-12090;16;0;0
AC/IC-12090;10;0;0
AC/IC-12090;14;0.0355;2
AC/IC-12090;8;0;0
AC/IC-12090;9;0;0
AC/IC-12090;15;0.1397;1
AC/IC-12090;17;0;0
DES149;11;0.014;1
DES149;2;0;0
DES149;3;0;0
DES149;1;0;0
DES149;4;0;0
DES149;5;0.05;1
DES149;7;0;0
DES149;13;0;0
DES149;12;0;0
DES149;6;0;0
DES149;16;0;0
DES149;10;0.08;1
DES149;14;0;0
DES149;8;0;0
DES149;9;0;0
DES149;15;0;0
DES149;17;0;0
AC/IC-140120;11;0.035683333;4
AC/IC-140120;2;0.070666667;18
AC/IC-140120;3;0;0
AC/IC-140120;1;0.068616667;4
AC/IC-140120;4;0;0
AC/IC-140120;5;0;0
AC/IC-140120;7;0.028583333;2
AC/IC-140120;13;0.115266667;2
AC/IC-140120;12;0;0
AC/IC-140120;6;0.01055;2
AC/IC-140120;16;0;0
AC/IC-140120;10;0;0
AC/IC-140120;14;0.028583333;2
AC/IC-140120;8;0;0
AC/IC-140120;9;0;0
AC/IC-140120;15;0.161333333;1
AC/IC-140120;17;0;0
IL-14090;11;0.03735;1
IL-14090;2;0.07405;19
IL-14090;3;0;0
IL-14090;1;0.07185;6
IL-14090;4;0;0
IL-14090;5;0;0
IL-14090;7;0.02995;2
IL-14090;13;0.12075;1
IL-14090;12;0;0
IL-14090;6;0.01105;1
IL-14090;16;0;0
IL-14090;10;0;0
IL-14090;14;0.05;2
IL-14090;8;0;0
IL-14090;9;0;0
IL-14090;15;0.169;1
IL-14090;17;0;0
POST-140I;11;0.007676923;2
POST-140I;2;0.0192;6
POST-140I;3;0;0
POST-140I;1;0;0
POST-140I;4;0;0
POST-140I;5;0;0
POST-140I;7;0;0
POST-140I;13;0.015361538;5
POST-140I;12;0;0
POST-140I;6;0.005376923;1
POST-140I;16;0;0
POST-140I;10;0;0
POST-140I;14;0;0
POST-140I;8;0;0
POST-140I;9;0;0
POST-140I;15;0.0215;1
POST-140I;17;0;0
AP/IP-120120;11;0.033966667;4
AP/IP-120120;2;0.0673;7
AP/IP-120120;3;0;0
AP/IP-120120;1;0.065333333;4
AP/IP-120120;4;0;0
AP/IP-120120;5;0;0
AP/IP-120120;7;0.027233333;2
AP/IP-120120;13;0.109766667;1
AP/IP-120120;12;0;0
AP/IP-120120;6;0.010033333;4
AP/IP-120120;16;0;0
AP/IP-120120;10;0;0
AP/IP-120120;14;0;0
AP/IP-120120;8;0;0
AP/IP-120120;9;0;0
AP/IP-120120;15;0.153666667;1
AP/IP-120120;17;0;0
F6061;11;0.047521429;16
F6061;2;0.063360714;8
F6061;3;0.047521429;4
F6061;1;0.042960714;1
F6061;4;0.018960714;1
F6061;5;0.034078571;1
F6061;7;0;0
F6061;13;0;0
F6061;12;0;0
F6061;6;0.015839286;4
F6061;16;0;0
F6061;10;0.031678571;1
F6061;14;0.015839286;2
F6061;8;0;0
F6061;9;0;0
F6061;15;0;0
F6061;17;0;0
F3284;11;0.0343;6
F3284;2;0.0792;6
F3284;3;0.026004286;4
F3284;1;0.0686;1
F3284;4;0.0686;1
F3284;5;0.0686;1
F3284;7;0;0
F3284;13;0;0
F3284;12;0;0
F3284;6;0.0132;6
F3284;16;0;0
F3284;10;0.0291;1
F3284;14;0.0079;2
F3284;8;0;0
F3284;9;0;0
F3284;15;0;0
F3284;17;0;0
CUBZIG90;11;0.011525;6
CUBZIG90;2;0.01345;1
CUBZIG90;3;0;0
CUBZIG90;1;0.030725;1
CUBZIG90;4;0.04415;1
CUBZIG90;5;0.0288;1
CUBZIG90;7;0;0
CUBZIG90;13;0;0
CUBZIG90;12;0;0
CUBZIG90;6;0.007675;7
CUBZIG90;16;0;0
CUBZIG90;10;0.036475;1
CUBZIG90;14;0.0096;2
CUBZIG90;8;0;0
CUBZIG90;9;0;0
CUBZIG90;15;0;0
CUBZIG90;17;0;0
KBI50P;11;0.0089;1
KBI50P;2;0;0
KBI50P;3;0;0
KBI50P;1;0;0
KBI50P;4;0;0
KBI50P;5;0;0
KBI50P;7;0;0
KBI50P;13;0;0
KBI50P;12;0.0252;1
KBI50P;6;0.0168;1
KBI50P;16;0.042;1
KBI50P;10;0;0
KBI50P;14;0;0
KBI50P;8;0;0
KBI50P;9;0;0
KBI50P;15;0;0
KBI50P;17;0;0
MOB-10AF;11;0;0
MOB-10AF;2;0;0
MOB-10AF;3;0;0
MOB-10AF;1;0.0534;2
MOB-10AF;4;0.0879;2
MOB-10AF;5;0.0173;2
MOB-10AF;7;0;0
MOB-10AF;13;0;0
MOB-10AF;12;0;0
MOB-10AF;6;0;0
MOB-10AF;16;0;0
MOB-10AF;10;0;0
MOB-10AF;14;0.0173;2
MOB-10AF;8;0;0
MOB-10AF;9;0.039;1
MOB-10AF;15;0;0
MOB-10AF;17;0;0
2376;11;0.0449;7
2376;2;0;0
2376;3;0.0359;1
2376;1;0.0265;1
2376;4;0.0223;1
2376;5;0.057;1
2376;7;0;0
2376;13;0;0
2376;12;0;0
2376;6;0.022;1
2376;16;0;0
2376;10;0.1209;1
2376;14;0.02;2
2376;8;0;0
2376;9;0;0
2376;15;0;0
2376;17;0;0
MOB-01A;11;0;0
MOB-01A;2;0;0
MOB-01A;3;0;0
MOB-01A;1;0.013;3
MOB-01A;4;0.052;3
MOB-01A;5;0.031;3
MOB-01A;7;0;0
MOB-01A;13;0;0
MOB-01A;12;0;0
MOB-01A;6;0;0
MOB-01A;16;0;0
MOB-01A;10;0.031;1
MOB-01A;14;0.013;2
MOB-01A;8;0;0
MOB-01A;9;0;0
MOB-01A;15;0;0
MOB-01A;17;0;0
650H;11;0;0
650H;2;0;0
650H;3;0;0
650H;1;0.016;1
650H;4;0.025;1
650H;5;0;0
650H;7;0;0
650H;13;0;0
650H;12;0;0
650H;6;0;0
650H;16;0;0
650H;10;0;0
650H;14;0;0
650H;8;0;0
650H;9;0.021;1
650H;15;0;0
650H;17;0;0
F3283;11;0.0356;6
F3283;2;0.0743;6
F3283;3;0.0333;4
F3283;1;0.0854;1
F3283;4;0.0854;1
F3283;5;0.0642;1
F3283;7;0;0
F3283;13;0;0
F3283;12;0;0
F3283;6;0.0174;6
F3283;16;0;0
F3283;10;0.0311;1
F3283;14;0.0208;2
F3283;8;0;0
F3283;9;0;0
F3283;15;0;0
F3283;17;0;0
113;11;0.0168;4
113;2;0;0
113;3;0;0
113;1;0.0504;3
113;4;0.0336;3
113;5;0;0
113;7;0;0
113;13;0;0
113;12;0.1176;1
113;6;0.0168;1
113;16;0.084;1
113;10;0;0
113;14;0.0168;1
113;8;0;0
113;9;0;0
113;15;0;0
113;17;0;0
F6062;11;0;0
F6062;2;0.011;2
F6062;3;0.389;5
F6062;1;0.9984;60
F6062;4;1.0629;60
F6062;5;0;0
F6062;7;0;0
F6062;13;0;0
F6062;12;0;0
F6062;6;0.1685;5
F6062;16;0;0
F6062;10;0;0
F6062;14;0.0572;8
F6062;8;0;0
F6062;9;0.9559;1
F6062;15;0;0
F6062;17;0;0
2044;11;0.04;4
2044;2;0;0
2044;3;0.027;1
2044;1;0.054;1
2044;4;0.022;1
2044;5;0;0
2044;7;0;0
2044;13;0;0
2044;12;0;0
2044;6;0.022;1
2044;16;0;0
2044;10;0;0
2044;14;0.0157;2
2044;8;0;0
2044;9;0.0333;1
2044;15;0;0
2044;17;0;0
F6144;11;0.0745;13
F6144;2;0;0
F6144;3;0;2
F6144;1;0.2012;7
F6144;4;0.1863;7
F6144;5;0;0
F6144;7;0;0
F6144;13;0;0
F6144;12;0;0
F6144;6;0.0224;2
F6144;16;0;0
F6144;10;0;0
F6144;14;0;0
F6144;8;0;0
F6144;9;0.2236;1
F6144;15;0;0
F6144;17;0;0
F6065;11;0.0594;4
F6065;2;0.4641;2
F6065;3;0.4761;1
F6065;1;0.025;2
F6065;4;0;0
F6065;5;0;0
F6065;7;0.0114;0
F6065;13;0;0
F6065;12;0;0
F6065;6;0.0648;1
F6065;16;0;0
F6065;10;0;0
F6065;14;0.1445;2
F6065;8;0;0
F6065;9;0;0
F6065;15;0.3597;1
F6065;17;0;0
229B;11;0.0286;5
229B;2;0;0
229B;3;0;0
229B;1;0.0631;1
229B;4;0.0461;1
229B;5;0;0
229B;7;0;0
229B;13;0;0
229B;12;0;0
229B;6;0;0
229B;16;0;0
229B;10;0;0
229B;14;0.0324;2
229B;8;0;0
229B;9;0.0687;1
229B;15;0;0
229B;17;0;0
21814E;11;0;0
21814E;2;0;0
21814E;3;0;0
21814E;1;0.0488;1
21814E;4;0.0904;1
21814E;5;0.0166;1
21814E;7;0;0
21814E;13;0;0
21814E;12;0;0
21814E;6;0;0
21814E;16;0;0
21814E;10;0.033;1
21814E;14;0.0158;2
21814E;8;0;0
21814E;9;0;0
21814E;15;0;0
21814E;17;0;0
21814B;11;0;0
21814B;2;0;0
21814B;3;0;0
21814B;1;0.0834;1
21814B;4;0.126;1
21814B;5;0.0166;1
21814B;7;0;0
21814B;13;0;0
21814B;12;0;0
21814B;6;0;0
21814B;16;0;0
21814B;10;0.001;1
21814B;14;0.002;2
21814B;8;0;0
21814B;9;0;0
21814B;15;0;0
21814B;17;0;0
F6126;11;0.112;8
F6126;2;0.0879;2
F6126;3;0.0987;1
F6126;1;0;0
F6126;4;0;0
F6126;5;0;0
F6126;7;0;0
F6126;13;0;0
F6126;12;0;0
F6126;6;0.00985;1
F6126;16;0;0
F6126;10;0;0
F6126;14;0.0158;2
F6126;8;0;0
F6126;9;0;0
F6126;15;0.158;1
F6126;17;0;0
F6127;11;0.0672;8
F6127;2;0.0527;2
F6127;3;0.0592;1
F6127;1;0;0
F6127;4;0;0
F6127;5;0;0
F6127;7;0;0
F6127;13;0;0
F6127;12;0;0
F6127;6;0.0059;1
F6127;16;0;0
F6127;10;0;0
F6127;14;0.0158;2
F6127;8;0;0
F6127;9;0;0
F6127;15;0.0948;1
F6127;17;0;0
2105;11;0;0
2105;2;0;0
2105;3;0;0
2105;1;0.21;7
2105;4;0.08;7
2105;5;0;0
2105;7;0;0
2105;13;0;0
2105;12;0;0
2105;6;0;0
2105;16;0;0
2105;10;0;0
2105;14;0.07;2
2105;8;0;0
2105;9;0.093;1
2105;15;0;0
2105;17;0;0
A783F;11;0.01;2
A783F;2;0;0
A783F;3;0.01;2
A783F;1;0;0
A783F;4;0;0
A783F;5;0;0
A783F;7;0;0
A783F;13;0;0
A783F;12;0;0
A783F;6;0.02;2
A783F;16;0;0
A783F;10;0.02;1
A783F;14;0;0
A783F;8;0;0
A783F;9;0;0
A783F;15;0;0
A783F;17;0;0
F6067D;11;0.007825;0
F6067D;2;0;0
F6067D;3;0;0
F6067D;1;0.0203375;1
F6067D;4;0.014875;1
F6067D;5;0;0
F6067D;7;0;0
F6067D;13;0;0
F6067D;12;0;0
F6067D;6;0;0
F6067D;16;0;0
F6067D;10;0;0
F6067D;14;0.0057375;2
F6067D;8;0;0
F6067D;9;0.022125;1
F6067D;15;0;0
F6067D;17;0;0
120SETTLAM;11;0.0166;1
120SETTLAM;2;0;0
120SETTLAM;3;0;0
120SETTLAM;1;0;0
120SETTLAM;4;0;0
120SETTLAM;5;0;0
120SETTLAM;7;0;0
120SETTLAM;13;0;0
120SETTLAM;12;0;0
120SETTLAM;6;0.00996;1
120SETTLAM;16;0;0
120SETTLAM;10;0;0
120SETTLAM;14;0;0
120SETTLAM;8;0;0
120SETTLAM;9;0;0
120SETTLAM;15;0.01509;1
120SETTLAM;17;0;0
F6177;11;0.022;3
F6177;2;0;0
F6177;3;0.033;1
F6177;1;0;0
F6177;4;0;0
F6177;5;0;0
F6177;7;0;0
F6177;13;0;0
F6177;12;0;0
F6177;6;0.0126;2
F6177;16;0;0
F6177;10;0.0264;1
F6177;14;0.012;2
F6177;8;0;0
F6177;9;0;0
F6177;15;0;0
F6177;17;0;0
LINCLBBF;11;0.0752;18
LINCLBBF;2;0;0
LINCLBBF;3;0.0438;3
LINCLBBF;1;0.2106;27
LINCLBBF;4;0.1544;27
LINCLBBF;5;0;0
LINCLBBF;7;0;0
LINCLBBF;13;0.0276;1
LINCLBBF;12;0;0
LINCLBBF;6;0.01656;4
LINCLBBF;16;0;0
LINCLBBF;10;0;0
LINCLBBF;14;0;0
LINCLBBF;8;0.12244;1
LINCLBBF;9;0;0
LINCLBBF;15;0;0
LINCLBBF;17;0;0
LINDT6630;11;0.0114;6
LINDT6630;2;0;0
LINDT6630;3;0;0
LINDT6630;1;0.0917;4
LINDT6630;4;0.12144;4
LINDT6630;5;0.142;4
LINDT6630;7;0;0
LINDT6630;13;0;0
LINDT6630;12;0;0
LINDT6630;6;0;0
LINDT6630;16;0;0
LINDT6630;10;0.0744;1
LINDT6630;14;0.0467;2
LINDT6630;8;0;0
LINDT6630;9;0;0
LINDT6630;15;0;0
LINDT6630;17;0;0
LINR4524;11;0.00102;5
LINR4524;2;0;0
LINR4524;3;0;0
LINR4524;1;0.06177;5
LINR4524;4;0.04519;5
LINR4524;5;0.04725;5
LINR4524;7;0;0
LINR4524;13;0.01;1
LINR4524;12;0;0
LINR4524;6;0;0
LINR4524;16;0;0
LINR4524;10;0.0371;1
LINR4524;14;0.0305;2
LINR4524;8;0;0
LINR4524;9;0;0
LINR4524;15;0;0
LINR4524;17;0;0
LINCRFF;11;0.0547;15
LINCRFF;2;0;0
LINCRFF;3;0.03784;2
LINCRFF;1;0.09742;22
LINCRFF;4;0.1189;22
LINCRFF;5;0;0
LINCRFF;7;0;0
LINCRFF;13;0.0276;1
LINCRFF;12;0;0
LINCRFF;6;0.01656;3
LINCRFF;16;0;0
LINCRFF;10;0;0
LINCRFF;14;0;0
LINCRFF;8;0.1189;1
LINCRFF;9;0;0
LINCRFF;15;0;0
LINCRFF;17;0;0
LINCLFF;11;0.0547;15
LINCLFF;2;0;0
LINCLFF;3;0.03783;2
LINCLFF;1;0.09741;22
LINCLFF;4;0.1189;22
LINCLFF;5;0;0
LINCLFF;7;0;0
LINCLFF;13;0.0276;1
LINCLFF;12;0;0
LINCLFF;6;0.01656;3
LINCLFF;16;0;0
LINCLFF;10;0;0
LINCLFF;14;0;0
LINCLFF;8;0.1189;1
LINCLFF;9;0;0
LINCLFF;15;0;0
LINCLFF;17;0;0
F4734;11;0.065;9
F4734;2;0.152;7
F4734;3;0.0485;1
F4734;1;0.051;4
F4734;4;0;0
F4734;5;0;0
F4734;7;0.03;2
F4734;13;0.258;5
F4734;12;0;0
F4734;6;0.042;5
F4734;16;0;0
F4734;10;0;0
F4734;14;0;0
F4734;8;0;0
F4734;9;0;0
F4734;15;0.145;1
F4734;17;0;0
UEL140D;11;0;0
UEL140D;2;0;0
UEL140D;3;0;0
UEL140D;1;0.05;1
UEL140D;4;0.05;1
UEL140D;5;0.05;1
UEL140D;7;0;0
UEL140D;13;0;0
UEL140D;12;0;0
UEL140D;6;0;0
UEL140D;16;0;0
UEL140D;10;0.0416;1
UEL140D;14;0;0
UEL140D;8;0;0
UEL140D;9;0;0
UEL140D;15;0;0
UEL140D;17;0;0
217A;11;0;0
217A;2;0.1104;1
217A;3;0.0386;1
217A;1;0.0828;1
217A;4;0.0828;1
217A;5;0.0469;1
217A;7;0;0
217A;13;0;0
217A;12;0;0
217A;6;0;0
217A;16;0;0
217A;10;0.0144;1
217A;14;0.0083;2
217A;8;0;0
217A;9;0;0
217A;15;0;0
217A;17;0;0
798B;11;0;0
798B;2;0;0
798B;3;0;0
798B;1;0.021;1
798B;4;0.02225;1
798B;5;0.04325;1
798B;7;0;0
798B;13;0;0
798B;12;0;0
798B;6;0;0
798B;16;0;0
798B;10;0.0135;1
798B;14;0.043;2
798B;8;0;0
798B;9;0;0
798B;15;0;0
798B;17;0;0
LINB4524;11;0.01678;5
LINB4524;2;0;0
LINB4524;3;0;0
LINB4524;1;0.11119;4
LINB4524;4;0.08134;4
LINB4524;5;0.08505;4
LINB4524;7;0;0
LINB4524;13;0;0
LINB4524;12;0;0
LINB4524;6;0;0
LINB4524;16;0;0
LINB4524;10;0.06678;1
LINB4524;14;0.0549;2
LINB4524;8;0;0
LINB4524;9;0;0
LINB4524;15;0;0
LINB4524;17;0;0
1230;11;0.225;9
1230;2;0.2574;39
1230;3;0.3096;14
1230;1;0.0636;3
1230;4;0.225;3
1230;5;0.225;3
1230;7;0;0
1230;13;0;0
1230;12;0;0
1230;6;0.063;14
1230;16;0;0
1230;10;0.144;1
1230;14;0.063;2
1230;8;0;0
1230;9;0;0
1230;15;0;0
1230;17;0;0
LINDT6624;11;0.0114;6
LINDT6624;2;0;0
LINDT6624;3;0;0
LINDT6624;1;0.07336;4
LINDT6624;4;0.1093;4
LINDT6624;5;0.1278;4
LINDT6624;7;0;0
LINDT6624;13;0;0
LINDT6624;12;0;0
LINDT6624;6;0;0
LINDT6624;16;0;0
LINDT6624;10;0.05952;1
LINDT6624;14;0.03736;2
LINDT6624;8;0;0
LINDT6624;9;0;0
LINDT6624;15;0;0
LINDT6624;17;0;0
LINDFLL;11;0;0
LINDFLL;2;0;0
LINDFLL;3;0;0
LINDFLL;1;0.06675;9
LINDFLL;4;0.06144;9
LINDFLL;5;0;0
LINDFLL;7;0;0
LINDFLL;13;0;0
LINDFLL;12;0;0
LINDFLL;6;0;0
LINDFLL;16;0;0
LINDFLL;10;0;0
LINDFLL;14;0.025;2
LINDFLL;8;0.06144;1
LINDFLL;9;0;0
LINDFLL;15;0;0
LINDFLL;17;0;0
F6186;11;0;0
F6186;2;0.09585;1
F6186;3;0.1104;3
F6186;1;0.0487;1
F6186;4;0.03615;1
F6186;5;0.09975;1
F6186;7;0;0
F6186;13;0;0
F6186;12;0;0
F6186;6;0.0259;3
F6186;16;0;0
F6186;10;0.03135;1
F6186;14;0.07225;2
F6186;8;0;0
F6186;9;0;0
F6186;15;0;0
F6186;17;0;0
246A;11;0;0
246A;2;0;0
246A;3;0;0
246A;1;0.072;1
246A;4;0.0388;1
246A;5;0.0236;1
246A;7;0;0
246A;13;0;0
246A;12;0;0
246A;6;0;0
246A;16;0;0
246A;10;0.0338;1
246A;14;0.024;2
246A;8;0;0
246A;9;0;0
246A;15;0;0
246A;17;0;0
MOB-04.1CLD;11;0;0
MOB-04.1CLD;2;0;0
MOB-04.1CLD;3;0;0
MOB-04.1CLD;1;0.0392;1
MOB-04.1CLD;4;0.0312;1
MOB-04.1CLD;5;0;0
MOB-04.1CLD;7;0;0
MOB-04.1CLD;13;0;0
MOB-04.1CLD;12;0;0
MOB-04.1CLD;6;0;0
MOB-04.1CLD;16;0;0
MOB-04.1CLD;10;0;0
MOB-04.1CLD;14;0.0113;2
MOB-04.1CLD;8;0;0
MOB-04.1CLD;9;0.0338;1
MOB-04.1CLD;15;0;0
MOB-04.1CLD;17;0;0
FC-6018B;11;0;0
FC-6018B;2;0;0
FC-6018B;3;0;0
FC-6018B;1;0.2;1
FC-6018B;4;0.122;1
FC-6018B;5;0.022;1
FC-6018B;7;0;0
FC-6018B;13;0;0
FC-6018B;12;0;0
FC-6018B;6;0;0
FC-6018B;16;0;0
FC-6018B;10;0.15;1
FC-6018B;14;0.01;2
FC-6018B;8;0;0
FC-6018B;9;0;0
FC-6018B;15;0;0
FC-6018B;17;0;0
22501021;11;0.0048;1
22501021;2;0;0
22501021;3;0;0
22501021;1;0;0
22501021;4;0;0
22501021;5;0;0
22501021;7;0;0
22501021;13;0;0
22501021;12;0;0
22501021;6;0;0
22501021;16;0;0
22501021;10;0;0
22501021;14;0;0
22501021;8;0;0
22501021;9;0;0
22501021;15;0;0
22501021;17;0;0
F6109;11;0;0
F6109;2;0;0
F6109;3;0;0
F6109;1;0.7429;20
F6109;4;0.5241;20
F6109;5;0;0
F6109;7;0;0
F6109;13;0;0
F6109;12;0;0
F6109;6;0;0
F6109;16;0;0
F6109;10;0;0
F6109;14;0.1896;4
F6109;8;0;0
F6109;9;1.0143;1
F6109;15;0;0
F6109;17;0;0
F6220;11;0;0
F6220;2;0;0
F6220;3;0;0
F6220;1;0;0
F6220;4;0;0
F6220;5;0;0
F6220;7;0;0
F6220;13;0;0
F6220;12;0;0
F6220;6;0;0
F6220;16;0;0
F6220;10;0.0209;1
F6220;14;0.048161538;2
F6220;8;0;0
F6220;9;0;0
F6220;15;0;0
F6220;17;0;0
22110001;11;0;0
22110001;2;0;0
22110001;3;0;0
22110001;1;0;0
22110001;4;0;0
22110001;5;0;0
22110001;7;0;0
22110001;13;0;0
22110001;12;0;0
22110001;6;0.0005;1
22110001;16;0;0
22110001;10;0;0
22110001;14;0;0
22110001;8;0;0
22110001;9;0;0
22110001;15;0;0
22110001;17;0;0
LINDLFF;11;0.05744;15
LINDLFF;2;0;0
LINDLFF;3;0.03972;2
LINDLFF;1;0.10228;22
LINDLFF;4;0.12485;22
LINDLFF;5;0;0
LINDLFF;7;0;0
LINDLFF;13;0.02898;1
LINDLFF;12;0;0
LINDLFF;6;0.01739;3
LINDLFF;16;0;0
LINDLFF;10;0;0
LINDLFF;14;0.0198;0
LINDLFF;8;0.12485;1
LINDLFF;9;0;0
LINDLFF;15;0;0
LINDLFF;17;0;0
LINDRFF;11;0.05744;15
LINDRFF;2;0;0
LINDRFF;3;0.03972;2
LINDRFF;1;0.10228;22
LINDRFF;4;0.12485;22
LINDRFF;5;0;0
LINDRFF;7;0;0
LINDRFF;13;0.02898;1
LINDRFF;12;0;0
LINDRFF;6;0.01739;3
LINDRFF;16;0;0
LINDRFF;10;0;0
LINDRFF;14;0.0198;0
LINDRFF;8;0.12485;1
LINDRFF;9;0;0
LINDRFF;15;0;0
LINDRFF;17;0;0
2309;11;0.056;19
2309;2;0;0
2309;3;0.025;1
2309;1;0;0
2309;4;0;0
2309;5;0;0
2309;7;0.208;1
2309;13;0;0
2309;12;0;0
2309;6;0.022;1
2309;16;0;0
2309;10;0.038;1
2309;14;0.0465;2
2309;8;0;0
2309;9;0;0
2309;15;0;0
2309;17;0;0
2103;11;0;0
2103;2;0;0
2103;3;0;0
2103;1;0.21;7
2103;4;0.08;7
2103;5;0;0
2103;7;0;0
2103;13;0;0
2103;12;0;0
2103;6;0;0
2103;16;0;0
2103;10;0;0
2103;14;0.0465;2
2103;8;0;0
2103;9;0.093;1
2103;15;0;0
2103;17;0;0
LINH66;11;0;0
LINH66;2;0;0
LINH66;3;0;0
LINH66;1;0.18202;19
LINH66;4;0.28177;19
LINH66;5;0;0
LINH66;7;0;0
LINH66;13;0;0
LINH66;12;0;0
LINH66;6;0;0
LINH66;16;0;0
LINH66;10;0;0
LINH66;14;0.02375;6
LINH66;8;0;0
LINH66;9;0.4589;1
LINH66;15;0;0
LINH66;17;0;0
